"id","name","slug","category","file","source_url","origin","bytes","sha256"
"GDT-0011","Abdução de quadril com cabo","abducao-de-quadril-com-cabo","Glúteos","gifs/gluteos/abducao-de-quadril-com-cabo.gif","https://www.gifdotreino.com/Exercicios/Gl%C3%BAteos/Abdu%C3%A7%C3%A3o%20de%20quadril%20com%20cabo.gif","catalog-api","3706891","af316d9a9fde2a9122a431ede1df3dd3cd8b0cf9df7fd3e16bcee9176c50798f"
"GDT-0002","Abdução de Quadril com Faixa","abducao-de-quadril-com-faixa","Funcional e HIT","gifs/funcional-e-hit/abducao-de-quadril-com-faixa.gif","https://www.gifdotreino.com/Exercicios/Funcional%20e%20HIT/Abdu%C3%A7%C3%A3o%20de%20Quadril%20com%20Faixa.gif","catalog-api","1431902","a3c6ef8292fcd0d17e17a4b137d39ae6cac1ec07262b4f8e5d4f0f2c7a6c767f"
"GDT-0004","Abdução de Quadril com Ponte","abducao-de-quadril-com-ponte","Glúteos","gifs/gluteos/abducao-de-quadril-com-ponte.gif","https://www.gifdotreino.com/Exercicios/Gl%C3%BAteos/Abdu%C3%A7%C3%A3o%20de%20Quadril%20com%20Ponte.gif","catalog-api","2836850","edade42b10827f99193a5755b73fbf6cf96a2608083b3bc2e70448894b5cf411"
"GDT-0006","Abdução de Quadril em Decúbito Lateral","abducao-de-quadril-em-decubito-lateral","Funcional e HIT","gifs/funcional-e-hit/abducao-de-quadril-em-decubito-lateral.gif","https://www.gifdotreino.com/Exercicios/Funcional%20e%20HIT/Abdu%C3%A7%C3%A3o%20de%20Quadril%20em%20Dec%C3%BAbito%20Lateral.gif","catalog-api","1331864","9cf0d29aa0f7a9164b50442a2aa752ada10ce315e552bf309c118a7f7bd60cfd"
"GDT-0008","Abdução de Quadril em Pé","abducao-de-quadril-em-pe","Funcional e HIT","gifs/funcional-e-hit/abducao-de-quadril-em-pe.gif","https://www.gifdotreino.com/Exercicios/Funcional%20e%20HIT/Abdu%C3%A7%C3%A3o%20de%20Quadril%20em%20P%C3%A9.gif","catalog-api","1462378","d77254f9701396992f5f262506b2ffc3bf288d8e94ab8cf68f7b4bd2eff91209"
"GDT-0003","Abdução de Quadril Lateral","abducao-de-quadril-lateral","Funcional e HIT","gifs/funcional-e-hit/abducao-de-quadril-lateral.gif","https://www.gifdotreino.com/Exercicios/Funcional%20e%20HIT/Abdu%C3%A7%C3%A3o%20de%20Quadril%20Lateral.gif","catalog-api","2426448","36591f7540ab08a2bcbe24449da7731e89e7119b12a546bcc20e5fbb84a8148d"
"GDT-0005","Abdução de Quadril Sentado com Faixa Elástica","abducao-de-quadril-sentado-com-faixa-elastica","Funcional e HIT","gifs/funcional-e-hit/abducao-de-quadril-sentado-com-faixa-elastica.gif","https://www.gifdotreino.com/Exercicios/Funcional%20e%20HIT/Abdu%C3%A7%C3%A3o%20de%20Quadril%20Sentado%20com%20Faixa%20El%C3%A1stica.gif","catalog-api","3486718","28e9e41d85fdd9e187ffd7ff3e73c28cde6118a577191becff5d6d029d152e59"
"GDT-0001","Abdução Lateral do Quadril com Alavanca","abducao-lateral-do-quadril-com-alavanca","Glúteos","gifs/gluteos/abducao-lateral-do-quadril-com-alavanca.gif","https://www.gifdotreino.com/Exercicios/Gl%C3%BAteos/Abdu%C3%A7%C3%A3o%20Lateral%20do%20Quadril%20com%20Alavanca.gif","catalog-api","3682437","76a0585ed3530e07639efc18bf4ea70f1393201173a445d13751f0fe4ca10c39"
"GDT-0009","Abraços nos Joelhos em Pé","abracos-nos-joelhos-em-pe","Mobilidade","gifs/mobilidade/abracos-nos-joelhos-em-pe.gif","https://www.gifdotreino.com/Exercicios/Mobilidade/Abra%C3%A7os%20nos%20Joelhos%20em%20P%C3%A9.gif","catalog-api","1972541","5625f3b8c8b4b69093cf6d3852c6a89967e5142ffb377953ce0a14c137cfbeae"
"GDT-0007","Adução de Ombro com Faixa Elástica","aducao-de-ombro-com-faixa-elastica","Funcional e HIT","gifs/funcional-e-hit/aducao-de-ombro-com-faixa-elastica.gif","https://www.gifdotreino.com/Exercicios/Funcional%20e%20HIT/Adu%C3%A7%C3%A3o%20de%20Ombro%20com%20Faixa%20El%C3%A1stica.gif","catalog-api","2175795","63690910f82557d8f3da73c17aa5013e8c5eb92a278194cc0e35e36e3973205f"
"GDT-0958","adução de pernas (alongamento do adutor maior)","aducao-de-pernas-alongamento-do-adutor-maior","Mobilidade","gifs/mobilidade/aducao-de-pernas-alongamento-do-adutor-maior.gif","https://www.gifdotreino.com/Exercicios/Mobilidade/adu%C3%A7%C3%A3o%20de%20pernas%20(alongamento%20do%20adutor%20maior).gif","catalog-api","3314657","e9640a8efd2bcbadfc241467639430dccaef8fb9e8497ceee997b2c491573d9a"
"GDT-0010","Adução de quadril deitado de lado","aducao-de-quadril-deitado-de-lado","Mobilidade","gifs/mobilidade/aducao-de-quadril-deitado-de-lado.gif","https://www.gifdotreino.com/Exercicios/Mobilidade/Adu%C3%A7%C3%A3o%20de%20quadril%20deitado%20de%20lado.gif","catalog-api","2334885","50a3a7eec880b7ebcc23d11d0b7a3c4cd6d3bf4024540840e3d8178a61b2366b"
"GDT-0015","Adução do Quadril com Cabo","aducao-do-quadril-com-cabo","Pernas","gifs/pernas/aducao-do-quadril-com-cabo.gif","https://www.gifdotreino.com/Exercicios/Pernas/Adu%C3%A7%C3%A3o%20do%20Quadril%20com%20Cabo.gif","catalog-api","4087554","017f2b50c0367e577f78bb8c1ef868b6f5c30b7b6a3ea5b26532d53d7323ea3f"
"GDT-0014","Adução do Quadril Lateral com Alavanca","aducao-do-quadril-lateral-com-alavanca","Pernas","gifs/pernas/aducao-do-quadril-lateral-com-alavanca.gif","https://www.gifdotreino.com/Exercicios/Pernas/Adu%C3%A7%C3%A3o%20do%20Quadril%20Lateral%20com%20Alavanca.gif","catalog-api","3059046","d0f99cd7fcd5988ddec7483334fbe5ef335745768ffb9f8a90e059ad6a531c06"
"GDT-0012","Afundo","afundo","Calistenia","gifs/calistenia/afundo.gif","https://www.gifdotreino.com/Exercicios/Calistenia/Afundo.gif","catalog-api","2881762","fc602a542d5afa607b994b5fa8248e884b8ab84e2f4d314c921139993d7bb549"
"GDT-0013","Afundo Alternado com Salto","afundo-alternado-com-salto","Funcional e HIT","gifs/funcional-e-hit/afundo-alternado-com-salto.gif","https://www.gifdotreino.com/Exercicios/Funcional%20e%20HIT/Afundo%20Alternado%20com%20Salto.gif","catalog-api","3064322","249d59842be2bebb1397aee4461028ba5b345f2668ab7f347013a68c87869813"
"GDT-0019","Afundo com Barra","afundo-com-barra","Pernas","gifs/pernas/afundo-com-barra.gif","https://www.gifdotreino.com/Exercicios/Pernas/Afundo%20com%20Barra.gif","catalog-api","3129749","139f21395ebf7be5bb36c60777b24b4edd916a05fc4ea1fbc1dfee9c626a8e3f"
"GDT-0021","Afundo com Gymstick","afundo-com-gymstick","Funcional e HIT","gifs/funcional-e-hit/afundo-com-gymstick.gif","https://www.gifdotreino.com/Exercicios/Funcional%20e%20HIT/Afundo%20com%20Gymstick.gif","catalog-api","3172191","9abf8554bc761785893d83381662e9cdbe0a9e13292bdbad114c0fb8476dbc78"
"GDT-0020","Afundo com Halteres","afundo-com-halteres","Pernas","gifs/pernas/afundo-com-halteres.gif","https://www.gifdotreino.com/Exercicios/Pernas/Afundo%20com%20Halteres.gif","catalog-api","2731032","eb028f22beebf52d21cfb159c54f22d40b675f621e3d24f17ef46a97062bed52"
"GDT-0022","Afundo com landmine","afundo-com-landmine","Pernas","gifs/pernas/afundo-com-landmine.gif","https://www.gifdotreino.com/Exercicios/Pernas/Afundo%20com%20landmine.gif","catalog-api","2035867","cbb4a7aadd1a4a693c47e11594d5cfabe7399c1608732299fd5ab4d406009e2d"
"GDT-0017","Afundo Lateral","afundo-lateral","Funcional e HIT","gifs/funcional-e-hit/afundo-lateral.gif","https://www.gifdotreino.com/Exercicios/Funcional%20e%20HIT/Afundo%20Lateral.gif","catalog-api","3140200","42049265076674d662e70b46efeb83bbad46796f76f3172acbaa0e35d4844b8c"
"GDT-0016","Afundo Lateral com Barra","afundo-lateral-com-barra","Pernas","gifs/pernas/afundo-lateral-com-barra.gif","https://www.gifdotreino.com/Exercicios/Pernas/Afundo%20Lateral%20com%20Barra.gif","catalog-api","3078631","93b0870ba07cece3f3c2ee083d501cf5f72871a858017191042b57453fed4de0"
"GDT-0023","Afundo na Máquina Smith","afundo-na-maquina-smith","Pernas","gifs/pernas/afundo-na-maquina-smith.gif","https://www.gifdotreino.com/Exercicios/Pernas/Afundo%20na%20M%C3%A1quina%20Smith.gif","catalog-api","3438893","0bafbb62a916aff8b2369f9c7264a0baac17a4596a0ffa850d15d551cc43b795"
"GDT-0024","Afundo no banco","afundo-no-banco","Calistenia","gifs/calistenia/afundo-no-banco.gif","https://www.gifdotreino.com/Exercicios/Calistenia/Afundo%20no%20banco.gif","catalog-api","2197235","4b7941f7b276189507616353733e716debc742150895d7c521c91e554ef57263"
"GDT-0025","Afundo no banco com halteres","afundo-no-banco-com-halteres","Pernas","gifs/pernas/afundo-no-banco-com-halteres.gif","https://www.gifdotreino.com/Exercicios/Pernas/Afundo%20no%20banco%20com%20halteres.gif","catalog-api","2237766","248f4d2b59d8ea45718cf3c8cb1507327b1e713643813357bba57f417127ad8b"
"GDT-0018","Afundo Profundo","afundo-profundo","Calistenia","gifs/calistenia/afundo-profundo.gif","https://www.gifdotreino.com/Exercicios/Calistenia/Afundo%20Profundo.gif","catalog-api","3100703","cc8369de4b281ce25975e7c0352b3d93c5f9e4b566446faae052954d2302a0f7"
"GDT-0026","Agachamento","agachamento","Calistenia","gifs/calistenia/agachamento.gif","https://www.gifdotreino.com/Exercicios/Calistenia/Agachamento.gif","catalog-api","2333727","9bf078772d3b4afde76826ec8dffc878544353af72b2660d59e7178cb9f1ca2b"
"GDT-0028","Agachamento Barra","agachamento-barra","Pernas","gifs/pernas/agachamento-barra.gif","https://www.gifdotreino.com/Exercicios/Pernas/Agachamento%20Barra.gif","catalog-api","3125929","54c82c90df98e89d81c21a70017fb47afe9df78ebe80a2d1dc04056d7dc30337"
"GDT-0027","Agachamento Búlgaro Calistenia","agachamento-bulgaro-calistenia","Calistenia","gifs/calistenia/agachamento-bulgaro-calistenia.gif","https://www.gifdotreino.com/Exercicios/Calistenia/Agachamento%20B%C3%BAlgaro%20Calistenia.gif","catalog-api","2878720","ffd207587879a06eb5589d2454af141e9ab50ae08c0c1314575a7657d8306bba"
"GDT-0029","Agachamento Búlgaro com Barra","agachamento-bulgaro-com-barra","Pernas","gifs/pernas/agachamento-bulgaro-com-barra.gif","https://www.gifdotreino.com/Exercicios/Pernas/Agachamento%20B%C3%BAlgaro%20com%20Barra.gif","catalog-api","3200322","3d8e66d6ef20522e3511d6ba3b767a0459948ca206f0177142a0250b4c842334"
"GDT-0044","Agachamento Búlgaro com Halteres","agachamento-bulgaro-com-halteres","Pernas","gifs/pernas/agachamento-bulgaro-com-halteres.gif","https://www.gifdotreino.com/Exercicios/Pernas/Agachamento%20B%C3%BAlgaro%20com%20Halteres.gif","catalog-api","2856284","263022d5fd716feda638a41ba8807dda9778ccd8b5c37dcb088ae7534b761f57"
"GDT-0034","Agachamento Búlgaro com Peso Corporal","agachamento-bulgaro-com-peso-corporal","Funcional e HIT","gifs/funcional-e-hit/agachamento-bulgaro-com-peso-corporal.gif","https://www.gifdotreino.com/Exercicios/Funcional%20e%20HIT/Agachamento%20B%C3%BAlgaro%20com%20Peso%20Corporal.gif","catalog-api","2940587","e41acfd7bfccffb91e9410a601b894830672028371103d7ec33ead3c2a2bf4a5"
"GDT-0057","Agachamento búlgaro com salto","agachamento-bulgaro-com-salto","Calistenia","gifs/calistenia/agachamento-bulgaro-com-salto.gif","https://www.gifdotreino.com/Exercicios/Calistenia/Agachamento%20b%C3%BAlgaro%20com%20salto.gif","catalog-api","3512482","6772ffa04f155fb2f21819cf72b894ebe5049d50eda53f8f917e9dbcdbfde9ef"
"GDT-0033","Agachamento Camarão","agachamento-camarao","Calistenia","gifs/calistenia/agachamento-camarao.gif","https://www.gifdotreino.com/Exercicios/Calistenia/Agachamento%20Camar%C3%A3o.gif","catalog-api","2339902","981f0611e0ccdc4721e3bc23cc97451a5f686ac5cfd0c99856ab0e39a506f720"
"GDT-0075","Agachamento com barra e salto","agachamento-com-barra-e-salto","Crossfit","gifs/crossfit/agachamento-com-barra-e-salto.gif","https://www.gifdotreino.com/Exercicios/Crossfit/Agachamento%20com%20barra%20e%20salto.gif","catalog-api","4313896","a16b52ac5a37c8282b137dfcda833d3f28b30dc61020cf8b10c33ce7365bcf3d"
"GDT-0076","Agachamento com barra no chão seguido de levantamento militar","agachamento-com-barra-no-chao-seguido-de-levantamento-militar","Crossfit","gifs/crossfit/agachamento-com-barra-no-chao-seguido-de-levantamento-militar.gif","https://www.gifdotreino.com/Exercicios/Crossfit/Agachamento%20com%20barra%20no%20ch%C3%A3o%20seguido%20de%20levantamento%20militar.gif","catalog-api","2820295","a74e2968deeb7a5c34109bc87e333537d659b455e2f23e14ae2b1f25036e8c0d"
"GDT-0060","Agachamento com Barra Sobre a Cabeça","agachamento-com-barra-sobre-a-cabeca","Crossfit","gifs/crossfit/agachamento-com-barra-sobre-a-cabeca.gif","https://www.gifdotreino.com/Exercicios/Crossfit/Agachamento%20com%20Barra%20Sobre%20a%20Cabe%C3%A7a.gif","catalog-api","2618682","dea899d760f58d8ebb74a51dc73b317cb7ab18320939a7955c5fb291345f35a8"
"GDT-0062","Agachamento com Chute Lateral e Toque no Calcanhar","agachamento-com-chute-lateral-e-toque-no-calcanhar","Funcional e HIT","gifs/funcional-e-hit/agachamento-com-chute-lateral-e-toque-no-calcanhar.gif","https://www.gifdotreino.com/Exercicios/Funcional%20e%20HIT/Agachamento%20com%20Chute%20Lateral%20e%20Toque%20no%20Calcanhar.gif","catalog-api","2588559","8678172072528fb0150ffca39c5fd3c68d445cf20e8a4d9d75c0aaea9472f753"
"GDT-0059","Agachamento com Cinto","agachamento-com-cinto","Pernas","gifs/pernas/agachamento-com-cinto.gif","https://www.gifdotreino.com/Exercicios/Pernas/Agachamento%20com%20Cinto.gif","catalog-api","4786888","47436b4b1131266f92d3bc69d5e17ab4c4000f5e31ca30c52b69f168dedb26b7"
"GDT-0063","Agachamento com Elevação dos Joelhos","agachamento-com-elevacao-dos-joelhos","Funcional e HIT","gifs/funcional-e-hit/agachamento-com-elevacao-dos-joelhos.gif","https://www.gifdotreino.com/Exercicios/Funcional%20e%20HIT/Agachamento%20com%20Eleva%C3%A7%C3%A3o%20dos%20Joelhos.gif","catalog-api","2763266","6f041aff9ddd02cd06e816f5b0968205e26f24e18dd35c38060167ff03247875"
"GDT-0061","Agachamento com Faixa Elástica em Afundo","agachamento-com-faixa-elastica-em-afundo","Funcional e HIT","gifs/funcional-e-hit/agachamento-com-faixa-elastica-em-afundo.gif","https://www.gifdotreino.com/Exercicios/Funcional%20e%20HIT/Agachamento%20com%20Faixa%20El%C3%A1stica%20em%20Afundo.gif","catalog-api","3340597","7d11efd0eaef29bc0a76539aa48caa720e2f5df4a03e4c099d693ac70b719972"
"GDT-0064","Agachamento com Faixa Elástica sobre a Cabeça","agachamento-com-faixa-elastica-sobre-a-cabeca","Funcional e HIT","gifs/funcional-e-hit/agachamento-com-faixa-elastica-sobre-a-cabeca.gif","https://www.gifdotreino.com/Exercicios/Funcional%20e%20HIT/Agachamento%20com%20Faixa%20El%C3%A1stica%20sobre%20a%20Cabe%C3%A7a.gif","catalog-api","2552703","3927ec7c2413b5417cfe8e7c31dae52e83c35265d68e609a942d37c3a78cb82e"
"GDT-0065","Agachamento com Gymstick","agachamento-com-gymstick","Funcional e HIT","gifs/funcional-e-hit/agachamento-com-gymstick.gif","https://www.gifdotreino.com/Exercicios/Funcional%20e%20HIT/Agachamento%20com%20Gymstick.gif","catalog-api","2827992","21ffc120fe95b3122340eab79aac151f123bc49082f7d2ef71b3e2687fcb0452"
"GDT-0068","Agachamento com Halteres no Banco","agachamento-com-halteres-no-banco","Pernas","gifs/pernas/agachamento-com-halteres-no-banco.gif","https://www.gifdotreino.com/Exercicios/Pernas/Agachamento%20com%20Halteres%20no%20Banco.gif","catalog-api","2620226","089d132bd7d070763de149f96896cdb8d768a3cd9b439d7e9b4245cc21e4be39"
"GDT-0070","Agachamento com Joelho Elevado","agachamento-com-joelho-elevado","Calistenia","gifs/calistenia/agachamento-com-joelho-elevado.gif","https://www.gifdotreino.com/Exercicios/Calistenia/Agachamento%20com%20Joelho%20Elevado.gif","catalog-api","2733041","8acd67cdd91098459064db42dcfdf5c94cd767526e667d05c14d08742a460739"
"GDT-0077","Agachamento com kettlebell","agachamento-com-kettlebell","Pernas","gifs/pernas/agachamento-com-kettlebell.gif","https://www.gifdotreino.com/Exercicios/Pernas/Agachamento%20com%20kettlebell.gif","catalog-api","2335497","af4327cb20808da93708767df55788e1092e6ced3a1ade9fe2ead81756dd11e2"
"GDT-0069","Agachamento com Salto","agachamento-com-salto","Calistenia","gifs/calistenia/agachamento-com-salto.gif","https://www.gifdotreino.com/Exercicios/Calistenia/Agachamento%20com%20Salto.gif","catalog-api","2028704","e2f63933e7f9f3b9ffa53032158b6cbb35534d50bb8c1c0357e302f0d5e759aa"
"GDT-0072","Agachamento com salto ajoelhado","agachamento-com-salto-ajoelhado","Crossfit","gifs/crossfit/agachamento-com-salto-ajoelhado.gif","https://www.gifdotreino.com/Exercicios/Crossfit/Agachamento%20com%20salto%20ajoelhado.gif","catalog-api","3371369","b52c07233abfe374b6ca829079e406e4ed6f7f4ede5c5f095716cb8dc600c1f2"
"GDT-0073","Agachamento com salto e halteres","agachamento-com-salto-e-halteres","Pernas","gifs/pernas/agachamento-com-salto-e-halteres.gif","https://www.gifdotreino.com/Exercicios/Pernas/Agachamento%20com%20salto%20e%20halteres.gif","catalog-api","2199233","0831c30b950eb9fe07d4e541c9f89ba1338728d7920d2c062370cb4a23de5022"
"GDT-0066","Agachamento com Salto usando Barra Hexagonal","agachamento-com-salto-usando-barra-hexagonal","Crossfit","gifs/crossfit/agachamento-com-salto-usando-barra-hexagonal.gif","https://www.gifdotreino.com/Exercicios/Crossfit/Agachamento%20com%20Salto%20usando%20Barra%20Hexagonal.gif","catalog-api","2497655","a870d4cf13283a50cdf2cbefa784117f9dba42aa09c75b04a7df44ca0eb4fbde"
"GDT-0067","Agachamento com Sustentação e Elevação de Panturrilhas","agachamento-com-sustentacao-e-elevacao-de-panturrilhas","Calistenia","gifs/calistenia/agachamento-com-sustentacao-e-elevacao-de-panturrilhas.gif","https://www.gifdotreino.com/Exercicios/Calistenia/Agachamento%20com%20Sustenta%C3%A7%C3%A3o%20e%20Eleva%C3%A7%C3%A3o%20de%20Panturrilhas.gif","catalog-api","2936222","9eb7ed9d2012399841c78082c7c85c1f130625a4be3ba0b0c5daa5e228fa2bc8"
"GDT-0071","Agachamento com Trava","agachamento-com-trava","Pernas","gifs/pernas/agachamento-com-trava.gif","https://www.gifdotreino.com/Exercicios/Pernas/Agachamento%20com%20Trava.gif","catalog-api","3266771","4053ab036c530cd8b8730b2507ca4b2286054e857943eb251f007e92d9b6dd5e"
"GDT-0030","Agachamento Cossaco","agachamento-cossaco","Funcional e HIT","gifs/funcional-e-hit/agachamento-cossaco.gif","https://www.gifdotreino.com/Exercicios/Funcional%20e%20HIT/Agachamento%20Cossaco.gif","catalog-api","3066036","88356c85eadd2df87324b869fe3b02bcd2d454062f63181a77b7213c5d3dd893"
"GDT-0031","Agachamento Dividido Profundo","agachamento-dividido-profundo","Funcional e HIT","gifs/funcional-e-hit/agachamento-dividido-profundo.gif","https://www.gifdotreino.com/Exercicios/Funcional%20e%20HIT/Agachamento%20Dividido%20Profundo.gif","catalog-api","3144144","ecc46f2d4ad92771bfbaa8988163224480102ef344e27279e7148efada7360c9"
"GDT-0074","Agachamento e press com kettlebell","agachamento-e-press-com-kettlebell","Crossfit","gifs/crossfit/agachamento-e-press-com-kettlebell.gif","https://www.gifdotreino.com/Exercicios/Crossfit/Agachamento%20e%20press%20com%20kettlebell.gif","catalog-api","2567676","4878449405729cb6b1bbdd65a7285ee0e0511bb1083e22716a975cfd7feda892"
"GDT-0078","Agachamento em plié com halteres","agachamento-em-plie-com-halteres","Pernas","gifs/pernas/agachamento-em-plie-com-halteres.gif","https://www.gifdotreino.com/Exercicios/Pernas/Agachamento%20em%20pli%C3%A9%20com%20halteres.gif","catalog-api","2558396","5586d730fa2a31fd83a775af13f19fdd7b5aeda745f8ce35c98e44d77c716a04"
"GDT-0032","Agachamento Frontal","agachamento-frontal","Pernas","gifs/pernas/agachamento-frontal.gif","https://www.gifdotreino.com/Exercicios/Pernas/Agachamento%20Frontal.gif","catalog-api","2796888","2062099f41548d6bbe877bda138716d711c02a772be10e64e4242c1f4d738e86"
"GDT-0035","Agachamento Frontal com Barra no Banco","agachamento-frontal-com-barra-no-banco","Pernas","gifs/pernas/agachamento-frontal-com-barra-no-banco.gif","https://www.gifdotreino.com/Exercicios/Pernas/Agachamento%20Frontal%20com%20Barra%20no%20Banco.gif","catalog-api","3367915","b601c4f3cbfd0dcd919ff48be994305d2b93b3d6bc4b122931046d6c8a9c4a29"
"GDT-0037","Agachamento Frontal com Barra no Smith","agachamento-frontal-com-barra-no-smith","Pernas","gifs/pernas/agachamento-frontal-com-barra-no-smith.gif","https://www.gifdotreino.com/Exercicios/Pernas/Agachamento%20Frontal%20com%20Barra%20no%20Smith.gif","catalog-api","3352059","ab20a321ba28ee6c2b162896f39170250e6ae40c393017407f36d437d5fb4823"
"GDT-0046","Agachamento Frontal com Cabo","agachamento-frontal-com-cabo","Pernas","gifs/pernas/agachamento-frontal-com-cabo.gif","https://www.gifdotreino.com/Exercicios/Pernas/Agachamento%20Frontal%20com%20Cabo.gif","catalog-api","3702592","ad570d2c811579baca7e0801d6e9a4f3c660ad8218dd45e456bafbcb61f515ce"
"GDT-0036","Agachamento Frontal com Kettlebell","agachamento-frontal-com-kettlebell","Pernas","gifs/pernas/agachamento-frontal-com-kettlebell.gif","https://www.gifdotreino.com/Exercicios/Pernas/Agachamento%20Frontal%20com%20Kettlebell.gif","catalog-api","2337631","991f8a4af466fe2dc34b5e6569d3a0e9e234cee7a9d45817175f8a0e57132b07"
"GDT-0038","Agachamento Frontal com Polia","agachamento-frontal-com-polia","Pernas","gifs/pernas/agachamento-frontal-com-polia.gif","https://www.gifdotreino.com/Exercicios/Pernas/Agachamento%20Frontal%20com%20Polia.gif","catalog-api","3744485","906b9191966d1570e886d05467f6aab81cc4a947f7e074b980312e347bb41465"
"GDT-0045","Agachamento Funcional","agachamento-funcional","Funcional e HIT","gifs/funcional-e-hit/agachamento-funcional.gif","https://www.gifdotreino.com/Exercicios/Funcional%20e%20HIT/Agachamento%20Funcional.gif","catalog-api","2369685","59abcce306298ee08c701ed73c43a9141a0825437e6888937911ab0b32772d11"
"GDT-0039","Agachamento Goblet com Haltere","agachamento-goblet-com-haltere","Pernas","gifs/pernas/agachamento-goblet-com-haltere.gif","https://www.gifdotreino.com/Exercicios/Pernas/Agachamento%20Goblet%20com%20Haltere.gif","catalog-api","2281031","7a7b6137ceb5d82ee34d6c597366a94fbf2774d8b039e1c03b74be805f02f4ac"
"GDT-0040","Agachamento Goblet com Kettlebell e Faixa Elástica","agachamento-goblet-com-kettlebell-e-faixa-elastica","Funcional e HIT","gifs/funcional-e-hit/agachamento-goblet-com-kettlebell-e-faixa-elastica.gif","https://www.gifdotreino.com/Exercicios/Funcional%20e%20HIT/Agachamento%20Goblet%20com%20Kettlebell%20e%20Faixa%20El%C3%A1stica.gif","catalog-api","2319715","79aef9ca93ec5cac7ab66d2c5dbc7df03e8cc680af566f85cb2817601d7d924b"
"GDT-0079","Agachamento hack com barra","agachamento-hack-com-barra","Pernas","gifs/pernas/agachamento-hack-com-barra.gif","https://www.gifdotreino.com/Exercicios/Pernas/Agachamento%20hack%20com%20barra.gif","catalog-api","2677210","930a2ad32f829e6875f32c6b0a15eafb3c9218d6a06d57bd15e5a8f2d8f8e580"
"GDT-0041","Agachamento Hack Invertido","agachamento-hack-invertido","Pernas","gifs/pernas/agachamento-hack-invertido.gif","https://www.gifdotreino.com/Exercicios/Pernas/Agachamento%20Hack%20Invertido.gif","catalog-api","3619711","34b28d34cb82ac821a8e2e968b2a2fac15c5af41be74708ef42aa6ecac36f344"
"GDT-0080","Agachamento havaiano","agachamento-havaiano","Calistenia","gifs/calistenia/agachamento-havaiano.gif","https://www.gifdotreino.com/Exercicios/Calistenia/Agachamento%20havaiano.gif","catalog-api","2258378","b5aca689631e5b840739ffb7e69968619d79feb2862c326b38d7d40d270409d3"
"GDT-0042","Agachamento Jefferson","agachamento-jefferson","Pernas","gifs/pernas/agachamento-jefferson.gif","https://www.gifdotreino.com/Exercicios/Pernas/Agachamento%20Jefferson.gif","catalog-api","3251420","abe8a0494d1db74f9d9186b6b0ccebc13b3cd05d6bc548842bebc12b509a3432"
"GDT-0086","Agachamento na Máquina Abdutora","agachamento-na-maquina-abdutora","Glúteos","gifs/gluteos/agachamento-na-maquina-abdutora.gif","https://www.gifdotreino.com/Exercicios/Gl%C3%BAteos/Agachamento%20na%20M%C3%A1quina%20Abdutora.gif","catalog-api","4016666","979f79bb507f69ee4189827cb28020472c345d649edbf420eecd71b745365b5a"
"GDT-0081","Agachamento na Máquina Hack","agachamento-na-maquina-hack","Pernas","gifs/pernas/agachamento-na-maquina-hack.gif","https://www.gifdotreino.com/Exercicios/Pernas/Agachamento%20na%20M%C3%A1quina%20Hack.gif","catalog-api","3440925","15bf4647e34ede27ddc3d42c0c3a545ecab31f00a5a888445f6c9c0cd6fcfd58"
"GDT-0083","Agachamento na Parede com Bola de Exercício","agachamento-na-parede-com-bola-de-exercicio","Funcional e HIT","gifs/funcional-e-hit/agachamento-na-parede-com-bola-de-exercicio.gif","https://www.gifdotreino.com/Exercicios/Funcional%20e%20HIT/Agachamento%20na%20Parede%20com%20Bola%20de%20Exerc%C3%ADcio.gif","catalog-api","2502708","797d831e9465346a5e542a71487960d2a4731c83d41e0c377428670af8f29477"
"GDT-0085","Agachamento no Banco com Peso Corporal","agachamento-no-banco-com-peso-corporal","Calistenia","gifs/calistenia/agachamento-no-banco-com-peso-corporal.gif","https://www.gifdotreino.com/Exercicios/Calistenia/Agachamento%20no%20Banco%20com%20Peso%20Corporal.gif","catalog-api","2738262","a3529953dec275883fd6986dc4f7d02bd4e2238da73ba51173a4cb265f924cd8"
"GDT-0082","Agachamento no Landmine","agachamento-no-landmine","Pernas","gifs/pernas/agachamento-no-landmine.gif","https://www.gifdotreino.com/Exercicios/Pernas/Agachamento%20no%20Landmine.gif","catalog-api","1966323","5f09ca4a6f31513a7c4d4bf441d46f301d4e0f494602fedd820e32b7ac83748e"
"GDT-0084","Agachamento no Smith","agachamento-no-smith","Pernas","gifs/pernas/agachamento-no-smith.gif","https://www.gifdotreino.com/Exercicios/Pernas/Agachamento%20no%20Smith.gif","catalog-api","3839501","edfafc5bb16049530d16fec4e1318ac42e5fba3d848701cf4dc59b93b867334a"
"GDT-0043","Agachamento Pistol com TRX","agachamento-pistol-com-trx","Calistenia","gifs/calistenia/agachamento-pistol-com-trx.gif","https://www.gifdotreino.com/Exercicios/Calistenia/Agachamento%20Pistol%20com%20TRX.gif","catalog-api","2195828","344459a989277a53f986e05887fb3bbf6dfb9198ae8aabbe4f2bb9b23dc7e600"
"GDT-0087","Agachamento pistola","agachamento-pistola","Calistenia","gifs/calistenia/agachamento-pistola.gif","https://www.gifdotreino.com/Exercicios/Calistenia/Agachamento%20pistola.gif","catalog-api","2159532","aa59d7f7b721b28cfc028869c74bdc63dc14e1d71125ca571b991fff9525c510"
"GDT-0047","Agachamento Pistola Apoiado","agachamento-pistola-apoiado","Calistenia","gifs/calistenia/agachamento-pistola-apoiado.gif","https://www.gifdotreino.com/Exercicios/Calistenia/Agachamento%20Pistola%20Apoiado.gif","catalog-api","2975151","bd19e6f7b7e7b534929070ef5d8dc1f45f5ba640c9d4d12a0be221b168d8bd77"
"GDT-0053","Agachamento Pistola com Apoio em Caixa","agachamento-pistola-com-apoio-em-caixa","Crossfit","gifs/crossfit/agachamento-pistola-com-apoio-em-caixa.gif","https://www.gifdotreino.com/Exercicios/Crossfit/Agachamento%20Pistola%20com%20Apoio%20em%20Caixa.gif","catalog-api","2143512","3094931eb170fe92c6bd574a66cd2d20acb1ebcf5ecdad862d64f8f0f2606ad1"
"GDT-0048","Agachamento Pistola com Halteres","agachamento-pistola-com-halteres","Crossfit","gifs/crossfit/agachamento-pistola-com-halteres.gif","https://www.gifdotreino.com/Exercicios/Crossfit/Agachamento%20Pistola%20com%20Halteres.gif","catalog-api","2493959","bf0e98fedd82c8d58fa1a2743516fd8452852b2be25f9b8a7cbcd57e58c627a1"
"GDT-0055","Agachamento Pistola com Kettlebell","agachamento-pistola-com-kettlebell","Calistenia","gifs/calistenia/agachamento-pistola-com-kettlebell.gif","https://www.gifdotreino.com/Exercicios/Calistenia/Agachamento%20Pistola%20com%20Kettlebell.gif","catalog-api","2382597","3ad266121a01ba6158276d205b0c72e5658a149338eef7c60a1c879b9e8c7498"
"GDT-0049","Agachamento Pistola na Caixa","agachamento-pistola-na-caixa","Calistenia","gifs/calistenia/agachamento-pistola-na-caixa.gif","https://www.gifdotreino.com/Exercicios/Calistenia/Agachamento%20Pistola%20na%20Caixa.gif","catalog-api","3016073","1b6f327823bf4b87890331d300797096106ca2e08898c2b9d386bb0da0e66e1b"
"GDT-0056","Agachamento Sissy","agachamento-sissy","Pernas","gifs/pernas/agachamento-sissy.gif","https://www.gifdotreino.com/Exercicios/Pernas/Agachamento%20Sissy.gif","catalog-api","2502823","c745eeb754ed118016a3d88482386d4cdbfa972ff79e831f9c14b250c2a1e463"
"GDT-0050","Agachamento Sissy ajoelhado com Peso Corporal","agachamento-sissy-ajoelhado-com-peso-corporal","Calistenia","gifs/calistenia/agachamento-sissy-ajoelhado-com-peso-corporal.gif","https://www.gifdotreino.com/Exercicios/Calistenia/Agachamento%20Sissy%20ajoelhado%20com%20Peso%20Corporal.gif","catalog-api","2983318","b87dc9f6e10a093ead1bffc880dc5692773e84f8080083724e5d1f0e0f4d2bad"
"GDT-0051","Agachamento Skater","agachamento-skater","Calistenia","gifs/calistenia/agachamento-skater.gif","https://www.gifdotreino.com/Exercicios/Calistenia/Agachamento%20Skater.gif","catalog-api","2339914","5a35a64bbf4b16af9b99e4b249219cfd028c9b8855b7270be1072ecb0de4dfbc"
"GDT-0052","Agachamento Sumô com Halteres","agachamento-sumo-com-halteres","Pernas","gifs/pernas/agachamento-sumo-com-halteres.gif","https://www.gifdotreino.com/Exercicios/Pernas/Agachamento%20Sum%C3%B4%20com%20Halteres.gif","catalog-api","2317043","1ade4f0a0d2ae462f3a9964ffa0e7e4f5faceff6fcf8aa873ec40bdf10df0e42"
"GDT-0054","Agachamento Sumô sem Pesos","agachamento-sumo-sem-pesos","Calistenia","gifs/calistenia/agachamento-sumo-sem-pesos.gif","https://www.gifdotreino.com/Exercicios/Calistenia/Agachamento%20Sum%C3%B4%20sem%20Pesos.gif","catalog-api","2259611","eb0ced59fe2d079ce922a9a36d3db1c8ea94737195444fd14579e2a49ea519ad"
"GDT-0088","Agachamento unilateral cruzado","agachamento-unilateral-cruzado","Funcional e HIT","gifs/funcional-e-hit/agachamento-unilateral-cruzado.gif","https://www.gifdotreino.com/Exercicios/Funcional%20e%20HIT/Agachamento%20unilateral%20cruzado.gif","catalog-api","2521552","dde3765e04759e9ad8a92f0c900ef1d28f05ae4474e4baef8451b11899a9ef75"
"GDT-0091","Agachamento unilateral cruzado com Barra","agachamento-unilateral-cruzado-com-barra","Pernas","gifs/pernas/agachamento-unilateral-cruzado-com-barra.gif","https://www.gifdotreino.com/Exercicios/Pernas/Agachamento%20unilateral%20cruzado%20com%20Barra.gif","catalog-api","2407147","5c668438bfb1bf612d696e81c5c3a625f0503d2207272c3fdfd719926af255bf"
"GDT-0099","Agachamento unilateral cruzado com haltere","agachamento-unilateral-cruzado-com-haltere","Pernas","gifs/pernas/agachamento-unilateral-cruzado-com-haltere.gif","https://www.gifdotreino.com/Exercicios/Pernas/Agachamento%20unilateral%20cruzado%20com%20haltere.gif","catalog-api","7771035","d68abc6f7954697f6346bb3a6eb3883d0c1de57d3837f441264cd4108257b376"
"GDT-0058","Agachamento Zercher","agachamento-zercher","Pernas","gifs/pernas/agachamento-zercher.gif","https://www.gifdotreino.com/Exercicios/Pernas/Agachamento%20Zercher.gif","catalog-api","3097350","ee90e4e18808b1763cd1e4f904def9d2f46512b34f3ce06df8ab4a1268ffcaba"
"GDT-0089","Airbike","airbike","Cardio","gifs/cardio/airbike.gif","https://www.gifdotreino.com/Exercicios/Cardio/Airbike.gif","catalog-api","3727611","2f15f274c9f5ad592bdb0e3e4706eaa006a3f91ddd6f0f6a1236a77b344a0523"
"GDT-0090","Alongamento Abraço com Tapinhas nas Costas","alongamento-abraco-com-tapinhas-nas-costas","Mobilidade","gifs/mobilidade/alongamento-abraco-com-tapinhas-nas-costas.gif","https://www.gifdotreino.com/Exercicios/Mobilidade/Alongamento%20Abra%C3%A7o%20com%20Tapinhas%20nas%20Costas.gif","catalog-api","2334075","54de347f6f0e5ad40c94b4500c005a60bc8972cffdabdb69ae423974f7d879ff"
"GDT-0097","Alongamento assistido reverso (peitoral e ombro)","alongamento-assistido-reverso-peitoral-e-ombro","Mobilidade","gifs/mobilidade/alongamento-assistido-reverso-peitoral-e-ombro.gif","https://www.gifdotreino.com/Exercicios/Mobilidade/Alongamento%20assistido%20reverso%20(peitoral%20e%20ombro).gif","catalog-api","824252","984072213dc365e70ff984032083ea6065083152589ab614f741e99fbccdbd27"
"GDT-0092","Alongamento Borboleta","alongamento-borboleta","Mobilidade","gifs/mobilidade/alongamento-borboleta.gif","https://www.gifdotreino.com/Exercicios/Mobilidade/Alongamento%20Borboleta.gif","catalog-api","4682759","571f0bec74a10e2cc762d0cc2dcf380e38255ff047ca666f0d00060b9ef1eadd"
"GDT-0101","Alongamento com PVC na Posição Frontal de Rack","alongamento-com-pvc-na-posicao-frontal-de-rack","Mobilidade","gifs/mobilidade/alongamento-com-pvc-na-posicao-frontal-de-rack.gif","https://www.gifdotreino.com/Exercicios/Mobilidade/Alongamento%20com%20PVC%20na%20Posi%C3%A7%C3%A3o%20Frontal%20de%20Rack.gif","catalog-api","2734426","e9283d0a14a99fa289bc2fc43b4cda96412fca99338120174129294ab7517d2d"
"GDT-0102","Alongamento da Esfinge","alongamento-da-esfinge","Mobilidade","gifs/mobilidade/alongamento-da-esfinge.gif","https://www.gifdotreino.com/Exercicios/Mobilidade/Alongamento%20da%20Esfinge.gif","catalog-api","1552286","8e2e2d7e7e6797610ce130d7f8bf0c583dbb9de6383271af5c2f972e304aa46e"
"GDT-0103","Alongamento da panturrilha agachado","alongamento-da-panturrilha-agachado","Mobilidade","gifs/mobilidade/alongamento-da-panturrilha-agachado.gif","https://www.gifdotreino.com/Exercicios/Mobilidade/Alongamento%20da%20panturrilha%20agachado.gif","catalog-api","1039077","45839f9a1dfc920868bcf085e6c1a7b8f31b22bb9d1326070fd5653d16eb52f9"
"GDT-0104","Alongamento da panturrilha com descida do calcanhar","alongamento-da-panturrilha-com-descida-do-calcanhar","Mobilidade","gifs/mobilidade/alongamento-da-panturrilha-com-descida-do-calcanhar.gif","https://www.gifdotreino.com/Exercicios/Mobilidade/Alongamento%20da%20panturrilha%20com%20descida%20do%20calcanhar.gif","catalog-api","672597","3cb0d553066a3c5d1c571bf29070c5efcb699cc2dd844c25a8d114be19a84dd9"
"GDT-0105","Alongamento da parte superior das costas","alongamento-da-parte-superior-das-costas","Mobilidade","gifs/mobilidade/alongamento-da-parte-superior-das-costas.gif","https://www.gifdotreino.com/Exercicios/Mobilidade/Alongamento%20da%20parte%20superior%20das%20costas.gif","catalog-api","2172051","1e1e960ff31aa91d0f1d1e15cf95161d38d038a0511a6441306e51e9a752e379"
"GDT-0108","Alongamento das Costas com Rolo de Espuma","alongamento-das-costas-com-rolo-de-espuma","Mobilidade","gifs/mobilidade/alongamento-das-costas-com-rolo-de-espuma.gif","https://www.gifdotreino.com/Exercicios/Mobilidade/Alongamento%20das%20Costas%20com%20Rolo%20de%20Espuma.gif","catalog-api","2517502","02ddc97181bd82156795ea3956195b13088dafc6d88d34665d994f85f54f090d"
"GDT-0107","Alongamento de Adutores com Pernas Afastadas em Pé","alongamento-de-adutores-com-pernas-afastadas-em-pe","Mobilidade","gifs/mobilidade/alongamento-de-adutores-com-pernas-afastadas-em-pe.gif","https://www.gifdotreino.com/Exercicios/Mobilidade/Alongamento%20de%20Adutores%20com%20Pernas%20Afastadas%20em%20P%C3%A9.gif","catalog-api","1185069","2a32e1b1adcc49b8eaff434c482017e5ca70803aa2864e34fbb00ac5a517e8bb"
"GDT-0106","Alongamento de Glúteos Deitado","alongamento-de-gluteos-deitado","Mobilidade","gifs/mobilidade/alongamento-de-gluteos-deitado.gif","https://www.gifdotreino.com/Exercicios/Mobilidade/Alongamento%20de%20Gl%C3%BAteos%20Deitado.gif","catalog-api","356551","ca2438ee1651b5eee94a93721734731db2ad67e7eb8030dcb99535bd732d77ee"
"GDT-0113","Alongamento de Isquiotibiais deitado","alongamento-de-isquiotibiais-deitado","Mobilidade","gifs/mobilidade/alongamento-de-isquiotibiais-deitado.gif","https://www.gifdotreino.com/Exercicios/Mobilidade/Alongamento%20de%20Isquiotibiais%20deitado.gif","catalog-api","1853899","73a01c1c419c450a9837ed9079d84e9b25696ef99b52f80dc58e30fdb4947c5b"
"GDT-0111","Alongamento de Isquiotibiais em Pé","alongamento-de-isquiotibiais-em-pe","Mobilidade","gifs/mobilidade/alongamento-de-isquiotibiais-em-pe.gif","https://www.gifdotreino.com/Exercicios/Mobilidade/Alongamento%20de%20Isquiotibiais%20em%20P%C3%A9.gif","catalog-api","2274555","fda732826490be51ef46dcbf18778b8c07767b400ba6c3818b8b49d8701cc42d"
"GDT-0116","Alongamento de ombro com o braço cruzado","alongamento-de-ombro-com-o-braco-cruzado","Mobilidade","gifs/mobilidade/alongamento-de-ombro-com-o-braco-cruzado.gif","https://www.gifdotreino.com/Exercicios/Mobilidade/Alongamento%20de%20ombro%20com%20o%20bra%C3%A7o%20cruzado.gif","catalog-api","598256","c085ff45bc88c692702d4ba7aa0891ee89ba371b3098cc39ff79d1c23c57253b"
"GDT-0114","Alongamento de ombro reverso em pé","alongamento-de-ombro-reverso-em-pe","Mobilidade","gifs/mobilidade/alongamento-de-ombro-reverso-em-pe.gif","https://www.gifdotreino.com/Exercicios/Mobilidade/Alongamento%20de%20ombro%20reverso%20em%20p%C3%A9.gif","catalog-api","472916","2f530b4a9c0ae1fdb8dc21d3674212bfd88a17ae91a5384e275a6470abbe4637"
"GDT-0109","Alongamento de Panturrilha com Corda","alongamento-de-panturrilha-com-corda","Mobilidade","gifs/mobilidade/alongamento-de-panturrilha-com-corda.gif","https://www.gifdotreino.com/Exercicios/Mobilidade/Alongamento%20de%20Panturrilha%20com%20Corda.gif","catalog-api","2403164","222e80ac41d4c6a308eefaff04dd1458d960caa59b34e6237e01e43d953da4a1"
"GDT-0115","Alongamento de panturrilha com uma perna","alongamento-de-panturrilha-com-uma-perna","Mobilidade","gifs/mobilidade/alongamento-de-panturrilha-com-uma-perna.gif","https://www.gifdotreino.com/Exercicios/Mobilidade/Alongamento%20de%20panturrilha%20com%20uma%20perna.gif","catalog-api","2071627","f23b9bb49ed17e9b3ec8e2b05db07d2feca9be81c52670454ebee75b42391d74"
"GDT-0119","Alongamento de panturrilha com uma perna esticada","alongamento-de-panturrilha-com-uma-perna-esticada","Mobilidade","gifs/mobilidade/alongamento-de-panturrilha-com-uma-perna-esticada.gif","https://www.gifdotreino.com/Exercicios/Mobilidade/Alongamento%20de%20panturrilha%20com%20uma%20perna%20esticada.gif","catalog-api","3756183","17d5ad33798e0700449453d3b3024b9269ecd2eedd195cecefca066368d2bf87"
"GDT-0120","Alongamento de panturrilha em passo largo","alongamento-de-panturrilha-em-passo-largo","Mobilidade","gifs/mobilidade/alongamento-de-panturrilha-em-passo-largo.gif","https://www.gifdotreino.com/Exercicios/Mobilidade/Alongamento%20de%20panturrilha%20em%20passo%20largo.gif","catalog-api","824762","5bcbec3dde15a2093c0bdf1341ae8f280c889cf0f8ff08399de96915364aaad5"
"GDT-0121","Alongamento de panturrilha em posição estática","alongamento-de-panturrilha-em-posicao-estatica","Mobilidade","gifs/mobilidade/alongamento-de-panturrilha-em-posicao-estatica.gif","https://www.gifdotreino.com/Exercicios/Mobilidade/Alongamento%20de%20panturrilha%20em%20posi%C3%A7%C3%A3o%20est%C3%A1tica.gif","catalog-api","771572","dff81c84a6cd7214bda7f72c039982cd1e06cb65814293c4ed931cd5f8f36689"
"GDT-0122","Alongamento de panturrilha na parede","alongamento-de-panturrilha-na-parede","Mobilidade","gifs/mobilidade/alongamento-de-panturrilha-na-parede.gif","https://www.gifdotreino.com/Exercicios/Mobilidade/Alongamento%20de%20panturrilha%20na%20parede.gif","catalog-api","1750906","5e75041584eccb2cde0922acf0e77ba02643adb76ccb8de354b52ccc47d6cbf5"
"GDT-0110","Alongamento de Pernas Duplo","alongamento-de-pernas-duplo","Mobilidade","gifs/mobilidade/alongamento-de-pernas-duplo.gif","https://www.gifdotreino.com/Exercicios/Mobilidade/Alongamento%20de%20Pernas%20Duplo.gif","catalog-api","2003691","da0815453201b9c0cbf61a75d01b99dfa4f97b6a432d693864a311f06fee90df"
"GDT-0112","Alongamento de Punho","alongamento-de-punho","Mobilidade","gifs/mobilidade/alongamento-de-punho.gif","https://www.gifdotreino.com/Exercicios/Mobilidade/Alongamento%20de%20Punho.gif","catalog-api","104603","bc0f43e111b08904c9eb4fa74938977d47d03b3565b94d7e7f266cb085a8c1e2"
"GDT-0117","Alongamento de Quadríceps ajoelhado","alongamento-de-quadriceps-ajoelhado","Mobilidade","gifs/mobilidade/alongamento-de-quadriceps-ajoelhado.gif","https://www.gifdotreino.com/Exercicios/Mobilidade/Alongamento%20de%20Quadr%C3%ADceps%20ajoelhado.gif","catalog-api","3395070","d46178c80adde83b2c7f5e2db70ed7eac871d739842026f95113c871e2a15b55"
"GDT-0118","Alongamento de Quadríceps em Quatro Apoios","alongamento-de-quadriceps-em-quatro-apoios","Mobilidade","gifs/mobilidade/alongamento-de-quadriceps-em-quatro-apoios.gif","https://www.gifdotreino.com/Exercicios/Mobilidade/Alongamento%20de%20Quadr%C3%ADceps%20em%20Quatro%20Apoios.gif","catalog-api","2846975","f767124d0f8997e3271d055cf996272528802856e6d479b4ae1f26ff25895a04"
"GDT-0123","Alongamento de quadril 90-90","alongamento-de-quadril-90-90","Mobilidade","gifs/mobilidade/alongamento-de-quadril-90-90.gif","https://www.gifdotreino.com/Exercicios/Mobilidade/Alongamento%20de%20quadril%2090-90.gif","catalog-api","4873064","4133c9af0c9bfcea2c1cbd7a03d9fb2599a30219638663a658365334f4c44af5"
"GDT-0128","Alongamento de rotação da coluna em pé","alongamento-de-rotacao-da-coluna-em-pe","Mobilidade","gifs/mobilidade/alongamento-de-rotacao-da-coluna-em-pe.gif","https://www.gifdotreino.com/Exercicios/Mobilidade/Alongamento%20de%20rota%C3%A7%C3%A3o%20da%20coluna%20em%20p%C3%A9.gif","catalog-api","1952550","f4a1717e48438360c8cd93bab51fd1c560e0361f19eb84293b5e53012e814c51"
"GDT-0130","Alongamento de tríceps em pé","alongamento-de-triceps-em-pe","Mobilidade","gifs/mobilidade/alongamento-de-triceps-em-pe.gif","https://www.gifdotreino.com/Exercicios/Mobilidade/Alongamento%20de%20tr%C3%ADceps%20em%20p%C3%A9.gif","catalog-api","2244713","89774ad729a19024246e12ae236fd3d8075a6ab335c4d618b5f188ab4abf6239"
"GDT-0098","Alongamento Dinâmico do Peitoral","alongamento-dinamico-do-peitoral","Mobilidade","gifs/mobilidade/alongamento-dinamico-do-peitoral.gif","https://www.gifdotreino.com/Exercicios/Mobilidade/Alongamento%20Din%C3%A2mico%20do%20Peitoral.gif","catalog-api","1878513","a2552ce3692f7f5325661c192308197e1445a34dd43a2f89b30b90d968438fdd"
"GDT-0131","Alongamento do desviador ulnar e extensor do punho","alongamento-do-desviador-ulnar-e-extensor-do-punho","Mobilidade","gifs/mobilidade/alongamento-do-desviador-ulnar-e-extensor-do-punho.gif","https://www.gifdotreino.com/Exercicios/Mobilidade/Alongamento%20do%20desviador%20ulnar%20e%20extensor%20do%20punho.gif","catalog-api","182979","6e4af6b6caf9e97b6f0b5302f0b98667c35b088d6fab21771ee2489ffdee670c"
"GDT-0129","Alongamento do Gastrocnêmio com Joelho Flexionado","alongamento-do-gastrocnemio-com-joelho-flexionado","Mobilidade","gifs/mobilidade/alongamento-do-gastrocnemio-com-joelho-flexionado.gif","https://www.gifdotreino.com/Exercicios/Mobilidade/Alongamento%20do%20Gastrocn%C3%AAmio%20com%20Joelho%20Flexionado.gif","catalog-api","1043394","4f193a087be555629676a2c9cd96107531b5319e7e14f17fe4a0b62932872699"
"GDT-0132","Alongamento do manguito rotador","alongamento-do-manguito-rotador","Mobilidade","gifs/mobilidade/alongamento-do-manguito-rotador.gif","https://www.gifdotreino.com/Exercicios/Mobilidade/Alongamento%20do%20manguito%20rotador.gif","catalog-api","231704","2184bf12929f8f75a2dc9edbc065ea1b77feb8f22a0f9847d8b8ae35b699d07e"
"GDT-0133","Alongamento do ombro com toalha","alongamento-do-ombro-com-toalha","Mobilidade","gifs/mobilidade/alongamento-do-ombro-com-toalha.gif","https://www.gifdotreino.com/Exercicios/Mobilidade/Alongamento%20do%20ombro%20com%20toalha.gif","catalog-api","970076","099230c56aeb89b38caaa31d0c66a474407013f5664e0487972421e6256d2458"
"GDT-0124","Alongamento do Peito Acima da Cabeça","alongamento-do-peito-acima-da-cabeca","Mobilidade","gifs/mobilidade/alongamento-do-peito-acima-da-cabeca.gif","https://www.gifdotreino.com/Exercicios/Mobilidade/Alongamento%20do%20Peito%20Acima%20da%20Cabe%C3%A7a.gif","catalog-api","2139148","9c4d804f52f5e09719078ca644b8439f78a8530c0e1abca33475ca14b442b883"
"GDT-0135","Alongamento do peito com rolo de espuma","alongamento-do-peito-com-rolo-de-espuma","Mobilidade","gifs/mobilidade/alongamento-do-peito-com-rolo-de-espuma.gif","https://www.gifdotreino.com/Exercicios/Mobilidade/Alongamento%20do%20peito%20com%20rolo%20de%20espuma.gif","catalog-api","1273065","142d1636724154f3daf9872b99cc0f37492d7fdc19bcc6fe949004b43833ea4f"
"GDT-0125","Alongamento do Peito e Parte Frontal dos Ombros","alongamento-do-peito-e-parte-frontal-dos-ombros","Mobilidade","gifs/mobilidade/alongamento-do-peito-e-parte-frontal-dos-ombros.gif","https://www.gifdotreino.com/Exercicios/Mobilidade/Alongamento%20do%20Peito%20e%20Parte%20Frontal%20dos%20Ombros.gif","catalog-api","2599715","1878166e0eaa1919c28cd62ec7eb78e79a2020602708f00e88120ed4bce3c962"
"GDT-0126","Alongamento do Peitoral até as Costas","alongamento-do-peitoral-ate-as-costas","Mobilidade","gifs/mobilidade/alongamento-do-peitoral-ate-as-costas.gif","https://www.gifdotreino.com/Exercicios/Mobilidade/Alongamento%20do%20Peitoral%20at%C3%A9%20as%20Costas.gif","catalog-api","1968501","aef9b1a0857d1cf15f9c82b28be2e183e0ca0a852765ab2de4dbeede0458e8a1"
"GDT-0127","Alongamento do Peitoral com um Braço em Pé","alongamento-do-peitoral-com-um-braco-em-pe","Mobilidade","gifs/mobilidade/alongamento-do-peitoral-com-um-braco-em-pe.gif","https://www.gifdotreino.com/Exercicios/Mobilidade/Alongamento%20do%20Peitoral%20com%20um%20Bra%C3%A7o%20em%20P%C3%A9.gif","catalog-api","663886","14d614dc5834a79a43a8fff648657f39ab91cc6138fd56415421e9cb8cb9db8c"
"GDT-0138","Alongamento do peitoral e do ombro na porta","alongamento-do-peitoral-e-do-ombro-na-porta","Mobilidade","gifs/mobilidade/alongamento-do-peitoral-e-do-ombro-na-porta.gif","https://www.gifdotreino.com/Exercicios/Mobilidade/Alongamento%20do%20peitoral%20e%20do%20ombro%20na%20porta.gif","catalog-api","1267807","a8e711703593737b850e7ada30833f91b5c456ea8c46a196013a666141c982df"
"GDT-0136","Alongamento do peitoral reverso","alongamento-do-peitoral-reverso","Calistenia","gifs/calistenia/alongamento-do-peitoral-reverso.gif","https://www.gifdotreino.com/Exercicios/Calistenia/Alongamento%20do%20peitoral%20reverso.gif","catalog-api","141233","5b7382a56723f62ccac08b40251861256d5416e39c7de1c105fd25775389396c"
"GDT-0134","Alongamento do Piriforme Sentado","alongamento-do-piriforme-sentado","Mobilidade","gifs/mobilidade/alongamento-do-piriforme-sentado.gif","https://www.gifdotreino.com/Exercicios/Mobilidade/Alongamento%20do%20Piriforme%20Sentado.gif","catalog-api","3801181","f016ff3c89b9bc6f86a76cf1700cb12363bdae92080b66bb58798ad61c52afff"
"GDT-0137","Alongamento do tendão de Aquiles em pé","alongamento-do-tendao-de-aquiles-em-pe","Mobilidade","gifs/mobilidade/alongamento-do-tendao-de-aquiles-em-pe.gif","https://www.gifdotreino.com/Exercicios/Mobilidade/Alongamento%20do%20tend%C3%A3o%20de%20Aquiles%20em%20p%C3%A9.gif","catalog-api","841954","3be5176f72c13f6f3252ce17b157f15db3a5c92eb779a5fd37ea9229ab56342c"
"GDT-0145","Alongamento do tibial posterior","alongamento-do-tibial-posterior","Mobilidade","gifs/mobilidade/alongamento-do-tibial-posterior.gif","https://www.gifdotreino.com/Exercicios/Mobilidade/Alongamento%20do%20tibial%20posterior.gif","catalog-api","4451583","e101b1573928650fcd518d63690a24bafff5d88a6ef8f100e555074db20a4ba7"
"GDT-0139","Alongamento do trato iliotibial com rolo de espuma","alongamento-do-trato-iliotibial-com-rolo-de-espuma","Mobilidade","gifs/mobilidade/alongamento-do-trato-iliotibial-com-rolo-de-espuma.gif","https://www.gifdotreino.com/Exercicios/Mobilidade/Alongamento%20do%20trato%20iliotibial%20com%20rolo%20de%20espuma.gif","catalog-api","2316953","44aa8a17b6eafc312868bd73733f6a47767e05febbd46256aa0ed980bee4f756"
"GDT-0143","Alongamento dos Adutores com a Perna Estendida ajoelhado","alongamento-dos-adutores-com-a-perna-estendida-ajoelhado","Mobilidade","gifs/mobilidade/alongamento-dos-adutores-com-a-perna-estendida-ajoelhado.gif","https://www.gifdotreino.com/Exercicios/Mobilidade/Alongamento%20dos%20Adutores%20com%20a%20Perna%20Estendida%20ajoelhado.gif","catalog-api","731886","d53679dba0360f1567a08b082676660aee5785128b4ad02fe4c34e898923f297"
"GDT-0144","Alongamento dos Adutores com Pernas Abertas em Pé","alongamento-dos-adutores-com-pernas-abertas-em-pe","Mobilidade","gifs/mobilidade/alongamento-dos-adutores-com-pernas-abertas-em-pe.gif","https://www.gifdotreino.com/Exercicios/Mobilidade/Alongamento%20dos%20Adutores%20com%20Pernas%20Abertas%20em%20P%C3%A9.gif","catalog-api","839980","8a09ef5c41b00614125eeb3f52e95e89a83944d8222088bb6b54adae1cd63f22"
"GDT-0146","Alongamento dos adutores da coxa com rolo de espuma","alongamento-dos-adutores-da-coxa-com-rolo-de-espuma","Mobilidade","gifs/mobilidade/alongamento-dos-adutores-da-coxa-com-rolo-de-espuma.gif","https://www.gifdotreino.com/Exercicios/Mobilidade/Alongamento%20dos%20adutores%20da%20coxa%20com%20rolo%20de%20espuma.gif","catalog-api","2147538","3475a3d48bf88d3150fcb4ba4fb184c6b5218a2374f57206c009090bdacafa0f"
"GDT-0140","Alongamento dos Adutores em Posição Sentada com Pernas Abertas","alongamento-dos-adutores-em-posicao-sentada-com-pernas-abertas","Mobilidade","gifs/mobilidade/alongamento-dos-adutores-em-posicao-sentada-com-pernas-abertas.gif","https://www.gifdotreino.com/Exercicios/Mobilidade/Alongamento%20dos%20Adutores%20em%20Posi%C3%A7%C3%A3o%20Sentada%20com%20Pernas%20Abertas.gif","catalog-api","1286011","2d29550354a4a1f4f6e7fe26b5d8df99f092a623804f43b875f17dd7e4ec652f"
"GDT-0147","Alongamento dos adutores sentado","alongamento-dos-adutores-sentado","Mobilidade","gifs/mobilidade/alongamento-dos-adutores-sentado.gif","https://www.gifdotreino.com/Exercicios/Mobilidade/Alongamento%20dos%20adutores%20sentado.gif","catalog-api","507590","ec0b1adf11e665a96a5c35acd33ee59f50d8a89b6676fec2574e50bc35fa9e11"
"GDT-0141","Alongamento dos Extensores dos Dedos dos Pés","alongamento-dos-extensores-dos-dedos-dos-pes","Mobilidade","gifs/mobilidade/alongamento-dos-extensores-dos-dedos-dos-pes.gif","https://www.gifdotreino.com/Exercicios/Mobilidade/Alongamento%20dos%20Extensores%20dos%20Dedos%20dos%20P%C3%A9s.gif","catalog-api","473147","82d15a387c5cf46b16f03dd6507899783059db9851301677e249ecb9c529f67a"
"GDT-0148","Alongamento dos flexores de quadril ajoelhado","alongamento-dos-flexores-de-quadril-ajoelhado","Mobilidade","gifs/mobilidade/alongamento-dos-flexores-de-quadril-ajoelhado.gif","https://www.gifdotreino.com/Exercicios/Mobilidade/Alongamento%20dos%20flexores%20de%20quadril%20ajoelhado.gif","catalog-api","749353","1b1df2e8189675f0439424b7995f5fe9e784e025753a8668b0762506d3114ee5"
"GDT-0149","Alongamento dos flexores do quadril em posição de joelho","alongamento-dos-flexores-do-quadril-em-posicao-de-joelho","Mobilidade","gifs/mobilidade/alongamento-dos-flexores-do-quadril-em-posicao-de-joelho.gif","https://www.gifdotreino.com/Exercicios/Mobilidade/Alongamento%20dos%20flexores%20do%20quadril%20em%20posi%C3%A7%C3%A3o%20de%20joelho.gif","catalog-api","93172","ea774777fab58270c9cd8de465ad49052bab9916c4b58cd583423a7d1b61edc0"
"GDT-0150","Alongamento dos flexores dos dedos dos pés em pé","alongamento-dos-flexores-dos-dedos-dos-pes-em-pe","Mobilidade","gifs/mobilidade/alongamento-dos-flexores-dos-dedos-dos-pes-em-pe.gif","https://www.gifdotreino.com/Exercicios/Mobilidade/Alongamento%20dos%20flexores%20dos%20dedos%20dos%20p%C3%A9s%20em%20p%C3%A9.gif","catalog-api","641307","4be13841c88f847d33200cc700dc0ffe58d3babef26bbb39ac65fb6d7981397f"
"GDT-0151","Alongamento dos isquiotibiais em pé","alongamento-dos-isquiotibiais-em-pe","Mobilidade","gifs/mobilidade/alongamento-dos-isquiotibiais-em-pe.gif","https://www.gifdotreino.com/Exercicios/Mobilidade/Alongamento%20dos%20isquiotibiais%20em%20p%C3%A9.gif","catalog-api","2344536","56259caccd3298c4fa87bde2860d0b3951e676cfa40bccec0e2e10d2ffbe57b1"
"GDT-0160","Alongamento dos isquiotibiais em pé com a perna cruzada","alongamento-dos-isquiotibiais-em-pe-com-a-perna-cruzada","Mobilidade","gifs/mobilidade/alongamento-dos-isquiotibiais-em-pe-com-a-perna-cruzada.gif","https://www.gifdotreino.com/Exercicios/Mobilidade/Alongamento%20dos%20isquiotibiais%20em%20p%C3%A9%20com%20a%20perna%20cruzada.gif","catalog-api","2600131","839b45215540666c17b15aef8cc4e1d56ab2a9ff86591dcfea3c02a85e9d4323"
"GDT-0142","Alongamento dos Isquiotibiais Sentado","alongamento-dos-isquiotibiais-sentado","Mobilidade","gifs/mobilidade/alongamento-dos-isquiotibiais-sentado.gif","https://www.gifdotreino.com/Exercicios/Mobilidade/Alongamento%20dos%20Isquiotibiais%20Sentado.gif","catalog-api","2917301","02ad65f50df3b9aaf137dc27ea1f3b9e6e7e1118af33ae17046dcd61ddb833d4"
"GDT-0152","Alongamento dos latíssimos dorsais com rolo de espuma","alongamento-dos-latissimos-dorsais-com-rolo-de-espuma","Mobilidade","gifs/mobilidade/alongamento-dos-latissimos-dorsais-com-rolo-de-espuma.gif","https://www.gifdotreino.com/Exercicios/Mobilidade/Alongamento%20dos%20lat%C3%ADssimos%20dorsais%20com%20rolo%20de%20espuma.gif","catalog-api","1740267","c1211dba57dd9e69f0571d6fc9d46f0c4e4a98aeec18aa9e6b875a6ec127a5f7"
"GDT-0153","Alongamento dos ombros por trás das costas","alongamento-dos-ombros-por-tras-das-costas","Mobilidade","gifs/mobilidade/alongamento-dos-ombros-por-tras-das-costas.gif","https://www.gifdotreino.com/Exercicios/Mobilidade/Alongamento%20dos%20ombros%20por%20tr%C3%A1s%20das%20costas.gif","catalog-api","1229735","9b12689108adde507a894d27f4e22bde9b419ab2c7c0e1ba8f0aae807ffc23dd"
"GDT-0159","Alongamento em Círculos nos Punhos","alongamento-em-circulos-nos-punhos","Mobilidade","gifs/mobilidade/alongamento-em-circulos-nos-punhos.gif","https://www.gifdotreino.com/Exercicios/Mobilidade/Alongamento%20em%20C%C3%ADrculos%20nos%20Punhos.gif","catalog-api","1848399","826e78f54c969e8b33f5733b698265c44e08193bed905a449ab2648e0be694bf"
"GDT-0158","Alongamento em Pé dos Quadríceps","alongamento-em-pe-dos-quadriceps","Mobilidade","gifs/mobilidade/alongamento-em-pe-dos-quadriceps.gif","https://www.gifdotreino.com/Exercicios/Mobilidade/Alongamento%20em%20P%C3%A9%20dos%20Quadr%C3%ADceps.gif","catalog-api","473001","24e5920411878a006338b84bbc38530a5f42090957bcaa690dc4d639c21b1802"
"GDT-0100","Alongamento Inclinado Lateral em Pé","alongamento-inclinado-lateral-em-pe","Mobilidade","gifs/mobilidade/alongamento-inclinado-lateral-em-pe.gif","https://www.gifdotreino.com/Exercicios/Mobilidade/Alongamento%20Inclinado%20Lateral%20em%20P%C3%A9.gif","catalog-api","2435646","67afb1d6877d675b05472a2f78ae14dd6ba59fb087cfd827b8d58dcd400d5913"
"GDT-0093","Alongamento Lateral da Parte Interna da Coxa","alongamento-lateral-da-parte-interna-da-coxa","Mobilidade","gifs/mobilidade/alongamento-lateral-da-parte-interna-da-coxa.gif","https://www.gifdotreino.com/Exercicios/Mobilidade/Alongamento%20Lateral%20da%20Parte%20Interna%20da%20Coxa.gif","catalog-api","877467","54f8a7a9a78c4d57d99561bcf808e3b5c8916d46b04518c9acdb810b660cb32d"
"GDT-0154","Alongamento na parede do canto","alongamento-na-parede-do-canto","Mobilidade","gifs/mobilidade/alongamento-na-parede-do-canto.gif","https://www.gifdotreino.com/Exercicios/Mobilidade/Alongamento%20na%20parede%20do%20canto.gif","catalog-api","81166","8b61235c508a79d35960e39e6828b373ec09a310d436fcb8256ef99df49a534d"
"GDT-0094","Alongamento Piriforme","alongamento-piriforme","Mobilidade","gifs/mobilidade/alongamento-piriforme.gif","https://www.gifdotreino.com/Exercicios/Mobilidade/Alongamento%20Piriforme.gif","catalog-api","3589222","d0c88a7d24f4a90f8a0afeaf10fd9a776ce3a98ef59c466b82842b73b2f5bdb9"
"GDT-0155","Alongamento reverso assistido (peito e ombro)","alongamento-reverso-assistido-peito-e-ombro","Mobilidade","gifs/mobilidade/alongamento-reverso-assistido-peito-e-ombro.gif","https://www.gifdotreino.com/Exercicios/Mobilidade/Alongamento%20reverso%20assistido%20(peito%20e%20ombro).gif","catalog-api","825937","b931ce8e6c0d4c9a7d07190bad00628ba4bb2de9403b982df51b7b64c1ba8b0f"
"GDT-0095","Alongamento Reverso de Pulso","alongamento-reverso-de-pulso","Mobilidade","gifs/mobilidade/alongamento-reverso-de-pulso.gif","https://www.gifdotreino.com/Exercicios/Mobilidade/Alongamento%20Reverso%20de%20Pulso.gif","catalog-api","99762","58127e51966eb1959f1c060f177a4dba55c4072de0545f30c10694606eb91e8d"
"GDT-0096","Alongamento Sentado para a Panturrilha com Perna Esticada","alongamento-sentado-para-a-panturrilha-com-perna-esticada","Mobilidade","gifs/mobilidade/alongamento-sentado-para-a-panturrilha-com-perna-esticada.gif","https://www.gifdotreino.com/Exercicios/Mobilidade/Alongamento%20Sentado%20para%20a%20Panturrilha%20com%20Perna%20Esticada.gif","catalog-api","3826474","234f019f4d347531aeece2b169dc5ab33ad340fcef5880db75ef47c4ea5bb378"
"GDT-0156","Alongamentos de pés e tornozelos","alongamentos-de-pes-e-tornozelos","Mobilidade","gifs/mobilidade/alongamentos-de-pes-e-tornozelos.gif","https://www.gifdotreino.com/Exercicios/Mobilidade/Alongamentos%20de%20p%C3%A9s%20e%20tornozelos.gif","catalog-api","2344729","4c46a61de14740ec1afd2729fd99ece32ddb4003eac86737207c96cdd03e4dac"
"GDT-0157","Andar de Bicicleta ao Ar Livre","andar-de-bicicleta-ao-ar-livre","Funcional e HIT","gifs/funcional-e-hit/andar-de-bicicleta-ao-ar-livre.gif","https://www.gifdotreino.com/Exercicios/Funcional%20e%20HIT/Andar%20de%20Bicicleta%20ao%20Ar%20Livre.gif","catalog-api","3377775","3b6c44178b786e1bee6b1d1aa943c615996b83e5bc38b4a49f5fb2c9e5975eaf"
"GDT-0161","Andar de Pato","andar-de-pato","Calistenia","gifs/calistenia/andar-de-pato.gif","https://www.gifdotreino.com/Exercicios/Calistenia/Andar%20de%20Pato.gif","catalog-api","1641305","a4f01d1a040b20588d9f25a19976ff75bb38957d7a990422405d66b6d5f440ae"
"GDT-0162","Anilha Press","anilha-press","Peitoral","gifs/peitoral/anilha-press.gif","https://www.gifdotreino.com/Exercicios/Peitoral/Anilha%20Press.gif","catalog-api","2178919","aa90be2f5c03cb9deb2bba68021d2defdc573cfd9f5b205f9cf7960f834b19f2"
"GDT-0163","Arranco com Barra","arranco-com-barra","Crossfit","gifs/crossfit/arranco-com-barra.gif","https://www.gifdotreino.com/Exercicios/Crossfit/Arranco%20com%20Barra.gif","catalog-api","2222585","e533da75a55252252d2a91e159768cea288123a394f38dd03079e4d8de7fce65"
"GDT-0172","Arranco com kettlebell de um braço","arranco-com-kettlebell-de-um-braco","Crossfit","gifs/crossfit/arranco-com-kettlebell-de-um-braco.gif","https://www.gifdotreino.com/Exercicios/Crossfit/Arranco%20com%20kettlebell%20de%20um%20bra%C3%A7o.gif","catalog-api","3106070","47b882e0c999d41add1592c779b347f2730ac69231c59107462bfea8a04af5f2"
"GDT-0164","Arranco com kettlebell em afundo","arranco-com-kettlebell-em-afundo","Crossfit","gifs/crossfit/arranco-com-kettlebell-em-afundo.gif","https://www.gifdotreino.com/Exercicios/Crossfit/Arranco%20com%20kettlebell%20em%20afundo.gif","catalog-api","1960453","0071adb4d1edbd1436ac776631b9423a03142e11d3ab808abff9d0c372c432a4"
"GDT-0171","Arranco de Potência","arranco-de-potencia","Crossfit","gifs/crossfit/arranco-de-potencia.gif","https://www.gifdotreino.com/Exercicios/Crossfit/Arranco%20de%20Pot%C3%AAncia.gif","catalog-api","2252208","cd6b7db5cfb5771809ca723e679712336bd0e417a486b32a825d0515ec5a3bc9"
"GDT-0170","Arranco e Levantamento com Kettlebell","arranco-e-levantamento-com-kettlebell","Crossfit","gifs/crossfit/arranco-e-levantamento-com-kettlebell.gif","https://www.gifdotreino.com/Exercicios/Crossfit/Arranco%20e%20Levantamento%20com%20Kettlebell.gif","catalog-api","2249377","9f960e291eebaa948619487c60514e3fd8debd1f58cd40be906b6f8fecbbfeed"
"GDT-0165","Arranque e Arremesso com Kettlebell","arranque-e-arremesso-com-kettlebell","Crossfit","gifs/crossfit/arranque-e-arremesso-com-kettlebell.gif","https://www.gifdotreino.com/Exercicios/Crossfit/Arranque%20e%20Arremesso%20com%20Kettlebell.gif","catalog-api","2124115","6cc8301d82d34e9ad2b237d11aea18f6b9d78b55a8f11b4e0a85043e6c9634d0"
"GDT-0166","Arremesso com Barra","arremesso-com-barra","Crossfit","gifs/crossfit/arremesso-com-barra.gif","https://www.gifdotreino.com/Exercicios/Crossfit/Arremesso%20com%20Barra.gif","catalog-api","1922466","ba01d96873cf45917265d8bbf68a634047dc7cad37eb2eeea3002022170740c7"
"GDT-0167","Arremesso com haltere de um braço","arremesso-com-haltere-de-um-braco","Crossfit","gifs/crossfit/arremesso-com-haltere-de-um-braco.gif","https://www.gifdotreino.com/Exercicios/Crossfit/Arremesso%20com%20haltere%20de%20um%20bra%C3%A7o.gif","catalog-api","1871210","0cb6c2922da1b15e9ab800e446fe670ef789e9caff3ba6833a010b2d53cfdd12"
"GDT-0168","Arremesso de Bola de Reação","arremesso-de-bola-de-reacao","Funcional e HIT","gifs/funcional-e-hit/arremesso-de-bola-de-reacao.gif","https://www.gifdotreino.com/Exercicios/Funcional%20e%20HIT/Arremesso%20de%20Bola%20de%20Rea%C3%A7%C3%A3o.gif","catalog-api","2242118","6a4bd566a7f72b5bff3004f0fa7d036759467514511a70e167f6fee99383373a"
"GDT-0169","Arremesso de Medicina Bola com Levantamento de Tronco","arremesso-de-medicina-bola-com-levantamento-de-tronco","Crossfit","gifs/crossfit/arremesso-de-medicina-bola-com-levantamento-de-tronco.gif","https://www.gifdotreino.com/Exercicios/Crossfit/Arremesso%20de%20Medicina%20Bola%20com%20Levantamento%20de%20Tronco.gif","catalog-api","2564369","f8eb7a810043a048f9102d661a64761aecfd58df3df9f868dabacc5a8fea83d6"
"GDT-0173","Arremesso e Pressão com Barra","arremesso-e-pressao-com-barra","Crossfit","gifs/crossfit/arremesso-e-pressao-com-barra.gif","https://www.gifdotreino.com/Exercicios/Crossfit/Arremesso%20e%20Press%C3%A3o%20com%20Barra.gif","catalog-api","2091288","ce70710285a78e4b0db2b650ee0c5e03f0718dfa767b24653bcba8e2a1abe9d8"
"GDT-0181","Avanço com Barra","avanco-com-barra","Pernas","gifs/pernas/avanco-com-barra.gif","https://www.gifdotreino.com/Exercicios/Pernas/Avan%C3%A7o%20com%20Barra.gif","catalog-api","2572705","b96419c5611b310e304d957fafb7660f721f0d28c2cb110f74a7db19a969e101"
"GDT-0175","Avanço com Cabo","avanco-com-cabo","Pernas","gifs/pernas/avanco-com-cabo.gif","https://www.gifdotreino.com/Exercicios/Pernas/Avan%C3%A7o%20com%20Cabo.gif","catalog-api","3894576","016ada885431b283fcb0894fecde390baeb38b93e767e92f6a1869792b8f6d28"
"GDT-0180","Avanço com Halteres","avanco-com-halteres","Pernas","gifs/pernas/avanco-com-halteres.gif","https://www.gifdotreino.com/Exercicios/Pernas/Avan%C3%A7o%20com%20Halteres.gif","catalog-api","2751458","9891daa119b6dce2cc2fc09f2312705e5a387742c0aa3b077b64a8332ac46993"
"GDT-0176","Avanço com Halteres para Trás","avanco-com-halteres-para-tras","Pernas","gifs/pernas/avanco-com-halteres-para-tras.gif","https://www.gifdotreino.com/Exercicios/Pernas/Avan%C3%A7o%20com%20Halteres%20para%20Tr%C3%A1s.gif","catalog-api","2555654","1cb516550a4f280cc97087b8afaea4130bfc0a767f2df3343a29c747e328b5da"
"GDT-0177","Avanço com Joelho Alto em Cima da Bola Bosu","avanco-com-joelho-alto-em-cima-da-bola-bosu","Funcional e HIT","gifs/funcional-e-hit/avanco-com-joelho-alto-em-cima-da-bola-bosu.gif","https://www.gifdotreino.com/Exercicios/Funcional%20e%20HIT/Avan%C3%A7o%20com%20Joelho%20Alto%20em%20Cima%20da%20Bola%20Bosu.gif","catalog-api","2558070","c52787af2dd05b77d22a5c0d902f75ccc7f6b5bd28c7796fb5be3fd2bfd41068"
"GDT-0178","Avanço com Joelho Elevado em Caminhada","avanco-com-joelho-elevado-em-caminhada","Funcional e HIT","gifs/funcional-e-hit/avanco-com-joelho-elevado-em-caminhada.gif","https://www.gifdotreino.com/Exercicios/Funcional%20e%20HIT/Avan%C3%A7o%20com%20Joelho%20Elevado%20em%20Caminhada.gif","catalog-api","1812956","071992bf16eccc3305771c9f9a6075b3a83c63f2bf3fba3ea7b58d0c2dd190ba"
"GDT-0184","Avanço com Puxador de Cabo","avanco-com-puxador-de-cabo","Pernas","gifs/pernas/avanco-com-puxador-de-cabo.gif","https://www.gifdotreino.com/Exercicios/Pernas/Avan%C3%A7o%20com%20Puxador%20de%20Cabo.gif","catalog-api","3316637","08d96f5ca5afc35a6848ba55a261da7de9307b93a3a93c143ca812ba609fc478"
"GDT-0174","Avanço Invertido","avanco-invertido","Pernas","gifs/pernas/avanco-invertido.gif","https://www.gifdotreino.com/Exercicios/Pernas/Avan%C3%A7o%20Invertido.gif","catalog-api","2414804","a8b130cc79787fb1417f3636fb09b248cf9a092442674564d0dc8c9bbc343773"
"GDT-0179","Avanço Invertido com Halteres","avanco-invertido-com-halteres","Pernas","gifs/pernas/avanco-invertido-com-halteres.gif","https://www.gifdotreino.com/Exercicios/Pernas/Avan%C3%A7o%20Invertido%20com%20Halteres.gif","catalog-api","2575982","6d9a4ab08ec4bafc6b12fbe0866e3711c6fe62fe7b315b214bf4b8d77249231e"
"GDT-0183","Avanço sem Peso Corporal","avanco-sem-peso-corporal","Calistenia","gifs/calistenia/avanco-sem-peso-corporal.gif","https://www.gifdotreino.com/Exercicios/Calistenia/Avan%C3%A7o%20sem%20Peso%20Corporal.gif","catalog-api","2972665","ed12d9c0dc94f6d2c5860378f43d2f480526f87764e989edee16b03c49d7d596"
"GDT-0182","Back Lever","back-lever","Calistenia","gifs/calistenia/back-lever.gif","https://www.gifdotreino.com/Exercicios/Calistenia/Back%20Lever.gif","catalog-api","1353636","ec62c44667d78599bc6e1833eaa9687464713109d264c3ec81fa5eb6caaab925"
"GDT-0191","Balanço com gymstick","balanco-com-gymstick","Funcional e HIT","gifs/funcional-e-hit/balanco-com-gymstick.gif","https://www.gifdotreino.com/Exercicios/Funcional%20e%20HIT/Balan%C3%A7o%20com%20gymstick.gif","catalog-api","2481033","8985b3f51bdf676005206b9a4e679d9f79d7b0f10dc7db8c330f6b3cb8a58d31"
"GDT-0189","Balanços com Kettlebell","balancos-com-kettlebell","Crossfit","gifs/crossfit/balancos-com-kettlebell.gif","https://www.gifdotreino.com/Exercicios/Crossfit/Balan%C3%A7os%20com%20Kettlebell.gif","catalog-api","2909346","15d0167a60141e169c31b0042be3e54babe410cd38869cbd2c6cc3e254ed3516"
"GDT-0185","Balloon Drill","balloon-drill","Funcional e HIT","gifs/funcional-e-hit/balloon-drill.gif","https://www.gifdotreino.com/Exercicios/Funcional%20e%20HIT/Balloon%20Drill.gif","catalog-api","1235264","fe3c04275eca5b677ae3554bd2093a2413125ed7a129533f7fa67b8931582f26"
"GDT-0188","Bandeira Humana","bandeira-humana","Calistenia","gifs/calistenia/bandeira-humana.gif","https://www.gifdotreino.com/Exercicios/Calistenia/Bandeira%20Humana.gif","catalog-api","1250759","5fd22cf172f783fc51289e9d42bd9ea082121c6ce1048ecd113a44b71c97e509"
"GDT-0186","Barbell Hang Clean","barbell-hang-clean","Crossfit","gifs/crossfit/barbell-hang-clean.gif","https://www.gifdotreino.com/Exercicios/Crossfit/Barbell%20Hang%20Clean.gif","catalog-api","2985233","ea0dda4579c18dca89369b5d0d4727b325d6eef9d50cf9dea6e811b278a6c43a"
"GDT-0195","Barra fixa","barra-fixa","Costas","gifs/costas/barra-fixa.gif","https://www.gifdotreino.com/Exercicios/Costas/Barra%20fixa.gif","catalog-api","2151919","85d5b1c2ddb7dc5248509df101792fffa549aa60e65eeeea7649826d034f1fb3"
"GDT-0187","Barra Fixa Assistida","barra-fixa-assistida","Costas","gifs/costas/barra-fixa-assistida.gif","https://www.gifdotreino.com/Exercicios/Costas/Barra%20Fixa%20Assistida.gif","catalog-api","3012113","f4c5797cd3165480e04e92ba30cbca97c99c2d0515fa0f552cccc3470b27ced0"
"GDT-0198","Barra fixa Assistida com Faixa Elástica","barra-fixa-assistida-com-faixa-elastica","Calistenia","gifs/calistenia/barra-fixa-assistida-com-faixa-elastica.gif","https://www.gifdotreino.com/Exercicios/Calistenia/Barra%20fixa%20Assistida%20com%20Faixa%20El%C3%A1stica.gif","catalog-api","5495599","49a1a308c3b5cf9f43f06f2c21a23963d46dc19dd5d854bcc0664664b29a99c9"
"GDT-0199","Barra fixa com Arco","barra-fixa-com-arco","Calistenia","gifs/calistenia/barra-fixa-com-arco.gif","https://www.gifdotreino.com/Exercicios/Calistenia/Barra%20fixa%20com%20Arco.gif","catalog-api","2112647","4ab2ab622bdd229a7ba68bd26a968cda6e00dd14da16ee8db13fbbb248a89c7a"
"GDT-0201","Barra fixa com braços alternados","barra-fixa-com-bracos-alternados","Calistenia","gifs/calistenia/barra-fixa-com-bracos-alternados.gif","https://www.gifdotreino.com/Exercicios/Calistenia/Barra%20fixa%20com%20bra%C3%A7os%20alternados.gif","catalog-api","3385724","bed4c2416797318a4a483e92121de3ac35d94c27d3c4bf8284a1e24d4c1643a0"
"GDT-0190","Barra Fixa com Giro","barra-fixa-com-giro","Calistenia","gifs/calistenia/barra-fixa-com-giro.gif","https://www.gifdotreino.com/Exercicios/Calistenia/Barra%20Fixa%20com%20Giro.gif","catalog-api","2067178","bb6ad2d86ad6004a8a2c47570967f10af92641e6679d2b68e607a8057cb764bb"
"GDT-0200","Barra fixa com L-sit","barra-fixa-com-l-sit","Calistenia","gifs/calistenia/barra-fixa-com-l-sit.gif","https://www.gifdotreino.com/Exercicios/Calistenia/Barra%20fixa%20com%20L-sit.gif","catalog-api","1235616","d84b55118ada14e734eb74e3ebc3bfc1ddbae96f7450c224cfcc22fa92df67eb"
"GDT-0192","Barra Fixa com Pegada Fechada","barra-fixa-com-pegada-fechada","Calistenia","gifs/calistenia/barra-fixa-com-pegada-fechada.gif","https://www.gifdotreino.com/Exercicios/Calistenia/Barra%20Fixa%20com%20Pegada%20Fechada.gif","catalog-api","1964377","f66b37a016847d66c56266ca85e9239ed61c58caecdcad371ba0d13b3cba7e27"
"GDT-0203","Barra fixa com pegada invertida assistido","barra-fixa-com-pegada-invertida-assistido","Calistenia","gifs/calistenia/barra-fixa-com-pegada-invertida-assistido.gif","https://www.gifdotreino.com/Exercicios/Calistenia/Barra%20fixa%20com%20pegada%20invertida%20assistido.gif","catalog-api","2431883","b1a2ae4d8086ecce2260bf7df7232da0bff24df50b316c9f1de02735e65319f5"
"GDT-0204","Barra fixa com pegada neutra","barra-fixa-com-pegada-neutra","Calistenia","gifs/calistenia/barra-fixa-com-pegada-neutra.gif","https://www.gifdotreino.com/Exercicios/Calistenia/Barra%20fixa%20com%20pegada%20neutra.gif","catalog-api","3128975","dfe8a3a10c6f1088cac0539eecf3526bee775dbee23ec662de0cefb78ad73a68"
"GDT-0194","Barra Fixa com Pegada por Trás do Pescoço","barra-fixa-com-pegada-por-tras-do-pescoco","Calistenia","gifs/calistenia/barra-fixa-com-pegada-por-tras-do-pescoco.gif","https://www.gifdotreino.com/Exercicios/Calistenia/Barra%20Fixa%20com%20Pegada%20por%20Tr%C3%A1s%20do%20Pesco%C3%A7o.gif","catalog-api","7889493","3560e54a605aaa15afccbf107b4944e9b211c500f3fdf92b4af6ff94709b9c8a"
"GDT-0193","Barra Fixa com Pegada Supinada","barra-fixa-com-pegada-supinada","Calistenia","gifs/calistenia/barra-fixa-com-pegada-supinada.gif","https://www.gifdotreino.com/Exercicios/Calistenia/Barra%20Fixa%20com%20Pegada%20Supinada.gif","catalog-api","2170586","9b0b5415aa8bd11f8145f3cbb2109839629a718c181cb8690acbc6fab237cf1c"
"GDT-0202","Barra fixa com peso","barra-fixa-com-peso","Calistenia","gifs/calistenia/barra-fixa-com-peso.gif","https://www.gifdotreino.com/Exercicios/Calistenia/Barra%20fixa%20com%20peso.gif","catalog-api","4269195","2a2851fb2ac6615645d313122b174f73799abc9aaac39670efd89160a3d51d9d"
"GDT-0205","Barra fixa com Salto","barra-fixa-com-salto","Calistenia","gifs/calistenia/barra-fixa-com-salto.gif","https://www.gifdotreino.com/Exercicios/Calistenia/Barra%20fixa%20com%20Salto.gif","catalog-api","2967042","8fa1e328da5a921b12c40ad9eb76285c949493bf07f898ee7032cf84c7726d2d"
"GDT-0197","Barra Fixa de Cabeça para Baixo","barra-fixa-de-cabeca-para-baixo","Calistenia","gifs/calistenia/barra-fixa-de-cabeca-para-baixo.gif","https://www.gifdotreino.com/Exercicios/Calistenia/Barra%20Fixa%20de%20Cabe%C3%A7a%20para%20Baixo.gif","catalog-api","1675232","22afdb58ecd597bb7fb607ebdfeae38d56f02ad40c6bc38cf9e9fe21f89457fb"
"GDT-0196","Barra Fixa para o Braquial","barra-fixa-para-o-braquial","Calistenia","gifs/calistenia/barra-fixa-para-o-braquial.gif","https://www.gifdotreino.com/Exercicios/Calistenia/Barra%20Fixa%20para%20o%20Braquial.gif","catalog-api","2182252","eb0421201fbad1b91f15dedd679c814ff8df0b271c0c05d0866a11326caa81ed"
"GDT-0206","Barra fixa pegada invertida","barra-fixa-pegada-invertida","Calistenia","gifs/calistenia/barra-fixa-pegada-invertida.gif","https://www.gifdotreino.com/Exercicios/Calistenia/Barra%20fixa%20pegada%20invertida.gif","catalog-api","2221175","8e933dcfc5c301eb79dce5e286895cdebf18c1759bc9327942f6bc10c9356b72"
"GDT-0210","Bicicleta Ergométrica Reclinada","bicicleta-ergometrica-reclinada","Cardio","gifs/cardio/bicicleta-ergometrica-reclinada.gif","https://www.gifdotreino.com/Exercicios/Cardio/Bicicleta%20Ergom%C3%A9trica%20Reclinada.gif","catalog-api","3668314","accf7d06d9fb394f3ac7006c41fb5ed06b13349446126012c039b60dfa13f74c"
"GDT-0212","Bike","bike","Cardio","gifs/cardio/bike.gif","https://www.gifdotreino.com/Exercicios/Cardio/Bike.gif","catalog-api","3100018","a1d3c227ddd78101d0c8122fbeaee6885e0d7884577626476136c84ae81dc9b2"
"GDT-0209","Bola medicinal lançada para cima e para baixo","bola-medicinal-lancada-para-cima-e-para-baixo","Crossfit","gifs/crossfit/bola-medicinal-lancada-para-cima-e-para-baixo.gif","https://www.gifdotreino.com/Exercicios/Crossfit/Bola%20medicinal%20lan%C3%A7ada%20para%20cima%20e%20para%20baixo.gif","catalog-api","579630","7d59b26be9be1887a5d29675d821fe93b93893b2fb435be4520afc5f44329f2b"
"GDT-0207","Bola na parede","bola-na-parede","Crossfit","gifs/crossfit/bola-na-parede.gif","https://www.gifdotreino.com/Exercicios/Crossfit/Bola%20na%20parede.gif","catalog-api","2689198","2bf2fdeede8e435e5f88b0e36e225a07846d070d96e15a212d76af45144fa19f"
"GDT-0213","Bom dia","bom-dia","Pernas","gifs/pernas/bom-dia.gif","https://www.gifdotreino.com/Exercicios/Pernas/Bom%20dia.gif","catalog-api","2133101","7121afcf586be78105bb7359a7bfc3ddc0e13b02680dc6a8f6dce02b26103ded"
"GDT-0218","Bom dia (1)","bom-dia-1","Pernas","gifs/pernas/bom-dia-1.gif","https://www.gifdotreino.com/Exercicios/Pernas/Bom%20dia%20(1).gif","catalog-api","5455500","674cc00bdc496d726f7232530b9fbcfb0bcbb1dd59d460a2aacc2a8cf40fac21"
"GDT-0208","Bom Dia com Faixa Elástica de Resistência","bom-dia-com-faixa-elastica-de-resistencia","Funcional e HIT","gifs/funcional-e-hit/bom-dia-com-faixa-elastica-de-resistencia.gif","https://www.gifdotreino.com/Exercicios/Funcional%20e%20HIT/Bom%20Dia%20com%20Faixa%20El%C3%A1stica%20de%20Resist%C3%AAncia.gif","catalog-api","2792275","20e4d5c96c6b1c56edc8cec9d14c99eefc5c46767f2bafdefd9270b991723aaa"
"GDT-0211","Bom Dia na Máquina Smith","bom-dia-na-maquina-smith","Pernas","gifs/pernas/bom-dia-na-maquina-smith.gif","https://www.gifdotreino.com/Exercicios/Pernas/Bom%20Dia%20na%20M%C3%A1quina%20Smith.gif","catalog-api","2827071","d289f1d78f436b7244519cf4bff4489c36eeb1c9a7a78bb485be9be717fce62f"
"GDT-0219","Boxe jab","boxe-jab","Funcional e HIT","gifs/funcional-e-hit/boxe-jab.gif","https://www.gifdotreino.com/Exercicios/Funcional%20e%20HIT/Boxe%20jab.gif","catalog-api","2627567","5e5d92ecdc691ac195091f17b4863e345d1d9fa481dd6b9f7680cc65dd11e27e"
"GDT-0214","Boxe Sombra","boxe-sombra","Funcional e HIT","gifs/funcional-e-hit/boxe-sombra.gif","https://www.gifdotreino.com/Exercicios/Funcional%20e%20HIT/Boxe%20Sombra.gif","catalog-api","3771343","9bd2380e3a6ea5339fa98a434923bcaf21d6e1a7a1c74ede88578960b25473cc"
"GDT-0216","Burpee Jack","burpee-jack","Crossfit","gifs/crossfit/burpee-jack.gif","https://www.gifdotreino.com/Exercicios/Crossfit/Burpee%20Jack.gif","catalog-api","1615111","3b8bd413332dddc2ad4fafa24f68d726307f4a7cb4aeaace26ca17c75f92d217"
"GDT-0215","Burpees","burpees","Crossfit","gifs/crossfit/burpees.gif","https://www.gifdotreino.com/Exercicios/Crossfit/Burpees.gif","catalog-api","1952514","2e29ce04a2d39de7c51c1e50b0567674dcd02889f31f0fa8dae06a216deb7734"
"GDT-0217","Cadeira extensora","cadeira-extensora","Pernas","gifs/pernas/cadeira-extensora.gif","https://www.gifdotreino.com/Exercicios/Pernas/Cadeira%20extensora.gif","catalog-api","3745178","e3a178291c4a8f11c5648bb025f7968d45c775079475a6f26c3a886b5f1bb8a4"
"GDT-0221","Cadeira flexora","cadeira-flexora","Pernas","gifs/pernas/cadeira-flexora.gif","https://www.gifdotreino.com/Exercicios/Pernas/Cadeira%20flexora.gif","catalog-api","3428609","f82ba0d85fa3dbbe2cff4b089ef8a09b8254a429610caf676e7f897cefdb8ed9"
"GDT-0226","Caminhada com Halteres","caminhada-com-halteres","Crossfit","gifs/crossfit/caminhada-com-halteres.gif","https://www.gifdotreino.com/Exercicios/Crossfit/Caminhada%20com%20Halteres.gif","catalog-api","2369819","e47bdf5b3a8baad2f180d5efd519ae99e8d4e3fcc7714f12aae4d0475ba931d9"
"GDT-0220","Caminhada Lateral com Faixa de Resistência","caminhada-lateral-com-faixa-de-resistencia","Funcional e HIT","gifs/funcional-e-hit/caminhada-lateral-com-faixa-de-resistencia.gif","https://www.gifdotreino.com/Exercicios/Funcional%20e%20HIT/Caminhada%20Lateral%20com%20Faixa%20de%20Resist%C3%AAncia.gif","catalog-api","2682233","615827e78ad806768b9deaa68d7f4f3e4f4be53724e2b3160c252175907096d1"
"GDT-0225","Caminhada na Parada de Mão","caminhada-na-parada-de-mao","Calistenia","gifs/calistenia/caminhada-na-parada-de-mao.gif","https://www.gifdotreino.com/Exercicios/Calistenia/Caminhada%20na%20Parada%20de%20M%C3%A3o.gif","catalog-api","2212726","5830cea7741c8fa410d5f2cf247123599e33c9d55a4026fe0a30d96c1e5e3f70"
"GDT-0222","Caminhada na Parede","caminhada-na-parede","Crossfit","gifs/crossfit/caminhada-na-parede.gif","https://www.gifdotreino.com/Exercicios/Crossfit/Caminhada%20na%20Parede.gif","catalog-api","5040356","a27212e6abbc277add82e949ef4e1d75f31381c98e29eea40042f1d6ed927152"
"GDT-0224","Caminhada Rápida","caminhada-rapida","Funcional e HIT","gifs/funcional-e-hit/caminhada-rapida.gif","https://www.gifdotreino.com/Exercicios/Funcional%20e%20HIT/Caminhada%20R%C3%A1pida.gif","catalog-api","2799506","1b485e2e718bd6d81b0cf3af276055cdeb44d5e775bf5271c3516572df9d354d"
"GDT-0223","Caminhar","caminhar","Funcional e HIT","gifs/funcional-e-hit/caminhar.gif","https://www.gifdotreino.com/Exercicios/Funcional%20e%20HIT/Caminhar.gif","catalog-api","2348146","abaa0e96ef03647bccb901342570addd85eac3fec943bce7bdad979a6a7c58e7"
"GDT-0227","Cardio de Passos de Boxeador","cardio-de-passos-de-boxeador","Funcional e HIT","gifs/funcional-e-hit/cardio-de-passos-de-boxeador.gif","https://www.gifdotreino.com/Exercicios/Funcional%20e%20HIT/Cardio%20de%20Passos%20de%20Boxeador.gif","catalog-api","2354378","b08701ba5b983efa624ea850cc1f3d6dc32ddfb77a4c4998a0b8dcbc163d1012"
"GDT-0233","Carregamento Zercher","carregamento-zercher","Crossfit","gifs/crossfit/carregamento-zercher.gif","https://www.gifdotreino.com/Exercicios/Crossfit/Carregamento%20Zercher.gif","catalog-api","3077868","164e80732925afd92b2d41cd37482362d7b0762d654538edf1d2f59acc233a56"
"GDT-0228","Catavento corporal","catavento-corporal","Mobilidade","gifs/mobilidade/catavento-corporal.gif","https://www.gifdotreino.com/Exercicios/Mobilidade/Catavento%20corporal.gif","catalog-api","2351407","601c621bf7b2fb5c7dc72fa2e749aa8f0f94f0f2d3fbf948c5955b30fe8bb0ec"
"GDT-0232","Chute em Gancho","chute-em-gancho","Funcional e HIT","gifs/funcional-e-hit/chute-em-gancho.gif","https://www.gifdotreino.com/Exercicios/Funcional%20e%20HIT/Chute%20em%20Gancho.gif","catalog-api","4157831","c7a82eb585354f94f3eaed0e253cb6a9205d152948e4dab3759f3cc0cdd60e0f"
"GDT-0229","Chutes Alternados de Glúteos no Banco","chutes-alternados-de-gluteos-no-banco","Funcional e HIT","gifs/funcional-e-hit/chutes-alternados-de-gluteos-no-banco.gif","https://www.gifdotreino.com/Exercicios/Funcional%20e%20HIT/Chutes%20Alternados%20de%20Gl%C3%BAteos%20no%20Banco.gif","catalog-api","2413187","829369adf2e1149ddc801d56516db6f827b2f5578d2ccbef21c78cc2f2a2d4e7"
"GDT-0231","Chutes até o Glúteo","chutes-ate-o-gluteo","Funcional e HIT","gifs/funcional-e-hit/chutes-ate-o-gluteo.gif","https://www.gifdotreino.com/Exercicios/Funcional%20e%20HIT/Chutes%20at%C3%A9%20o%20Gl%C3%BAteo.gif","catalog-api","2146753","1a5c57cb842990b95cfe5ff8e675adc6fc9587effa5a3c0b4a467af5bb74e76c"
"GDT-0268","Círculos com os braços","circulos-com-os-bracos","Mobilidade","gifs/mobilidade/circulos-com-os-bracos.gif","https://www.gifdotreino.com/Exercicios/Mobilidade/C%C3%ADrculos%20com%20os%20bra%C3%A7os.gif","catalog-api","2124495","9be437d4af57e709d7e5bc5c3aca2cc8c6a23bf53d50476c030dc304baaccbf6"
"GDT-0270","Círculos com um braço","circulos-com-um-braco","Mobilidade","gifs/mobilidade/circulos-com-um-braco.gif","https://www.gifdotreino.com/Exercicios/Mobilidade/C%C3%ADrculos%20com%20um%20bra%C3%A7o.gif","catalog-api","2990338","394efa5c2e5349a68c45e9b585ca370298aa0d55755f6e81f65a4ec9a670775e"
"GDT-0265","Círculos de Braço com Pesos","circulos-de-braco-com-pesos","Ombros","gifs/ombros/circulos-de-braco-com-pesos.gif","https://www.gifdotreino.com/Exercicios/Ombros/C%C3%ADrculos%20de%20Bra%C3%A7o%20com%20Pesos.gif","catalog-api","2413097","16bf22cbe44f5145edb16ca7cd5c454841d503fbef4ef16218603c0663f10886"
"GDT-0230","Coice com Perna Flexionada","coice-com-perna-flexionada","Funcional e HIT","gifs/funcional-e-hit/coice-com-perna-flexionada.gif","https://www.gifdotreino.com/Exercicios/Funcional%20e%20HIT/Coice%20com%20Perna%20Flexionada.gif","catalog-api","2492073","14a63e63299bc0623981487a143a5edc7a3d7ac93d9e9fa2cf0d219248645840"
"GDT-0234","Coice de Burro","coice-de-burro","Funcional e HIT","gifs/funcional-e-hit/coice-de-burro.gif","https://www.gifdotreino.com/Exercicios/Funcional%20e%20HIT/Coice%20de%20Burro.gif","catalog-api","2535415","71f2d0a77df2e90f21d07f4521f6054fc78def1cd084c1ac9f6b52cf90ded0b1"
"GDT-0235","Contração abdominal","contracao-abdominal","Mobilidade","gifs/mobilidade/contracao-abdominal.gif","https://www.gifdotreino.com/Exercicios/Mobilidade/Contra%C3%A7%C3%A3o%20abdominal.gif","catalog-api","83618","c4d7377601d280377d4ab23fe58f10105a9b6c805f4a7bd49d27dfa07c339f27"
"GDT-0266","Cópia de Abdominal de Rã com Bola de Exercícios","copia-de-abdominal-de-ra-com-bola-de-exercicios","Funcional e HIT","gifs/funcional-e-hit/copia-de-abdominal-de-ra-com-bola-de-exercicios.gif","https://www.gifdotreino.com/Exercicios/Funcional%20e%20HIT/C%C3%B3pia%20de%20Abdominal%20de%20R%C3%A3%20com%20Bola%20de%20Exerc%C3%ADcios.gif","catalog-api","3164412","e476d6e5820df76705ecb45635f40ae34dc87aced0830e77461266336a9ca2df"
"GDT-0237","Corda de batalha","corda-de-batalha","Crossfit","gifs/crossfit/corda-de-batalha.gif","https://www.gifdotreino.com/Exercicios/Crossfit/Corda%20de%20batalha.gif","catalog-api","2330038","642a1722e96a774809350175c45dfbac0a0a08db848c1fb3b33caf52c2ccc495"
"GDT-0240","Corrida","corrida","Funcional e HIT","gifs/funcional-e-hit/corrida.gif","https://www.gifdotreino.com/Exercicios/Funcional%20e%20HIT/Corrida.gif","catalog-api","2269041","8bbade0d98a5044130eea87d7f5f7973cb4c9b51b9ff3de952e35edb250b50e9"
"GDT-0238","Corrida com Elevação dos Joelhos","corrida-com-elevacao-dos-joelhos","Funcional e HIT","gifs/funcional-e-hit/corrida-com-elevacao-dos-joelhos.gif","https://www.gifdotreino.com/Exercicios/Funcional%20e%20HIT/Corrida%20com%20Eleva%C3%A7%C3%A3o%20dos%20Joelhos.gif","catalog-api","3709238","3e4760a6950fcfb1842d201a3ae824f0dcffd42d08967fffe1080c4ddc46049c"
"GDT-0241","Corrida com Joelhos Altos","corrida-com-joelhos-altos","Funcional e HIT","gifs/funcional-e-hit/corrida-com-joelhos-altos.gif","https://www.gifdotreino.com/Exercicios/Funcional%20e%20HIT/Corrida%20com%20Joelhos%20Altos.gif","catalog-api","2095083","69357ea415b70ff9f18669587f8cd3cad959d6daa6d73d0a912c8cbe4862062b"
"GDT-0239","Corrida com Passos Rápidos","corrida-com-passos-rapidos","Funcional e HIT","gifs/funcional-e-hit/corrida-com-passos-rapidos.gif","https://www.gifdotreino.com/Exercicios/Funcional%20e%20HIT/Corrida%20com%20Passos%20R%C3%A1pidos.gif","catalog-api","3808501","a60d810d7011b88d08973a027d7fe3674d8eb473fe55d5768fa23a44862ec4d5"
"GDT-0242","Corrida com Salto","corrida-com-salto","Funcional e HIT","gifs/funcional-e-hit/corrida-com-salto.gif","https://www.gifdotreino.com/Exercicios/Funcional%20e%20HIT/Corrida%20com%20Salto.gif","catalog-api","4081218","95f84e96e3bfe939acdc53c1ce71b6378e985b03dd2abe8d7e03e4fcbc9bec34"
"GDT-0244","Corrida de Passos Curtos","corrida-de-passos-curtos","Funcional e HIT","gifs/funcional-e-hit/corrida-de-passos-curtos.gif","https://www.gifdotreino.com/Exercicios/Funcional%20e%20HIT/Corrida%20de%20Passos%20Curtos.gif","catalog-api","2290743","982159ddd1a222150609b1e0619a8aa5fa96e87f504c7cefe7ca030b04799c7b"
"GDT-0250","Corrida de Sprint com Assistência de Faixa Elástica","corrida-de-sprint-com-assistencia-de-faixa-elastica","Funcional e HIT","gifs/funcional-e-hit/corrida-de-sprint-com-assistencia-de-faixa-elastica.gif","https://www.gifdotreino.com/Exercicios/Funcional%20e%20HIT/Corrida%20de%20Sprint%20com%20Assist%C3%AAncia%20de%20Faixa%20El%C3%A1stica.gif","catalog-api","3471857","862c4e408937cbdeeacb676e5d627bc9ea6ab96bade28e1847c194782f226423"
"GDT-0236","Corrida Estacionária","corrida-estacionaria","Funcional e HIT","gifs/funcional-e-hit/corrida-estacionaria.gif","https://www.gifdotreino.com/Exercicios/Funcional%20e%20HIT/Corrida%20Estacion%C3%A1ria.gif","catalog-api","2614034","b0ae0b2f226b265e0a382fe7fc980b72199a5c560d7607b4a1d7b7b45648e562"
"GDT-0243","Corrida Latera","corrida-latera","Funcional e HIT","gifs/funcional-e-hit/corrida-latera.gif","https://www.gifdotreino.com/Exercicios/Funcional%20e%20HIT/Corrida%20Latera.gif","catalog-api","4710925","b7c21e0a1e78b3fcf727a6e72d3f94002327e3a193779909c2bfee6654e42eb6"
"GDT-0245","Corrida na Bicicleta Ergométrica","corrida-na-bicicleta-ergometrica","Cardio","gifs/cardio/corrida-na-bicicleta-ergometrica.gif","https://www.gifdotreino.com/Exercicios/Cardio/Corrida%20na%20Bicicleta%20Ergom%C3%A9trica.gif","catalog-api","2908163","8e87442d64e465e7a2a6bd9c1c096cfbac2e004001bc58e1aa4333e22ec1408c"
"GDT-0247","Corrida para Trás","corrida-para-tras","Funcional e HIT","gifs/funcional-e-hit/corrida-para-tras.gif","https://www.gifdotreino.com/Exercicios/Funcional%20e%20HIT/Corrida%20para%20Tr%C3%A1s.gif","catalog-api","2977381","c9c64a4db3b609aa8f21639a57fb0788e55c8988d89f7e98453db3e2842421f0"
"GDT-0248","Cross over polia Alta","cross-over-polia-alta","Peitoral","gifs/peitoral/cross-over-polia-alta.gif","https://www.gifdotreino.com/Exercicios/Peitoral/Cross%20over%20polia%20Alta.gif","catalog-api","2496709","0b121a23354dadbe606474416b72960bb5485a0d309d5ea5d237702ea1ed670d"
"GDT-0246","Cross over polia baixa","cross-over-polia-baixa","Peitoral","gifs/peitoral/cross-over-polia-baixa.gif","https://www.gifdotreino.com/Exercicios/Peitoral/Cross%20over%20polia%20baixa.gif","catalog-api","3014852","95d8a4b8d6b3f0936f0db6f671f731945379eb4cc62bf76e9727b05f2dbed94c"
"GDT-0249","Cross over polia media","cross-over-polia-media","Peitoral","gifs/peitoral/cross-over-polia-media.gif","https://www.gifdotreino.com/Exercicios/Peitoral/Cross%20over%20polia%20media.gif","catalog-api","2428142","41c83a3ec2888c3710e7ec6bbfb99814be7891f5f878af16a09cd8e66ac75b4a"
"GDT-0254","Crossover de peitoral superior com cabo","crossover-de-peitoral-superior-com-cabo","Peitoral","gifs/peitoral/crossover-de-peitoral-superior-com-cabo.gif","https://www.gifdotreino.com/Exercicios/Peitoral/Crossover%20de%20peitoral%20superior%20com%20cabo.gif","catalog-api","2146908","0d376bd1a96b5c4309cab9387ecaa58779f01e699fa39d480cf85fd98a47598d"
"GDT-0251","Crossover na Alavanca","crossover-na-alavanca","Peitoral","gifs/peitoral/crossover-na-alavanca.gif","https://www.gifdotreino.com/Exercicios/Peitoral/Crossover%20na%20Alavanca.gif","catalog-api","3779370","ecb75133dd9b9cc7351b348a759d8648806e83bbd87a704feb61e749e4006072"
"GDT-0253","Crossover Unilateral com Cabo","crossover-unilateral-com-cabo","Peitoral","gifs/peitoral/crossover-unilateral-com-cabo.gif","https://www.gifdotreino.com/Exercicios/Peitoral/Crossover%20Unilateral%20com%20Cabo.gif","catalog-api","3166254","82cad8375a68fe6b2276a15861719f8255058bc631fca71f5f62e622f8d99ef5"
"GDT-0257","Crucifixo com Cabo Declinado","crucifixo-com-cabo-declinado","Peitoral","gifs/peitoral/crucifixo-com-cabo-declinado.gif","https://www.gifdotreino.com/Exercicios/Peitoral/Crucifixo%20com%20Cabo%20Declinado.gif","catalog-api","2454357","903f5372a4a3019e503e230e03f38d1c1157e7ddfcb984f50a0cfc6d89b5f64a"
"GDT-0262","Crucifixo com halteres","crucifixo-com-halteres","Peitoral","gifs/peitoral/crucifixo-com-halteres.gif","https://www.gifdotreino.com/Exercicios/Peitoral/Crucifixo%20com%20halteres.gif","catalog-api","3947972","3e74aa527d0a28942be9fa0b052247c61a197db01e3bf44d8887e1f2eddf60e4"
"GDT-0261","Crucifixo com Halteres Declinado","crucifixo-com-halteres-declinado","Peitoral","gifs/peitoral/crucifixo-com-halteres-declinado.gif","https://www.gifdotreino.com/Exercicios/Peitoral/Crucifixo%20com%20Halteres%20Declinado.gif","catalog-api","2798963","ae208bb0354e610afb43dfac897fe1f9defe4cf1eab516b0cb2f72282d2c5466"
"GDT-0258","Crucifixo com Halteres Inclinado","crucifixo-com-halteres-inclinado","Peitoral","gifs/peitoral/crucifixo-com-halteres-inclinado.gif","https://www.gifdotreino.com/Exercicios/Peitoral/Crucifixo%20com%20Halteres%20Inclinado.gif","catalog-api","3215650","aa4a628c8f11bf333b84a7cbde45d46b41b4493937075140b38887e060c667d1"
"GDT-0263","Crucifixo com TRX","crucifixo-com-trx","Calistenia","gifs/calistenia/crucifixo-com-trx.gif","https://www.gifdotreino.com/Exercicios/Calistenia/Crucifixo%20com%20TRX.gif","catalog-api","2859201","f9f1661203107f94bb6554b2703e9f015c483ff0e7901e6a5a5c371d29ed6d25"
"GDT-0256","Crucifixo Deitado com Cabo","crucifixo-deitado-com-cabo","Peitoral","gifs/peitoral/crucifixo-deitado-com-cabo.gif","https://www.gifdotreino.com/Exercicios/Peitoral/Crucifixo%20Deitado%20com%20Cabo.gif","catalog-api","3685986","7b0729a57aa5b8541fb819456a2a1bb8cbd3aa717ab43dd4273a87259f29c124"
"GDT-0252","Crucifixo Inclinado Cross","crucifixo-inclinado-cross","Peitoral","gifs/peitoral/crucifixo-inclinado-cross.gif","https://www.gifdotreino.com/Exercicios/Peitoral/Crucifixo%20Inclinado%20Cross.gif","catalog-api","2870090","3f866601a42ca462c779524041d78134fca0653a77d82fd1f6dbe1399564db53"
"GDT-0259","Crucifixo inverso unilateral com cabo","crucifixo-inverso-unilateral-com-cabo","Ombros","gifs/ombros/crucifixo-inverso-unilateral-com-cabo.gif","https://www.gifdotreino.com/Exercicios/Ombros/Crucifixo%20inverso%20unilateral%20com%20cabo.gif","catalog-api","3424406","5de3c4eb2dd5f1a50b131c4867a42e82768370fbfba8fffa9402b7ccaa9711dc"
"GDT-0260","Crucifixo invertido com gymstick para deltoides posterior","crucifixo-invertido-com-gymstick-para-deltoides-posterior","Funcional e HIT","gifs/funcional-e-hit/crucifixo-invertido-com-gymstick-para-deltoides-posterior.gif","https://www.gifdotreino.com/Exercicios/Funcional%20e%20HIT/Crucifixo%20invertido%20com%20gymstick%20para%20deltoides%20posterior.gif","catalog-api","3809362","f4a7a1e183449f1f50630a5b32080348ac3128557ee827a34040105517339abd"
"GDT-0255","Crucifixo Unilateral em Declinado com Cabo","crucifixo-unilateral-em-declinado-com-cabo","Peitoral","gifs/peitoral/crucifixo-unilateral-em-declinado-com-cabo.gif","https://www.gifdotreino.com/Exercicios/Peitoral/Crucifixo%20Unilateral%20em%20Declinado%20com%20Cabo.gif","catalog-api","3675965","8802ada308146b670b8d4b68b2bae9a1bfe7b4bbd3a6138b950be461e3148d08"
"GDT-0264","Cruz de ferro com halteres","cruz-de-ferro-com-halteres","Crossfit","gifs/crossfit/cruz-de-ferro-com-halteres.gif","https://www.gifdotreino.com/Exercicios/Crossfit/Cruz%20de%20ferro%20com%20halteres.gif","catalog-api","2821547","ea87d0ee21baed4acc38f0dcccb90f68cfd3b1f27fe12bf23eee78f043360e4c"
"GDT-0267","Cruzado de Direita","cruzado-de-direita","Funcional e HIT","gifs/funcional-e-hit/cruzado-de-direita.gif","https://www.gifdotreino.com/Exercicios/Funcional%20e%20HIT/Cruzado%20de%20Direita.gif","catalog-api","3070738","39773120a5975eabdbe9761cc390e2f20df43b15221fb628ec08e530a83f5a1e"
"GDT-0269","Descida de um Pé Só","descida-de-um-pe-so","Pernas","gifs/pernas/descida-de-um-pe-so.gif","https://www.gifdotreino.com/Exercicios/Pernas/Descida%20de%20um%20P%C3%A9%20S%C3%B3.gif","catalog-api","2147301","c327b0b25bbeaa85640d1fc5fd4714c128d2f20c0da1df2c4d59c354a45376c8"
"GDT-0276","Desenvolvimento Arnold","desenvolvimento-arnold","Ombros","gifs/ombros/desenvolvimento-arnold.gif","https://www.gifdotreino.com/Exercicios/Ombros/Desenvolvimento%20Arnold.gif","catalog-api","2666949","6050b0298fb99dfe37bec74dfa376dc0c0485f4ca15843a4979e1581544355d9"
"GDT-0275","Desenvolvimento Arnold (metade)","desenvolvimento-arnold-metade","Ombros","gifs/ombros/desenvolvimento-arnold-metade.gif","https://www.gifdotreino.com/Exercicios/Ombros/Desenvolvimento%20Arnold%20(metade).gif","catalog-api","2716035","7461cb09d7f35b8c030bab0d705ef990fdeb62ddde788a71a1c0294a0222ac6c"
"GDT-0271","Desenvolvimento Arnold com kettlebell","desenvolvimento-arnold-com-kettlebell","Crossfit","gifs/crossfit/desenvolvimento-arnold-com-kettlebell.gif","https://www.gifdotreino.com/Exercicios/Crossfit/Desenvolvimento%20Arnold%20com%20kettlebell.gif","catalog-api","1820123","7e3759a658eddb083844e0d32888a8c8357d0bf8ef9cecaae0e27d029ab44891"
"GDT-0272","Desenvolvimento arnold com um braço","desenvolvimento-arnold-com-um-braco","Ombros","gifs/ombros/desenvolvimento-arnold-com-um-braco.gif","https://www.gifdotreino.com/Exercicios/Ombros/Desenvolvimento%20arnold%20com%20um%20bra%C3%A7o.gif","catalog-api","1734864","e8ecf1c2ec5930ad681f7f10087068f62cfb1f2fad8bc8b4cf3d1cd57ca153a1"
"GDT-0277","Desenvolvimento Cubano com Halteres","desenvolvimento-cubano-com-halteres","Ombros","gifs/ombros/desenvolvimento-cubano-com-halteres.gif","https://www.gifdotreino.com/Exercicios/Ombros/Desenvolvimento%20Cubano%20com%20Halteres.gif","catalog-api","3113652","e420e10ecd476a131bc15196fa4bca5186b685f15ead12039386a8254111547b"
"GDT-0273","Desenvolvimento cubano sentado com halteres","desenvolvimento-cubano-sentado-com-halteres","Ombros","gifs/ombros/desenvolvimento-cubano-sentado-com-halteres.gif","https://www.gifdotreino.com/Exercicios/Ombros/Desenvolvimento%20cubano%20sentado%20com%20halteres.gif","catalog-api","2259660","6096c6fbc6d5437774f014f959438e2c3e34ea8f8e9a5f897ba3ea7c27516143"
"GDT-0274","Desenvolvimento de Ombro Alternada em Pé com Halteres","desenvolvimento-de-ombro-alternada-em-pe-com-halteres","Ombros","gifs/ombros/desenvolvimento-de-ombro-alternada-em-pe-com-halteres.gif","https://www.gifdotreino.com/Exercicios/Ombros/Desenvolvimento%20de%20Ombro%20Alternada%20em%20P%C3%A9%20com%20Halteres.gif","catalog-api","1953772","1d6776be203f92f05d41b62e55b155f30a7866097f37f63f1ca7f0a9868c5041"
"GDT-0280","Desenvolvimento de ombro com barra sentado","desenvolvimento-de-ombro-com-barra-sentado","Ombros","gifs/ombros/desenvolvimento-de-ombro-com-barra-sentado.gif","https://www.gifdotreino.com/Exercicios/Ombros/Desenvolvimento%20de%20ombro%20com%20barra%20sentado.gif","catalog-api","4182623","9c700cbc7dbfd646e5e238ab31a73869c3560a73c00ce2cc4d5c4736fc7de23a"
"GDT-0285","Desenvolvimento de ombro com cabo","desenvolvimento-de-ombro-com-cabo","Ombros","gifs/ombros/desenvolvimento-de-ombro-com-cabo.gif","https://www.gifdotreino.com/Exercicios/Ombros/Desenvolvimento%20de%20ombro%20com%20cabo.gif","catalog-api","1973959","a761f5cf676b9d75bc055d2a17654d07b2f6ed40def733c617cc543bc9ea5923"
"GDT-0286","Desenvolvimento de ombro com cabo ajoelhado","desenvolvimento-de-ombro-com-cabo-ajoelhado","Ombros","gifs/ombros/desenvolvimento-de-ombro-com-cabo-ajoelhado.gif","https://www.gifdotreino.com/Exercicios/Ombros/Desenvolvimento%20de%20ombro%20com%20cabo%20ajoelhado.gif","catalog-api","2851317","a3a251421afec7ff1939ee9d0d377e264c7cca4c7ce301409534a70c5fc8bcc8"
"GDT-0284","Desenvolvimento de ombro com halteres em forma de W","desenvolvimento-de-ombro-com-halteres-em-forma-de-w","Ombros","gifs/ombros/desenvolvimento-de-ombro-com-halteres-em-forma-de-w.gif","https://www.gifdotreino.com/Exercicios/Ombros/Desenvolvimento%20de%20ombro%20com%20halteres%20em%20forma%20de%20W.gif","catalog-api","1968073","1f614b0edd427eefa708de2094f888fca92385402ee781e6d9ad3cbdab7ddf7c"
"GDT-0281","Desenvolvimento de ombro com halteres em Z","desenvolvimento-de-ombro-com-halteres-em-z","Ombros","gifs/ombros/desenvolvimento-de-ombro-com-halteres-em-z.gif","https://www.gifdotreino.com/Exercicios/Ombros/Desenvolvimento%20de%20ombro%20com%20halteres%20em%20Z.gif","catalog-api","2864859","f7c317065e81972d47620d6e9c92d01092d80048f90a1483fdfe245928c89445"
"GDT-0282","Desenvolvimento de ombro com kettlebell","desenvolvimento-de-ombro-com-kettlebell","Crossfit","gifs/crossfit/desenvolvimento-de-ombro-com-kettlebell.gif","https://www.gifdotreino.com/Exercicios/Crossfit/Desenvolvimento%20de%20ombro%20com%20kettlebell.gif","catalog-api","2460538","415c2215d9f027dd68ffea629d6e15a728f6b91fe09ba9b9cfc4ef36fadc9320"
"GDT-0283","Desenvolvimento de ombro deitado","desenvolvimento-de-ombro-deitado","Ombros","gifs/ombros/desenvolvimento-de-ombro-deitado.gif","https://www.gifdotreino.com/Exercicios/Ombros/Desenvolvimento%20de%20ombro%20deitado.gif","catalog-api","2692260","1e5638f5be0321163de22e0d6a2a505633edcc2a4025a99035c75e063dce8d58"
"GDT-0287","Desenvolvimento de ombro na máquina","desenvolvimento-de-ombro-na-maquina","Ombros","gifs/ombros/desenvolvimento-de-ombro-na-maquina.gif","https://www.gifdotreino.com/Exercicios/Ombros/Desenvolvimento%20de%20ombro%20na%20m%C3%A1quina.gif","catalog-api","4645442","f8192bd88a9f780656f881539e87156cb1a6a06480f22e7e196b168c1fae4c4b"
"GDT-0292","Desenvolvimento de ombro na máquina (pegada martelo)","desenvolvimento-de-ombro-na-maquina-pegada-martelo","Ombros","gifs/ombros/desenvolvimento-de-ombro-na-maquina-pegada-martelo.gif","https://www.gifdotreino.com/Exercicios/Ombros/Desenvolvimento%20de%20ombro%20na%20m%C3%A1quina%20(pegada%20martelo).gif","catalog-api","3945413","e940c5cb078d0437fe08c26e053979950ad5a6a2acc6f65a1905bd042413d495"
"GDT-0279","Desenvolvimento de Ombro no Banco com Halteres","desenvolvimento-de-ombro-no-banco-com-halteres","Ombros","gifs/ombros/desenvolvimento-de-ombro-no-banco-com-halteres.gif","https://www.gifdotreino.com/Exercicios/Ombros/Desenvolvimento%20de%20Ombro%20no%20Banco%20com%20Halteres.gif","catalog-api","2688633","14eabf2536479d121719e5d04b989a4e1a40a6c1081cfb0d9f9cbed285989454"
"GDT-0291","Desenvolvimento de ombro reversa na máquina","desenvolvimento-de-ombro-reversa-na-maquina","Ombros","gifs/ombros/desenvolvimento-de-ombro-reversa-na-maquina.gif","https://www.gifdotreino.com/Exercicios/Ombros/Desenvolvimento%20de%20ombro%20reversa%20na%20m%C3%A1quina.gif","catalog-api","3634036","89a436bbb75e565bd6332a1a1ec7cab7abc5b5ea01f23818d8cef778bb79c93a"
"GDT-0290","Desenvolvimento de ombro sentado com faixa de resistência","desenvolvimento-de-ombro-sentado-com-faixa-de-resistencia","Funcional e HIT","gifs/funcional-e-hit/desenvolvimento-de-ombro-sentado-com-faixa-de-resistencia.gif","https://www.gifdotreino.com/Exercicios/Funcional%20e%20HIT/Desenvolvimento%20de%20ombro%20sentado%20com%20faixa%20de%20resist%C3%AAncia.gif","catalog-api","2382443","6f8cbf7ef038019d394d6350a7997e232a63b224ad13fdd75c93be9fc33b600f"
"GDT-0288","Desenvolvimento de ombro unilateral com banda","desenvolvimento-de-ombro-unilateral-com-banda","Funcional e HIT","gifs/funcional-e-hit/desenvolvimento-de-ombro-unilateral-com-banda.gif","https://www.gifdotreino.com/Exercicios/Funcional%20e%20HIT/Desenvolvimento%20de%20ombro%20unilateral%20com%20banda.gif","catalog-api","2118574","bde40879a5e65b8849f2be9cf9609c5ffaa339407cc51f559175e50b4d6dd4b5"
"GDT-0289","Desenvolvimento de ombro unilateral com halter","desenvolvimento-de-ombro-unilateral-com-halter","Ombros","gifs/ombros/desenvolvimento-de-ombro-unilateral-com-halter.gif","https://www.gifdotreino.com/Exercicios/Ombros/Desenvolvimento%20de%20ombro%20unilateral%20com%20halter.gif","catalog-api","1779490","1f66527892e86dace0b7e79915738aa644e3c7d18bbdb94359a1fdd96548df52"
"GDT-0293","Desenvolvimento de ombros atrás da cabeça na máquina Smith","desenvolvimento-de-ombros-atras-da-cabeca-na-maquina-smith","Ombros","gifs/ombros/desenvolvimento-de-ombros-atras-da-cabeca-na-maquina-smith.gif","https://www.gifdotreino.com/Exercicios/Ombros/Desenvolvimento%20de%20ombros%20atr%C3%A1s%20da%20cabe%C3%A7a%20na%20m%C3%A1quina%20Smith.gif","catalog-api","3275331","9e46bd3e81b84794eabdcd833dd598c97ee6bd909b7e0113b1ac4184d5d30f40"
"GDT-0295","Desenvolvimento de ombros atrás do pescoço sentado","desenvolvimento-de-ombros-atras-do-pescoco-sentado","Ombros","gifs/ombros/desenvolvimento-de-ombros-atras-do-pescoco-sentado.gif","https://www.gifdotreino.com/Exercicios/Ombros/Desenvolvimento%20de%20ombros%20atr%C3%A1s%20do%20pesco%C3%A7o%20sentado.gif","catalog-api","3022435","d29d9c7a2858ce665dbaf68e1b709f09aee91938e9cb7c623e83b4bcd4529a4f"
"GDT-0296","Desenvolvimento de ombros com barra W com pegada invertida","desenvolvimento-de-ombros-com-barra-w-com-pegada-invertida","Ombros","gifs/ombros/desenvolvimento-de-ombros-com-barra-w-com-pegada-invertida.gif","https://www.gifdotreino.com/Exercicios/Ombros/Desenvolvimento%20de%20ombros%20com%20barra%20W%20com%20pegada%20invertida.gif","catalog-api","1889002","007d2a4e6ed332bb63d514c7e21f8c1af1774390d57a34530ef49052b1d992e9"
"GDT-0294","Desenvolvimento de ombros com halteres em pé com pegada neutra","desenvolvimento-de-ombros-com-halteres-em-pe-com-pegada-neutra","Ombros","gifs/ombros/desenvolvimento-de-ombros-com-halteres-em-pe-com-pegada-neutra.gif","https://www.gifdotreino.com/Exercicios/Ombros/Desenvolvimento%20de%20ombros%20com%20halteres%20em%20p%C3%A9%20com%20pegada%20neutra.gif","catalog-api","1777658","331f3972698a29b3da1a22a60e9ec7787d182dc473db1575847439bdb0b42cd0"
"GDT-0278","Desenvolvimento de Ombros com Rotação Alternada com Halteres","desenvolvimento-de-ombros-com-rotacao-alternada-com-halteres","Ombros","gifs/ombros/desenvolvimento-de-ombros-com-rotacao-alternada-com-halteres.gif","https://www.gifdotreino.com/Exercicios/Ombros/Desenvolvimento%20de%20Ombros%20com%20Rota%C3%A7%C3%A3o%20Alternada%20com%20Halteres.gif","catalog-api","1627008","f42ed9ed94a4aa1547083271d1fc036e8d8d357af7a6047e8342674f1c5f764b"
"GDT-0302","Desenvolvimento de ombros na máquina","desenvolvimento-de-ombros-na-maquina","Ombros","gifs/ombros/desenvolvimento-de-ombros-na-maquina.gif","https://www.gifdotreino.com/Exercicios/Ombros/Desenvolvimento%20de%20ombros%20na%20m%C3%A1quina.gif","catalog-api","4030129","ec8221051d63c008bb0c6a91f19d782736d52f35e7149757cdaad625e0d56255"
"GDT-0300","Desenvolvimento de ombros na máquina Smith","desenvolvimento-de-ombros-na-maquina-smith","Ombros","gifs/ombros/desenvolvimento-de-ombros-na-maquina-smith.gif","https://www.gifdotreino.com/Exercicios/Ombros/Desenvolvimento%20de%20ombros%20na%20m%C3%A1quina%20Smith.gif","catalog-api","3243560","21f29799fa8338d0a7b527dc27ae8b9fc2ae5c10f6a8393638f068fdff9b6346"
"GDT-0297","Desenvolvimento lateral com gymstick","desenvolvimento-lateral-com-gymstick","Funcional e HIT","gifs/funcional-e-hit/desenvolvimento-lateral-com-gymstick.gif","https://www.gifdotreino.com/Exercicios/Funcional%20e%20HIT/Desenvolvimento%20lateral%20com%20gymstick.gif","catalog-api","2169377","8e698f0f9396c5073c56d9c5fa1827ef113f9bbcdb565066ac76316efe1f1b58"
"GDT-0301","Desenvolvimento militar atrás da cabeça com gymstick","desenvolvimento-militar-atras-da-cabeca-com-gymstick","Funcional e HIT","gifs/funcional-e-hit/desenvolvimento-militar-atras-da-cabeca-com-gymstick.gif","https://www.gifdotreino.com/Exercicios/Funcional%20e%20HIT/Desenvolvimento%20militar%20atr%C3%A1s%20da%20cabe%C3%A7a%20com%20gymstick.gif","catalog-api","2324975","a087cad769fcd7edc4dc6b2f7760c3b7862a6b8aefe802e32a9007fda80d4552"
"GDT-0298","Desenvolvimento militar com barra","desenvolvimento-militar-com-barra","Ombros","gifs/ombros/desenvolvimento-militar-com-barra.gif","https://www.gifdotreino.com/Exercicios/Ombros/Desenvolvimento%20militar%20com%20barra.gif","catalog-api","2753538","7b8e5dc8692b4b0b5ce8bc783b79885e7c984ebb0042842254a62910ea4523d5"
"GDT-0299","Desenvolvimento militar com barra no chão ajoelhado","desenvolvimento-militar-com-barra-no-chao-ajoelhado","Ombros","gifs/ombros/desenvolvimento-militar-com-barra-no-chao-ajoelhado.gif","https://www.gifdotreino.com/Exercicios/Ombros/Desenvolvimento%20militar%20com%20barra%20no%20ch%C3%A3o%20ajoelhado.gif","catalog-api","1760863","f8fca1b33f52b6eb94346e493477e74eaaa38c86c863c9a22ed21fa0b3ee572b"
"GDT-0303","Desenvolvimento militar com pegada fechada","desenvolvimento-militar-com-pegada-fechada","Ombros","gifs/ombros/desenvolvimento-militar-com-pegada-fechada.gif","https://www.gifdotreino.com/Exercicios/Ombros/Desenvolvimento%20militar%20com%20pegada%20fechada.gif","catalog-api","2228130","ab90836d6e3901024fb06bbbe3c78b9245abec4058a86d5b379d29cdc8bd51d2"
"GDT-0309","Desenvolvimento militar com peso do corpo","desenvolvimento-militar-com-peso-do-corpo","Funcional e HIT","gifs/funcional-e-hit/desenvolvimento-militar-com-peso-do-corpo.gif","https://www.gifdotreino.com/Exercicios/Funcional%20e%20HIT/Desenvolvimento%20militar%20com%20peso%20do%20corpo.gif","catalog-api","1940527","081a4c74b0c1b191910c9d729b5d74f308a3736ea30bce6ccf748ec2fce8ac6d"
"GDT-0304","Desenvolvimento militar de uma mão com kettlebell","desenvolvimento-militar-de-uma-mao-com-kettlebell","Ombros","gifs/ombros/desenvolvimento-militar-de-uma-mao-com-kettlebell.gif","https://www.gifdotreino.com/Exercicios/Ombros/Desenvolvimento%20militar%20de%20uma%20m%C3%A3o%20com%20kettlebell.gif","catalog-api","1920462","a640bd6a4daf83fb67a9ba8aebc1d7ed222ec34638fff587690913163a54edd4"
"GDT-0310","Desenvolvimento militar em pé na máquina Smith","desenvolvimento-militar-em-pe-na-maquina-smith","Ombros","gifs/ombros/desenvolvimento-militar-em-pe-na-maquina-smith.gif","https://www.gifdotreino.com/Exercicios/Ombros/Desenvolvimento%20militar%20em%20p%C3%A9%20na%20m%C3%A1quina%20Smith.gif","catalog-api","2964567","558fe10b6b68c04888291e2970601a71d3addeb5c33cc6d69e92fd824c919706"
"GDT-0305","Desenvolvimento militar inclinado com barra presa no chão","desenvolvimento-militar-inclinado-com-barra-presa-no-chao","Ombros","gifs/ombros/desenvolvimento-militar-inclinado-com-barra-presa-no-chao.gif","https://www.gifdotreino.com/Exercicios/Ombros/Desenvolvimento%20militar%20inclinado%20com%20barra%20presa%20no%20ch%C3%A3o.gif","catalog-api","1836278","efcd86eb75d73c5afffe8671af68ac6b47f5008bf423a6aa05c05259883984d2"
"GDT-0308","Desenvolvimentos com kettlebell unilateral de joelhos","desenvolvimentos-com-kettlebell-unilateral-de-joelhos","Crossfit","gifs/crossfit/desenvolvimentos-com-kettlebell-unilateral-de-joelhos.gif","https://www.gifdotreino.com/Exercicios/Crossfit/Desenvolvimentos%20com%20kettlebell%20unilateral%20de%20joelhos.gif","catalog-api","1865529","6b6d4e7a246ddae02431da88932f8ddc25ed54290beeae03796d5f639571a89a"
"GDT-0306","Deslize de parede do serrátil com rolo de espuma","deslize-de-parede-do-serratil-com-rolo-de-espuma","Mobilidade","gifs/mobilidade/deslize-de-parede-do-serratil-com-rolo-de-espuma.gif","https://www.gifdotreino.com/Exercicios/Mobilidade/Deslize%20de%20parede%20do%20serr%C3%A1til%20com%20rolo%20de%20espuma.gif","catalog-api","1878871","50436ab1dcf41abb60b190db72046b163a0393ada09a0a9998f72033925a3511"
"GDT-0307","Dips de escápula","dips-de-escapula","Trapézio","gifs/trapezio/dips-de-escapula.gif","https://www.gifdotreino.com/Exercicios/Trap%C3%A9zio/Dips%20de%20esc%C3%A1pula.gif","catalog-api","2809213","e995c7807e072a779ac8bac4c15ea1ef30e2459a218940537d2e51c76d37e18f"
"GDT-0311","Dips na cadeira","dips-na-cadeira","Calistenia","gifs/calistenia/dips-na-cadeira.gif","https://www.gifdotreino.com/Exercicios/Calistenia/Dips%20na%20cadeira.gif","catalog-api","3321568","424553e50b83423e1519047b7e900c72874d1b7a3e719ef83b5a6ea2eee0194f"
"GDT-0312","Dorsiflexão plantar","dorsiflexao-plantar","Mobilidade","gifs/mobilidade/dorsiflexao-plantar.gif","https://www.gifdotreino.com/Exercicios/Mobilidade/Dorsiflex%C3%A3o%20plantar.gif","catalog-api","2478305","f2a290d09f94e20d3054da19a3002180b59fc491c1af8568f9dcc23663871872"
"GDT-0317","Dumbbell Devil Press","dumbbell-devil-press","Crossfit","gifs/crossfit/dumbbell-devil-press.gif","https://www.gifdotreino.com/Exercicios/Crossfit/Dumbbell%20Devil%20Press.gif","catalog-api","2201059","4d091034bf335e63ccf2ebdaa2140e5e5eb184956d0b7fd76c562c22b8dcdba3"
"GDT-0316","Dumbbell Power Clean","dumbbell-power-clean","Crossfit","gifs/crossfit/dumbbell-power-clean.gif","https://www.gifdotreino.com/Exercicios/Crossfit/Dumbbell%20Power%20Clean.gif","catalog-api","2193003","cef059e125f7872d7a751fcfd5ab5d69983c9511a7b42836b2e2f8f6ee5f2531"
"GDT-0313","Dumbbell-Raise","dumbbell-raise","Trapézio","gifs/trapezio/dumbbell-raise.gif","https://www.gifdotreino.com/Exercicios/Trap%C3%A9zio/Dumbbell-Raise.gif","catalog-api","2370135","062f534ae1dff740c74970afa8d6f84fb1586be2e996bbfa6ab93d7d6eb9714f"
"GDT-0326","Elevação com Barra em Degrau","elevacao-com-barra-em-degrau","Pernas","gifs/pernas/elevacao-com-barra-em-degrau.gif","https://www.gifdotreino.com/Exercicios/Pernas/Eleva%C3%A7%C3%A3o%20com%20Barra%20em%20Degrau.gif","catalog-api","2330296","3cf4f7c8eea1136c642ae0017a0bfa4168ca669fadaba5955ed28eb003ec12a4"
"GDT-0327","Elevação com Giro do Cotovelo Oposto para o Joelho","elevacao-com-giro-do-cotovelo-oposto-para-o-joelho","Funcional e HIT","gifs/funcional-e-hit/elevacao-com-giro-do-cotovelo-oposto-para-o-joelho.gif","https://www.gifdotreino.com/Exercicios/Funcional%20e%20HIT/Eleva%C3%A7%C3%A3o%20com%20Giro%20do%20Cotovelo%20Oposto%20para%20o%20Joelho.gif","catalog-api","2319351","4e40d6ef73f8b2a714905bddc6797c3684a2b6e9be50939ca4136d12d2a3f7cb"
"GDT-0331","Elevação da Perna em Pé com Faixa Elástica de Resistência","elevacao-da-perna-em-pe-com-faixa-elastica-de-resistencia","Funcional e HIT","gifs/funcional-e-hit/elevacao-da-perna-em-pe-com-faixa-elastica-de-resistencia.gif","https://www.gifdotreino.com/Exercicios/Funcional%20e%20HIT/Eleva%C3%A7%C3%A3o%20da%20Perna%20em%20P%C3%A9%20com%20Faixa%20El%C3%A1stica%20de%20Resist%C3%AAncia.gif","catalog-api","2425231","99f9d3c042f625294b7b4deba0f28d96c9d65471269a117560a9768545fe1a5e"
"GDT-0338","Elevação de Deltoide em Y com Halteres Inclinado","elevacao-de-deltoide-em-y-com-halteres-inclinado","Trapézio","gifs/trapezio/elevacao-de-deltoide-em-y-com-halteres-inclinado.gif","https://www.gifdotreino.com/Exercicios/Trap%C3%A9zio/Eleva%C3%A7%C3%A3o%20de%20Deltoide%20em%20Y%20com%20Halteres%20Inclinado.gif","catalog-api","2874024","a301b262d362c8fefc196acd96ef4e87b00deef2991101823996d579f200b739"
"GDT-0337","Elevação de Deltoide Posterior com Halteres Inclinado","elevacao-de-deltoide-posterior-com-halteres-inclinado","Trapézio","gifs/trapezio/elevacao-de-deltoide-posterior-com-halteres-inclinado.gif","https://www.gifdotreino.com/Exercicios/Trap%C3%A9zio/Eleva%C3%A7%C3%A3o%20de%20Deltoide%20Posterior%20com%20Halteres%20Inclinado.gif","catalog-api","3715156","fbeb986ed4282932464710c7394242a3677cfdaa4c6ae9aabba09762a80b26f2"
"GDT-0336","Elevação de Joelho com Halteres","elevacao-de-joelho-com-halteres","Pernas","gifs/pernas/elevacao-de-joelho-com-halteres.gif","https://www.gifdotreino.com/Exercicios/Pernas/Eleva%C3%A7%C3%A3o%20de%20Joelho%20com%20Halteres.gif","catalog-api","1634905","633d05b59b5cfab89bca7a58342ec8e11773afe1eb4b3053570912bb384c5093"
"GDT-0335","Elevação de Panturrilha com Barra em Pé","elevacao-de-panturrilha-com-barra-em-pe","Panturrilhas","gifs/panturrilhas/elevacao-de-panturrilha-com-barra-em-pe.gif","https://www.gifdotreino.com/Exercicios/Panturrilhas/Eleva%C3%A7%C3%A3o%20de%20Panturrilha%20com%20Barra%20em%20P%C3%A9.gif","catalog-api","3061510","e9827ba2b0db83fd81354c9fb3132d5c8abb0171842be9aeb21ae429a54edfcb"
"GDT-0340","Elevação de Panturrilha com Faixa Elástica de Resistência","elevacao-de-panturrilha-com-faixa-elastica-de-resistencia","Funcional e HIT","gifs/funcional-e-hit/elevacao-de-panturrilha-com-faixa-elastica-de-resistencia.gif","https://www.gifdotreino.com/Exercicios/Funcional%20e%20HIT/Eleva%C3%A7%C3%A3o%20de%20Panturrilha%20com%20Faixa%20El%C3%A1stica%20de%20Resist%C3%AAncia.gif","catalog-api","2366791","54c66b8e7214a21f45e6e4d7d2864416bcb209fa8d2f808102f9e94e53e54194"
"GDT-0339","Elevação de Panturrilha com Uma Perna na Máquina Hack","elevacao-de-panturrilha-com-uma-perna-na-maquina-hack","Panturrilhas","gifs/panturrilhas/elevacao-de-panturrilha-com-uma-perna-na-maquina-hack.gif","https://www.gifdotreino.com/Exercicios/Panturrilhas/Eleva%C3%A7%C3%A3o%20de%20Panturrilha%20com%20Uma%20Perna%20na%20M%C3%A1quina%20Hack.gif","catalog-api","3625985","7f5b0e780d1c7b6d6aba5d03e666dd8c3d6da3e86b68ecf22ada90a110388551"
"GDT-0345","Elevação de Panturrilha em Máquina em pé","elevacao-de-panturrilha-em-maquina-em-pe","Panturrilhas","gifs/panturrilhas/elevacao-de-panturrilha-em-maquina-em-pe.gif","https://www.gifdotreino.com/Exercicios/Panturrilhas/Eleva%C3%A7%C3%A3o%20de%20Panturrilha%20em%20M%C3%A1quina%20em%20p%C3%A9.gif","catalog-api","3473915","94ff43676c61a6cb45ca726e3ebba1943b8457a9d151e30c1980503059d7ab53"
"GDT-0354","Elevação de panturrilha em pé","elevacao-de-panturrilha-em-pe","Calistenia","gifs/calistenia/elevacao-de-panturrilha-em-pe.gif","https://www.gifdotreino.com/Exercicios/Calistenia/Eleva%C3%A7%C3%A3o%20de%20panturrilha%20em%20p%C3%A9.gif","catalog-api","2144651","817f6e89af18deb96f1fc2a1bc47a73b68232f8020013272e692ab8cff328ee1"
"GDT-0343","Elevação de Panturrilha em Uma Perna","elevacao-de-panturrilha-em-uma-perna","Calistenia","gifs/calistenia/elevacao-de-panturrilha-em-uma-perna.gif","https://www.gifdotreino.com/Exercicios/Calistenia/Eleva%C3%A7%C3%A3o%20de%20Panturrilha%20em%20Uma%20Perna.gif","catalog-api","2914045","4667439b507ed5b3c1edf6d64fbd8ca8cbc02d6a34707f0a88728d057e82d0a6"
"GDT-0341","Elevação de Panturrilha na Máquina","elevacao-de-panturrilha-na-maquina","Panturrilhas","gifs/panturrilhas/elevacao-de-panturrilha-na-maquina.gif","https://www.gifdotreino.com/Exercicios/Panturrilhas/Eleva%C3%A7%C3%A3o%20de%20Panturrilha%20na%20M%C3%A1quina.gif","catalog-api","3441915","f4022ed9a53574b01db5b7cf60aa7818d5ec2c0cf0831c92bc4aee301c0a0e38"
"GDT-0344","Elevação de Panturrilha no Leg Press","elevacao-de-panturrilha-no-leg-press","Panturrilhas","gifs/panturrilhas/elevacao-de-panturrilha-no-leg-press.gif","https://www.gifdotreino.com/Exercicios/Panturrilhas/Eleva%C3%A7%C3%A3o%20de%20Panturrilha%20no%20Leg%20Press.gif","catalog-api","3290969","2eccc3293661c4f858f39cf8002948b2432f58121b12078ac91853b62f71a36f"
"GDT-0342","Elevação de Panturrilha no Leg Press horizontal","elevacao-de-panturrilha-no-leg-press-horizontal","Panturrilhas","gifs/panturrilhas/elevacao-de-panturrilha-no-leg-press-horizontal.gif","https://www.gifdotreino.com/Exercicios/Panturrilhas/Eleva%C3%A7%C3%A3o%20de%20Panturrilha%20no%20Leg%20Press%20horizontal.gif","catalog-api","3853670","4683d145bf7be0ae0ae335f6204540eecb746ecf7b864799fca37e8d61946ebc"
"GDT-0346","Elevação de Panturrilha no Smith","elevacao-de-panturrilha-no-smith","Panturrilhas","gifs/panturrilhas/elevacao-de-panturrilha-no-smith.gif","https://www.gifdotreino.com/Exercicios/Panturrilhas/Eleva%C3%A7%C3%A3o%20de%20Panturrilha%20no%20Smith.gif","catalog-api","8855531","0d9d23f639081dbfabb283feb1875af0b361447dce78010f1d69ee3a07058336"
"GDT-0332","Elevação de Panturrilha Sentado com Alavanca","elevacao-de-panturrilha-sentado-com-alavanca","Panturrilhas","gifs/panturrilhas/elevacao-de-panturrilha-sentado-com-alavanca.gif","https://www.gifdotreino.com/Exercicios/Panturrilhas/Eleva%C3%A7%C3%A3o%20de%20Panturrilha%20Sentado%20com%20Alavanca.gif","catalog-api","3219704","61a06caa32c4291407afc5c76e996cebb05eadaccd0a26aca0982572487b6151"
"GDT-0333","Elevação de Panturrilha Sentado com Barra","elevacao-de-panturrilha-sentado-com-barra","Panturrilhas","gifs/panturrilhas/elevacao-de-panturrilha-sentado-com-barra.gif","https://www.gifdotreino.com/Exercicios/Panturrilhas/Eleva%C3%A7%C3%A3o%20de%20Panturrilha%20Sentado%20com%20Barra.gif","catalog-api","2845771","f52529dc29f0cfd92283423a21696c42c77d2e19db07a3482084148530815a62"
"GDT-0334","Elevação de Panturrilha Sentado com Peso","elevacao-de-panturrilha-sentado-com-peso","Panturrilhas","gifs/panturrilhas/elevacao-de-panturrilha-sentado-com-peso.gif","https://www.gifdotreino.com/Exercicios/Panturrilhas/Eleva%C3%A7%C3%A3o%20de%20Panturrilha%20Sentado%20com%20Peso.gif","catalog-api","2876844","da4e33bd3d3e85f65b0972eb0944b23ea326741d7f1ced205de187c2a85ecfe4"
"GDT-0349","Elevação de Panturrilhas","elevacao-de-panturrilhas","Panturrilhas","gifs/panturrilhas/elevacao-de-panturrilhas.gif","https://www.gifdotreino.com/Exercicios/Panturrilhas/Eleva%C3%A7%C3%A3o%20de%20Panturrilhas.gif","catalog-api","2262295","c791c2457fc48188d5fb217030cdffa65e6fc3d7e50e810600a7bd2f5049a65c"
"GDT-0351","Elevação de Panturrilhas no Hack","elevacao-de-panturrilhas-no-hack","Panturrilhas","gifs/panturrilhas/elevacao-de-panturrilhas-no-hack.gif","https://www.gifdotreino.com/Exercicios/Panturrilhas/Eleva%C3%A7%C3%A3o%20de%20Panturrilhas%20no%20Hack.gif","catalog-api","3403480","b8829b700fd50107be0d6d4591b808148c6c0212d4c0b76f7ce949721f865f11"
"GDT-0352","Elevação de Perna em Pé com Alavanca","elevacao-de-perna-em-pe-com-alavanca","Pernas","gifs/pernas/elevacao-de-perna-em-pe-com-alavanca.gif","https://www.gifdotreino.com/Exercicios/Pernas/Eleva%C3%A7%C3%A3o%20de%20Perna%20em%20P%C3%A9%20com%20Alavanca.gif","catalog-api","3059156","3c8184397f266796759f972541a215d2756d54047864742c0dec88607a698c02"
"GDT-0347","Elevação de Perna Reta em Pé com Faixa de Resistência","elevacao-de-perna-reta-em-pe-com-faixa-de-resistencia","Funcional e HIT","gifs/funcional-e-hit/elevacao-de-perna-reta-em-pe-com-faixa-de-resistencia.gif","https://www.gifdotreino.com/Exercicios/Funcional%20e%20HIT/Eleva%C3%A7%C3%A3o%20de%20Perna%20Reta%20em%20P%C3%A9%20com%20Faixa%20de%20Resist%C3%AAncia.gif","catalog-api","2469091","585874451f0a2a41fd6d0068a3cf5ec765852b9becd31b2916aa1495363dedbb"
"GDT-0348","Elevação de Perna Única com Equilíbrio e Rosca de Bíceps","elevacao-de-perna-unica-com-equilibrio-e-rosca-de-biceps","Crossfit","gifs/crossfit/elevacao-de-perna-unica-com-equilibrio-e-rosca-de-biceps.gif","https://www.gifdotreino.com/Exercicios/Crossfit/Eleva%C3%A7%C3%A3o%20de%20Perna%20%C3%9Anica%20com%20Equil%C3%ADbrio%20e%20Rosca%20de%20B%C3%ADceps.gif","catalog-api","2309609","64eb08c6371d440869ff400d1f67b035e163a66a635fa1b48345a4209d897495"
"GDT-0350","Elevação de Pernas deitado de Lado","elevacao-de-pernas-deitado-de-lado","Funcional e HIT","gifs/funcional-e-hit/elevacao-de-pernas-deitado-de-lado.gif","https://www.gifdotreino.com/Exercicios/Funcional%20e%20HIT/Eleva%C3%A7%C3%A3o%20de%20Pernas%20deitado%20de%20Lado.gif","catalog-api","2122331","ffafbba8e1069936d293fc38c2ffadbb0ac12455dd6db446986ddf32a6a5a65d"
"GDT-0355","Elevação de Pernas estilo Sapo","elevacao-de-pernas-estilo-sapo","Funcional e HIT","gifs/funcional-e-hit/elevacao-de-pernas-estilo-sapo.gif","https://www.gifdotreino.com/Exercicios/Funcional%20e%20HIT/Eleva%C3%A7%C3%A3o%20de%20Pernas%20estilo%20Sapo.gif","catalog-api","3647872","43dde6b761e43edcacc75a2cdbbfb668fbc39b864db85edf4482a3d111dda516"
"GDT-0353","Elevação de Quadril com Banda de Resistência de Joelhos","elevacao-de-quadril-com-banda-de-resistencia-de-joelhos","Funcional e HIT","gifs/funcional-e-hit/elevacao-de-quadril-com-banda-de-resistencia-de-joelhos.gif","https://www.gifdotreino.com/Exercicios/Funcional%20e%20HIT/Eleva%C3%A7%C3%A3o%20de%20Quadril%20com%20Banda%20de%20Resist%C3%AAncia%20de%20Joelhos.gif","catalog-api","2329826","70aa6e70da60bbcda01dcc948bfa5d18dad2b2f1d5754340adf68fe9322ee25d"
"GDT-0356","Elevação de Quadril com Peso Corporal","elevacao-de-quadril-com-peso-corporal","Calistenia","gifs/calistenia/elevacao-de-quadril-com-peso-corporal.gif","https://www.gifdotreino.com/Exercicios/Calistenia/Eleva%C3%A7%C3%A3o%20de%20Quadril%20com%20Peso%20Corporal.gif","catalog-api","3346565","3cf2293f806d976dfe45142efb2f5b073532692b8e27abb4379cae8bc27b435c"
"GDT-0357","Elevação de T com Halteres Inclinada","elevacao-de-t-com-halteres-inclinada","Trapézio","gifs/trapezio/elevacao-de-t-com-halteres-inclinada.gif","https://www.gifdotreino.com/Exercicios/Trap%C3%A9zio/Eleva%C3%A7%C3%A3o%20de%20T%20com%20Halteres%20Inclinada.gif","catalog-api","3020988","4f98cc3b2744ee6c66defcaaa11e0e34320a39cbc8972bf2a9266ae7f216db56"
"GDT-0318","Elevação Frontal Alternada Com Halteres","elevacao-frontal-alternada-com-halteres","Ombros","gifs/ombros/elevacao-frontal-alternada-com-halteres.gif","https://www.gifdotreino.com/Exercicios/Ombros/Eleva%C3%A7%C3%A3o%20Frontal%20Alternada%20Com%20Halteres.gif","catalog-api","2525758","877c1e25200b8659e822099c9d3bb13562693c4f9cba2eb3abe19b52ecfd90f9"
"GDT-0359","Elevação frontal com barra girando","elevacao-frontal-com-barra-girando","Ombros","gifs/ombros/elevacao-frontal-com-barra-girando.gif","https://www.gifdotreino.com/Exercicios/Ombros/Eleva%C3%A7%C3%A3o%20frontal%20com%20barra%20girando.gif","catalog-api","2074028","922dfaef2f1119eae3a5729a0f805d27325018917cb2674cfd830329f68ca53c"
"GDT-0358","Elevação frontal com barra w inclinada","elevacao-frontal-com-barra-w-inclinada","Ombros","gifs/ombros/elevacao-frontal-com-barra-w-inclinada.gif","https://www.gifdotreino.com/Exercicios/Ombros/Eleva%C3%A7%C3%A3o%20frontal%20com%20barra%20w%20inclinada.gif","catalog-api","2843753","15f0fac402860f50ac0fa5368e319f946a256120a845c8bcbd6519c41a7e6d39"
"GDT-0959","elevação frontal com cabo duplo no cross","elevacao-frontal-com-cabo-duplo-no-cross","Ombros","gifs/ombros/elevacao-frontal-com-cabo-duplo-no-cross.gif","https://www.gifdotreino.com/Exercicios/Ombros/eleva%C3%A7%C3%A3o%20frontal%20com%20cabo%20duplo%20no%20cross.gif","catalog-api","2748864","4d4cdf0082100e865d36c41cb60a940712ab936becb1df711802228dd6b037e6"
"GDT-0363","Elevação frontal com dois braços com halteres","elevacao-frontal-com-dois-bracos-com-halteres","Ombros","gifs/ombros/elevacao-frontal-com-dois-bracos-com-halteres.gif","https://www.gifdotreino.com/Exercicios/Ombros/Eleva%C3%A7%C3%A3o%20frontal%20com%20dois%20bra%C3%A7os%20com%20halteres.gif","catalog-api","2430910","9164843bdd0824b7122dc1d0a957a4f78fa1e9a85a905d1a5423c359ea5cff73"
"GDT-0365","Elevação frontal com halteres","elevacao-frontal-com-halteres","Ombros","gifs/ombros/elevacao-frontal-com-halteres.gif","https://www.gifdotreino.com/Exercicios/Ombros/Eleva%C3%A7%C3%A3o%20frontal%20com%20halteres.gif","catalog-api","2174989","26689499f2ad309796e30f69fe828fde83dc6d4c8283ec73ff076e7eafb5b9e9"
"GDT-0364","Elevação frontal com halteres sentado","elevacao-frontal-com-halteres-sentado","Ombros","gifs/ombros/elevacao-frontal-com-halteres-sentado.gif","https://www.gifdotreino.com/Exercicios/Ombros/Eleva%C3%A7%C3%A3o%20frontal%20com%20halteres%20sentado.gif","catalog-api","2877565","17edc7542fe7f2cacd3629200b2c2a73ac0fff549568907a8472477e27ff3fed"
"GDT-0360","Elevação frontal lateral com elástico","elevacao-frontal-lateral-com-elastico","Funcional e HIT","gifs/funcional-e-hit/elevacao-frontal-lateral-com-elastico.gif","https://www.gifdotreino.com/Exercicios/Funcional%20e%20HIT/Eleva%C3%A7%C3%A3o%20frontal%20lateral%20com%20el%C3%A1stico.gif","catalog-api","2559414","aa0185ae8d699a9040583f9f5cbacf5a33c1293d6d1e60d210b32e31e6de5777"
"GDT-0361","Elevação lateral alternada com halteres","elevacao-lateral-alternada-com-halteres","Ombros","gifs/ombros/elevacao-lateral-alternada-com-halteres.gif","https://www.gifdotreino.com/Exercicios/Ombros/Eleva%C3%A7%C3%A3o%20lateral%20alternada%20com%20halteres.gif","catalog-api","2451831","42cde13b16aa80bc33d177089f2ceb95c84282a67ec782a1c1a7c3691cb46e75"
"GDT-0362","Elevação lateral com barra no chão","elevacao-lateral-com-barra-no-chao","Ombros","gifs/ombros/elevacao-lateral-com-barra-no-chao.gif","https://www.gifdotreino.com/Exercicios/Ombros/Eleva%C3%A7%C3%A3o%20lateral%20com%20barra%20no%20ch%C3%A3o.gif","catalog-api","2367057","833410a535290ec0d6e9bcd1a069eac6089641b07bbb45445698d21b2e9b9c7a"
"GDT-0366","Elevação lateral com braço flexionado","elevacao-lateral-com-braco-flexionado","Ombros","gifs/ombros/elevacao-lateral-com-braco-flexionado.gif","https://www.gifdotreino.com/Exercicios/Ombros/Eleva%C3%A7%C3%A3o%20lateral%20com%20bra%C3%A7o%20flexionado.gif","catalog-api","2285117","4a52c8ac49379137df21180442a66e9bf54be2f7c979815a3bb1d5fe39ac53a5"
"GDT-0367","Elevação lateral com halteres com apoio no peito","elevacao-lateral-com-halteres-com-apoio-no-peito","Ombros","gifs/ombros/elevacao-lateral-com-halteres-com-apoio-no-peito.gif","https://www.gifdotreino.com/Exercicios/Ombros/Eleva%C3%A7%C3%A3o%20lateral%20com%20halteres%20com%20apoio%20no%20peito.gif","catalog-api","3267734","7ddcf340c4e20e910c71cb40675782506ef410af52206e9c348345ca32c4f339"
"GDT-0373","Elevação lateral com halteres para deltoides posteriores deitado","elevacao-lateral-com-halteres-para-deltoides-posteriores-deitado","Ombros","gifs/ombros/elevacao-lateral-com-halteres-para-deltoides-posteriores-deitado.gif","https://www.gifdotreino.com/Exercicios/Ombros/Eleva%C3%A7%C3%A3o%20lateral%20com%20halteres%20para%20deltoides%20posteriores%20deitado.gif","catalog-api","3026555","c90a2a8ffe1f05f3cf2f714af4d8e6b1bc908e10add739bc6c2e1b64ded4defe"
"GDT-0368","Elevação lateral com halteres sentado","elevacao-lateral-com-halteres-sentado","Ombros","gifs/ombros/elevacao-lateral-com-halteres-sentado.gif","https://www.gifdotreino.com/Exercicios/Ombros/Eleva%C3%A7%C3%A3o%20lateral%20com%20halteres%20sentado.gif","catalog-api","3467638","1608190281350a75cd53c67c0fec86e2f1cc4adf63e81eb7331756a9f9f33454"
"GDT-0375","Elevação lateral com toalha na parede","elevacao-lateral-com-toalha-na-parede","Calistenia","gifs/calistenia/elevacao-lateral-com-toalha-na-parede.gif","https://www.gifdotreino.com/Exercicios/Calistenia/Eleva%C3%A7%C3%A3o%20lateral%20com%20toalha%20na%20parede.gif","catalog-api","2384212","295b8966b358cbd30908962933e1a05e1d0bd81c33f31038c4000a0a2d1f304d"
"GDT-0374","Elevação lateral com tronco inclinado","elevacao-lateral-com-tronco-inclinado","Ombros","gifs/ombros/elevacao-lateral-com-tronco-inclinado.gif","https://www.gifdotreino.com/Exercicios/Ombros/Eleva%C3%A7%C3%A3o%20lateral%20com%20tronco%20inclinado.gif","catalog-api","3408680","83f10271dfc500f943f28cb97601cbdf9d50d9b6894e3f154882b10852a217b6"
"GDT-0369","Elevação lateral cruzada no crossover","elevacao-lateral-cruzada-no-crossover","Ombros","gifs/ombros/elevacao-lateral-cruzada-no-crossover.gif","https://www.gifdotreino.com/Exercicios/Ombros/Eleva%C3%A7%C3%A3o%20lateral%20cruzada%20no%20crossover.gif","catalog-api","4053078","05579758a42e66b43039ff9f119f0654a2f3102762501ac2e326209df54e1f8f"
"GDT-0370","Elevação lateral de braços","elevacao-lateral-de-bracos","Funcional e HIT","gifs/funcional-e-hit/elevacao-lateral-de-bracos.gif","https://www.gifdotreino.com/Exercicios/Funcional%20e%20HIT/Eleva%C3%A7%C3%A3o%20lateral%20de%20bra%C3%A7os.gif","catalog-api","2139139","e94b4ffcd69a50f4aaecf9f5ba012971a2157d2ecf3087351b11766638565574"
"GDT-0371","Elevação lateral de braços com cabo","elevacao-lateral-de-bracos-com-cabo","Ombros","gifs/ombros/elevacao-lateral-de-bracos-com-cabo.gif","https://www.gifdotreino.com/Exercicios/Ombros/Eleva%C3%A7%C3%A3o%20lateral%20de%20bra%C3%A7os%20com%20cabo.gif","catalog-api","2524672","0ddb63563b5b1274fe30a82d55cd701eb92531522c3ca4056878798f90d8f32e"
"GDT-0372","Elevação lateral de braços com halteres","elevacao-lateral-de-bracos-com-halteres","Ombros","gifs/ombros/elevacao-lateral-de-bracos-com-halteres.gif","https://www.gifdotreino.com/Exercicios/Ombros/Eleva%C3%A7%C3%A3o%20lateral%20de%20bra%C3%A7os%20com%20halteres.gif","catalog-api","2804583","920ec514d4ff3f81e123a29f9c2568c2f5d0c92a9b1dd0a1b581f8df7d633711"
"GDT-0376","Elevação lateral de deltóide posterior com halteres","elevacao-lateral-de-deltoide-posterior-com-halteres","Mobilidade","gifs/mobilidade/elevacao-lateral-de-deltoide-posterior-com-halteres.gif","https://www.gifdotreino.com/Exercicios/Mobilidade/Eleva%C3%A7%C3%A3o%20lateral%20de%20delt%C3%B3ide%20posterior%20com%20halteres.gif","catalog-api","3203921","5801e543903e42923b08328a3dd855af07861002640cc73399137cfe77c57a51"
"GDT-0377","Elevação lateral de halteres inclinada","elevacao-lateral-de-halteres-inclinada","Ombros","gifs/ombros/elevacao-lateral-de-halteres-inclinada.gif","https://www.gifdotreino.com/Exercicios/Ombros/Eleva%C3%A7%C3%A3o%20lateral%20de%20halteres%20inclinada.gif","catalog-api","2393361","c1f1df53164fa3bcf382a75c0ed0a51282eb2475b61b91dffe0b5cbf83342914"
"GDT-0314","Elevação Lateral de Perna com Faixa Elástica","elevacao-lateral-de-perna-com-faixa-elastica","Funcional e HIT","gifs/funcional-e-hit/elevacao-lateral-de-perna-com-faixa-elastica.gif","https://www.gifdotreino.com/Exercicios/Funcional%20e%20HIT/Eleva%C3%A7%C3%A3o%20Lateral%20de%20Perna%20com%20Faixa%20El%C3%A1stica.gif","catalog-api","2643029","87f4ee85172f30be9424a03edadc54cf2bf029d471b4fd71b0c542d496fff371"
"GDT-0315","Elevação Lateral de Perna com Faixa Elástica Deitado de Lado","elevacao-lateral-de-perna-com-faixa-elastica-deitado-de-lado","Funcional e HIT","gifs/funcional-e-hit/elevacao-lateral-de-perna-com-faixa-elastica-deitado-de-lado.gif","https://www.gifdotreino.com/Exercicios/Funcional%20e%20HIT/Eleva%C3%A7%C3%A3o%20Lateral%20de%20Perna%20com%20Faixa%20El%C3%A1stica%20Deitado%20de%20Lado.gif","catalog-api","1629046","17f3714c5045735335fa0963c8ac50cadccb0f4c8da08a0adc04fb284981c1c3"
"GDT-0380","Elevação lateral deitado","elevacao-lateral-deitado","Ombros","gifs/ombros/elevacao-lateral-deitado.gif","https://www.gifdotreino.com/Exercicios/Ombros/Eleva%C3%A7%C3%A3o%20lateral%20deitado.gif","catalog-api","2929550","abe8ce79d409437aaaae141988166dc58445c4b6c9babf070706dd9370c70efa"
"GDT-0382","Elevação lateral e frontal com halteres","elevacao-lateral-e-frontal-com-halteres","Ombros","gifs/ombros/elevacao-lateral-e-frontal-com-halteres.gif","https://www.gifdotreino.com/Exercicios/Ombros/Eleva%C3%A7%C3%A3o%20lateral%20e%20frontal%20com%20halteres.gif","catalog-api","2186741","5df68deb69152a6ccf4f38d335e636a6a3b426b25c44327553c672ceeff7c66c"
"GDT-0378","Elevação lateral na máquina","elevacao-lateral-na-maquina","Ombros","gifs/ombros/elevacao-lateral-na-maquina.gif","https://www.gifdotreino.com/Exercicios/Ombros/Eleva%C3%A7%C3%A3o%20lateral%20na%20m%C3%A1quina.gif","catalog-api","3596897","b667f7f487feee09f98225735d9e6a598b80a6fc91190c2daa6f59e86093259e"
"GDT-0381","Elevação lateral tronco inclinado","elevacao-lateral-tronco-inclinado","Trapézio","gifs/trapezio/elevacao-lateral-tronco-inclinado.gif","https://www.gifdotreino.com/Exercicios/Trap%C3%A9zio/Eleva%C3%A7%C3%A3o%20lateral%20tronco%20inclinado.gif","catalog-api","3428162","eed2842e9347df694f9123834e4beb3856bd1765f067cc8c3aa5b4bcf1920445"
"GDT-0379","Elevação lateral unilateral com cabo","elevacao-lateral-unilateral-com-cabo","Ombros","gifs/ombros/elevacao-lateral-unilateral-com-cabo.gif","https://www.gifdotreino.com/Exercicios/Ombros/Eleva%C3%A7%C3%A3o%20lateral%20unilateral%20com%20cabo.gif","catalog-api","3354248","de60790bfeb18caf2022b3b7326fc44916658ca4ce340450fdd9cb41423939b0"
"GDT-0383","Elevação lateral unilateral com haltere inclinado","elevacao-lateral-unilateral-com-haltere-inclinado","Ombros","gifs/ombros/elevacao-lateral-unilateral-com-haltere-inclinado.gif","https://www.gifdotreino.com/Exercicios/Ombros/Eleva%C3%A7%C3%A3o%20lateral%20unilateral%20com%20haltere%20inclinado.gif","catalog-api","2053914","53844d0b84f8e927bb9a25a9ae0463bd94f1c75907cd8751018ce7684c552ef4"
"GDT-0387","Elevação lateral unilateral com halteres","elevacao-lateral-unilateral-com-halteres","Ombros","gifs/ombros/elevacao-lateral-unilateral-com-halteres.gif","https://www.gifdotreino.com/Exercicios/Ombros/Eleva%C3%A7%C3%A3o%20lateral%20unilateral%20com%20halteres.gif","catalog-api","2411369","9a278a34af5c93d86fd93259ac2ad2f35a3bfc512e13a9d58553bdbefc4a8ac7"
"GDT-0325","Elevação Pélvica com Banda de Resistência","elevacao-pelvica-com-banda-de-resistencia","Funcional e HIT","gifs/funcional-e-hit/elevacao-pelvica-com-banda-de-resistencia.gif","https://www.gifdotreino.com/Exercicios/Funcional%20e%20HIT/Eleva%C3%A7%C3%A3o%20P%C3%A9lvica%20com%20Banda%20de%20Resist%C3%AAncia.gif","catalog-api","3747710","40373e998ea5b32d8427b9a73404b05484152c7170131c062c96650bd5b082bf"
"GDT-0321","Elevação Pélvica Com Barra","elevacao-pelvica-com-barra","Glúteos","gifs/gluteos/elevacao-pelvica-com-barra.gif","https://www.gifdotreino.com/Exercicios/Gl%C3%BAteos/Eleva%C3%A7%C3%A3o%20P%C3%A9lvica%20Com%20Barra.gif","catalog-api","2802151","18e8d4974ceba964535667c1cf76dd3bce95947d050ad190e09c551a0eeb8001"
"GDT-0322","Elevação Pélvica Com Barra Declinado","elevacao-pelvica-com-barra-declinado","Glúteos","gifs/gluteos/elevacao-pelvica-com-barra-declinado.gif","https://www.gifdotreino.com/Exercicios/Gl%C3%BAteos/Eleva%C3%A7%C3%A3o%20P%C3%A9lvica%20Com%20Barra%20Declinado.gif","catalog-api","2874925","200108000d8ed713a209faeef0bb54d4b70a71d49d5383d5f140c4ed46721202"
"GDT-0320","Elevação Pélvica Declinado","elevacao-pelvica-declinado","Calistenia","gifs/calistenia/elevacao-pelvica-declinado.gif","https://www.gifdotreino.com/Exercicios/Calistenia/Eleva%C3%A7%C3%A3o%20P%C3%A9lvica%20Declinado.gif","catalog-api","2311439","f9b11ef0ec347e8221a35457231a2a244612d44f528f08fcad24c6f7534f20a7"
"GDT-0324","Elevação Pélvica Na Máquina","elevacao-pelvica-na-maquina","Glúteos","gifs/gluteos/elevacao-pelvica-na-maquina.gif","https://www.gifdotreino.com/Exercicios/Gl%C3%BAteos/Eleva%C3%A7%C3%A3o%20P%C3%A9lvica%20Na%20M%C3%A1quina.gif","catalog-api","4467270","d2a9bb4bb8286ebbadccac877ff113880e1640914567ce62f271728786ecb344"
"GDT-0330","Elevação Pélvica na Máquina de Extensão de Pernas","elevacao-pelvica-na-maquina-de-extensao-de-pernas","Glúteos","gifs/gluteos/elevacao-pelvica-na-maquina-de-extensao-de-pernas.gif","https://www.gifdotreino.com/Exercicios/Gl%C3%BAteos/Eleva%C3%A7%C3%A3o%20P%C3%A9lvica%20na%20M%C3%A1quina%20de%20Extens%C3%A3o%20de%20Pernas.gif","catalog-api","4349957","c13c9daf0c82964c606403a17aa0f7902e1d9f1ec4df3b21b66c1d30ab6e14e0"
"GDT-0328","Elevação Pélvica na Máquina Smith","elevacao-pelvica-na-maquina-smith","Glúteos","gifs/gluteos/elevacao-pelvica-na-maquina-smith.gif","https://www.gifdotreino.com/Exercicios/Gl%C3%BAteos/Eleva%C3%A7%C3%A3o%20P%C3%A9lvica%20na%20M%C3%A1quina%20Smith.gif","catalog-api","2652483","f075f8bff9889803349db64fe1df78355781b610424576ee171231c54872699f"
"GDT-0323","Elevação Pélvica Unilateral Com Barra","elevacao-pelvica-unilateral-com-barra","Glúteos","gifs/gluteos/elevacao-pelvica-unilateral-com-barra.gif","https://www.gifdotreino.com/Exercicios/Gl%C3%BAteos/Eleva%C3%A7%C3%A3o%20P%C3%A9lvica%20Unilateral%20Com%20Barra.gif","catalog-api","3363388","e85fd3a4a2ba90adef4948121bfd00de0e1f7687511e39b91df42c499f077e92"
"GDT-0319","Elevação Posterior unilateral com halteres em Decúbito Prono","elevacao-posterior-unilateral-com-halteres-em-decubito-prono","Ombros","gifs/ombros/elevacao-posterior-unilateral-com-halteres-em-decubito-prono.gif","https://www.gifdotreino.com/Exercicios/Ombros/Eleva%C3%A7%C3%A3o%20Posterior%20unilateral%20com%20halteres%20em%20Dec%C3%BAbito%20Prono.gif","catalog-api","3048158","f10fd3bfea91e9777d6d945835e62795f9abc9aee024d11befda39defda9c6da"
"GDT-0329","Elevação Unilateral de Panturrilha no Leg Press","elevacao-unilateral-de-panturrilha-no-leg-press","Panturrilhas","gifs/panturrilhas/elevacao-unilateral-de-panturrilha-no-leg-press.gif","https://www.gifdotreino.com/Exercicios/Panturrilhas/Eleva%C3%A7%C3%A3o%20Unilateral%20de%20Panturrilha%20no%20Leg%20Press.gif","catalog-api","3707706","a5f9a12b6e6f35cf23c3eb4607a0167a06fca122947b200679540fd217da807f"
"GDT-0385","Elevações de ombros na paralela","elevacoes-de-ombros-na-paralela","Calistenia","gifs/calistenia/elevacoes-de-ombros-na-paralela.gif","https://www.gifdotreino.com/Exercicios/Calistenia/Eleva%C3%A7%C3%B5es%20de%20ombros%20na%20paralela.gif","catalog-api","2216289","0fd8336b62dceca7a12353b968acfe69561886a0d2e8e763a34988c33fc3a1f2"
"GDT-0386","Elevações frontais com halteres apoiadas no peito","elevacoes-frontais-com-halteres-apoiadas-no-peito","Ombros","gifs/ombros/elevacoes-frontais-com-halteres-apoiadas-no-peito.gif","https://www.gifdotreino.com/Exercicios/Ombros/Eleva%C3%A7%C3%B5es%20frontais%20com%20halteres%20apoiadas%20no%20peito.gif","catalog-api","2960271","c51392b8ee45fd2396e6bdf165b5b6cf0e3ae3810e7bed5879fa4c16e85aff6c"
"GDT-0384","Encolhimento Acima da Cabeça","encolhimento-acima-da-cabeca","Trapézio","gifs/trapezio/encolhimento-acima-da-cabeca.gif","https://www.gifdotreino.com/Exercicios/Trap%C3%A9zio/Encolhimento%20Acima%20da%20Cabe%C3%A7a.gif","catalog-api","2317271","a59c893871ad94c33ec4ad4493dec85c6ae951cf5bb56bac10345f4a39a91eb8"
"GDT-0393","Encolhimento com Alavanca","encolhimento-com-alavanca","Trapézio","gifs/trapezio/encolhimento-com-alavanca.gif","https://www.gifdotreino.com/Exercicios/Trap%C3%A9zio/Encolhimento%20com%20Alavanca.gif","catalog-api","3348631","7cf6c5be3b2c1f45aa87b31a61c0ccb2bb5d04c02a2ac7fa97f7fdd5fcd72ec2"
"GDT-0395","Encolhimento com Cabo","encolhimento-com-cabo","Trapézio","gifs/trapezio/encolhimento-com-cabo.gif","https://www.gifdotreino.com/Exercicios/Trap%C3%A9zio/Encolhimento%20com%20Cabo.gif","catalog-api","2246738","6cd592cf77fd1ee2939b861af1183833732770eb61e45a46fbcc3f0c24da0b8d"
"GDT-0394","Encolhimento com Halteres","encolhimento-com-halteres","Trapézio","gifs/trapezio/encolhimento-com-halteres.gif","https://www.gifdotreino.com/Exercicios/Trap%C3%A9zio/Encolhimento%20com%20Halteres.gif","catalog-api","2389532","5139929bc297f7df909aa18e076ec3989ff9bc58cd3f1f049754f4e8526ca1c8"
"GDT-0390","Encolhimento com Halteres em Declive","encolhimento-com-halteres-em-declive","Trapézio","gifs/trapezio/encolhimento-com-halteres-em-declive.gif","https://www.gifdotreino.com/Exercicios/Trap%C3%A9zio/Encolhimento%20com%20Halteres%20em%20Declive.gif","catalog-api","3161269","09001e6ed7788ba774dde788104c5571d21285ac583d11f3662023904d2cbfa3"
"GDT-0391","Encolhimento de Barra","encolhimento-de-barra","Trapézio","gifs/trapezio/encolhimento-de-barra.gif","https://www.gifdotreino.com/Exercicios/Trap%C3%A9zio/Encolhimento%20de%20Barra.gif","catalog-api","2894698","9f0036e6dd90032d2189afa98c463c0dead7ab11848fbea8a8abc0a75028f0b4"
"GDT-0392","Encolhimento de Barra Atrás das Costas","encolhimento-de-barra-atras-das-costas","Trapézio","gifs/trapezio/encolhimento-de-barra-atras-das-costas.gif","https://www.gifdotreino.com/Exercicios/Trap%C3%A9zio/Encolhimento%20de%20Barra%20Atr%C3%A1s%20das%20Costas.gif","catalog-api","2457063","28d646c6d2b2869bb573b73f010e92c60e985e43682f3777fbe565ca13ca5847"
"GDT-0396","Encolhimento de Ombros na Máquina Smith","encolhimento-de-ombros-na-maquina-smith","Trapézio","gifs/trapezio/encolhimento-de-ombros-na-maquina-smith.gif","https://www.gifdotreino.com/Exercicios/Trap%C3%A9zio/Encolhimento%20de%20Ombros%20na%20M%C3%A1quina%20Smith.gif","catalog-api","2592060","e15cbf41fb7e132dad90eddcb51df4bc564153792c62cd4b7aaed32fe1d6a6a7"
"GDT-0400","Encolhimento de ombros por trás com barra","encolhimento-de-ombros-por-tras-com-barra","Trapézio","gifs/trapezio/encolhimento-de-ombros-por-tras-com-barra.gif","https://www.gifdotreino.com/Exercicios/Trap%C3%A9zio/Encolhimento%20de%20ombros%20por%20tr%C3%A1s%20com%20barra.gif","catalog-api","3306716","41deff2e6618595b602bebc3f261a23264bbda98c3323cbfa23af2f87edb0951"
"GDT-0389","Encolhimento Inclinado Pronado","encolhimento-inclinado-pronado","Trapézio","gifs/trapezio/encolhimento-inclinado-pronado.gif","https://www.gifdotreino.com/Exercicios/Trap%C3%A9zio/Encolhimento%20Inclinado%20Pronado.gif","catalog-api","2887392","fc72cce18b38e26f84bafc37311baf7e245ba09b513daa2247b77673e9aaea19"
"GDT-0399","Encolhimento na máquina","encolhimento-na-maquina","Trapézio","gifs/trapezio/encolhimento-na-maquina.gif","https://www.gifdotreino.com/Exercicios/Trap%C3%A9zio/Encolhimento%20na%20m%C3%A1quina.gif","catalog-api","3177696","1095380a1b39b46f4f16c9c856c61dd477a6781d43d24e9db0c990611054c23a"
"GDT-0388","Encolhimento Sentado de Gittleson com Halteres","encolhimento-sentado-de-gittleson-com-halteres","Trapézio","gifs/trapezio/encolhimento-sentado-de-gittleson-com-halteres.gif","https://www.gifdotreino.com/Exercicios/Trap%C3%A9zio/Encolhimento%20Sentado%20de%20Gittleson%20com%20Halteres.gif","catalog-api","3037904","5a22df9b121480cf997cde2c39e8dea74c1f6118a6f38c6a33783e727c777cc4"
"GDT-0401","Escalador de Montanha","escalador-de-montanha","Funcional e HIT","gifs/funcional-e-hit/escalador-de-montanha.gif","https://www.gifdotreino.com/Exercicios/Funcional%20e%20HIT/Escalador%20de%20Montanha.gif","catalog-api","2036582","ea75155fb618ade55665712e22a7e561de8b659d3bbfb125c39568ec7662c913"
"GDT-0397","Esquiador com gymstick","esquiador-com-gymstick","Funcional e HIT","gifs/funcional-e-hit/esquiador-com-gymstick.gif","https://www.gifdotreino.com/Exercicios/Funcional%20e%20HIT/Esquiador%20com%20gymstick.gif","catalog-api","3189939","0ffdfd458c4b6a45685fcdb6372e13f17b4c03332b5440afb716674a708862e2"
"GDT-0404","Esteira com Inclinação","esteira-com-inclinacao","Cardio","gifs/cardio/esteira-com-inclinacao.gif","https://www.gifdotreino.com/Exercicios/Cardio/Esteira%20com%20Inclina%C3%A7%C3%A3o.gif","catalog-api","3512228","c6c9aeb859509f19965c702baa6ede8e30d0defc1a4fa265456665f7fa513425"
"GDT-0398","Esteira Ergométrica","esteira-ergometrica","Cardio","gifs/cardio/esteira-ergometrica.gif","https://www.gifdotreino.com/Exercicios/Cardio/Esteira%20Ergom%C3%A9trica.gif","catalog-api","3408144","e5d45efcd5314588feffa6b2d4f22ef3a8cc774e8f076ec118a9b30914b26491"
"GDT-0403","Exercício de bailarina sentada","exercicio-de-bailarina-sentada","Mobilidade","gifs/mobilidade/exercicio-de-bailarina-sentada.gif","https://www.gifdotreino.com/Exercicios/Mobilidade/Exerc%C3%ADcio%20de%20bailarina%20sentada.gif","catalog-api","3949858","65d63fda30303ab52fc17b9683ef6831fcb7dd4a11f00f2bc6017314bc8bb17c"
"GDT-0407","Exercício de retração escapular sentada","exercicio-de-retracao-escapular-sentada","Mobilidade","gifs/mobilidade/exercicio-de-retracao-escapular-sentada.gif","https://www.gifdotreino.com/Exercicios/Mobilidade/Exerc%C3%ADcio%20de%20retra%C3%A7%C3%A3o%20escapular%20sentada.gif","catalog-api","2648691","07ddc393f6b99c88cc6aba6c7e7fa8e502cf1e7fa82d48b23a191307cb2d8d31"
"GDT-0402","Exercício Pliométrico X","exercicio-pliometrico-x","Funcional e HIT","gifs/funcional-e-hit/exercicio-pliometrico-x.gif","https://www.gifdotreino.com/Exercicios/Funcional%20e%20HIT/Exerc%C3%ADcio%20Pliom%C3%A9trico%20X.gif","catalog-api","734246","66c92f9d4b54db54390e6c1d0a7f15d5b95f766902d580d2a4eb9f898ac8ce2f"
"GDT-0409","Exercícios das 5 Marcas","exercicios-das-5-marcas","Funcional e HIT","gifs/funcional-e-hit/exercicios-das-5-marcas.gif","https://www.gifdotreino.com/Exercicios/Funcional%20e%20HIT/Exerc%C3%ADcios%20das%205%20Marcas.gif","catalog-api","2898435","77aeda9c7c650e1eb016141f1c2a02923efd5b15f399c891df673cab796e82a6"
"GDT-0408","Exercícios de Escada de Agilidade","exercicios-de-escada-de-agilidade","Funcional e HIT","gifs/funcional-e-hit/exercicios-de-escada-de-agilidade.gif","https://www.gifdotreino.com/Exercicios/Funcional%20e%20HIT/Exerc%C3%ADcios%20de%20Escada%20de%20Agilidade.gif","catalog-api","2375440","36e3cb067bdce3939ccbcef93cf0b581dd329696a706e3ecb32f9ebdbaf8cfb8"
"GDT-0405","Exercícios de escada de agilidade lateral","exercicios-de-escada-de-agilidade-lateral","Funcional e HIT","gifs/funcional-e-hit/exercicios-de-escada-de-agilidade-lateral.gif","https://www.gifdotreino.com/Exercicios/Funcional%20e%20HIT/Exerc%C3%ADcios%20de%20escada%20de%20agilidade%20lateral.gif","catalog-api","4727869","2bbbf4d8c436bda829c556e34f906d0799e2325ca84eeac6a261e99224881f07"
"GDT-0406","Extensão Concentrada com Cabo no Joelho","extensao-concentrada-com-cabo-no-joelho","Tríceps","gifs/triceps/extensao-concentrada-com-cabo-no-joelho.gif","https://www.gifdotreino.com/Exercicios/Tr%C3%ADceps/Extens%C3%A3o%20Concentrada%20com%20Cabo%20no%20Joelho.gif","catalog-api","2548608","50abc9fdd9a315608f1bb2e0e9284511c8ebd9abafe02f7bca9054a5d96a8b84"
"GDT-0410","Extensão De Glúteo Em Pé","extensao-de-gluteo-em-pe","Funcional e HIT","gifs/funcional-e-hit/extensao-de-gluteo-em-pe.gif","https://www.gifdotreino.com/Exercicios/Funcional%20e%20HIT/Extens%C3%A3o%20De%20Gl%C3%BAteo%20Em%20P%C3%A9.gif","catalog-api","2256120","70571ddc1ce633dbe7f81ff69f6967cc47b5757f64633d6d2b7a5150927bfc74"
"GDT-0429","Extensão de ombro com faixa","extensao-de-ombro-com-faixa","Funcional e HIT","gifs/funcional-e-hit/extensao-de-ombro-com-faixa.gif","https://www.gifdotreino.com/Exercicios/Funcional%20e%20HIT/Extens%C3%A3o%20de%20ombro%20com%20faixa.gif","catalog-api","1917602","cf0c47c9340b495c3b5510774f451f5bb1724343fd7bca8ffdcd465d5d6e938a"
"GDT-0414","Extensão de Perna em Pé com Faixa de Resistência","extensao-de-perna-em-pe-com-faixa-de-resistencia","Funcional e HIT","gifs/funcional-e-hit/extensao-de-perna-em-pe-com-faixa-de-resistencia.gif","https://www.gifdotreino.com/Exercicios/Funcional%20e%20HIT/Extens%C3%A3o%20de%20Perna%20em%20P%C3%A9%20com%20Faixa%20de%20Resist%C3%AAncia.gif","catalog-api","2157192","e3a43653b33cba377137f8b410ea1a84c38b127d52d4a609695197809fe75694"
"GDT-0416","Extensão de Perna na Máquina Smith Reversa","extensao-de-perna-na-maquina-smith-reversa","Glúteos","gifs/gluteos/extensao-de-perna-na-maquina-smith-reversa.gif","https://www.gifdotreino.com/Exercicios/Gl%C3%BAteos/Extens%C3%A3o%20de%20Perna%20na%20M%C3%A1quina%20Smith%20Reversa.gif","catalog-api","3630574","e8d817152bc8bbf69a344f24eb48e162b90ce1f2eba8373c662fcfff7eb5d99e"
"GDT-0415","Extensão De Perna Reta","extensao-de-perna-reta","Funcional e HIT","gifs/funcional-e-hit/extensao-de-perna-reta.gif","https://www.gifdotreino.com/Exercicios/Funcional%20e%20HIT/Extens%C3%A3o%20De%20Perna%20Reta.gif","catalog-api","2172294","9735c25202576e33a287ccaa94ab643cbc31dbd0729d67c5f195fc6558185e1c"
"GDT-0412","Extensão de Perna Unilateral","extensao-de-perna-unilateral","Pernas","gifs/pernas/extensao-de-perna-unilateral.gif","https://www.gifdotreino.com/Exercicios/Pernas/Extens%C3%A3o%20de%20Perna%20Unilateral.gif","catalog-api","4157382","cd7c328fb55600c72054d74d71f947b9111432e72c6ac34faeb82dd915139729"
"GDT-0417","Extensão de Pernas com Faixa Elástica Sentado","extensao-de-pernas-com-faixa-elastica-sentado","Funcional e HIT","gifs/funcional-e-hit/extensao-de-pernas-com-faixa-elastica-sentado.gif","https://www.gifdotreino.com/Exercicios/Funcional%20e%20HIT/Extens%C3%A3o%20de%20Pernas%20com%20Faixa%20El%C3%A1stica%20Sentado.gif","catalog-api","3210520","f7705733be342820f12c7c038871a0bcc3e6b6415f962c2da01c2c271b4bb4c6"
"GDT-0413","Extensão de Pernas Sentado com Faixa de Resistência","extensao-de-pernas-sentado-com-faixa-de-resistencia","Funcional e HIT","gifs/funcional-e-hit/extensao-de-pernas-sentado-com-faixa-de-resistencia.gif","https://www.gifdotreino.com/Exercicios/Funcional%20e%20HIT/Extens%C3%A3o%20de%20Pernas%20Sentado%20com%20Faixa%20de%20Resist%C3%AAncia.gif","catalog-api","3078529","64ceed7a43029032298bd7feb57ea68f7a2ed550c6810477149767d40c01b0aa"
"GDT-0421","Extensão de Quadril com Cabo","extensao-de-quadril-com-cabo","Glúteos","gifs/gluteos/extensao-de-quadril-com-cabo.gif","https://www.gifdotreino.com/Exercicios/Gl%C3%BAteos/Extens%C3%A3o%20de%20Quadril%20com%20Cabo.gif","catalog-api","2415952","6447dc35aca1371c8408f377965ca884f57e30748ed8048559cfdca8f915a1ca"
"GDT-0423","Extensão de Quadril em Pé com Alavanca","extensao-de-quadril-em-pe-com-alavanca","Glúteos","gifs/gluteos/extensao-de-quadril-em-pe-com-alavanca.gif","https://www.gifdotreino.com/Exercicios/Gl%C3%BAteos/Extens%C3%A3o%20de%20Quadril%20em%20P%C3%A9%20com%20Alavanca.gif","catalog-api","4064186","f7d62aa6b6d7ceb338b85d2469f9770290494bc6344479beefb4e08436dc559c"
"GDT-0422","Extensão de Quadril no Banco","extensao-de-quadril-no-banco","Funcional e HIT","gifs/funcional-e-hit/extensao-de-quadril-no-banco.gif","https://www.gifdotreino.com/Exercicios/Funcional%20e%20HIT/Extens%C3%A3o%20de%20Quadril%20no%20Banco.gif","catalog-api","1998595","250ac13cb3b55339dd8ff3587b86dbb1c4cbc397a2c39f75bb8a296648882305"
"GDT-0430","Extensão de tríceps","extensao-de-triceps","Calistenia","gifs/calistenia/extensao-de-triceps.gif","https://www.gifdotreino.com/Exercicios/Calistenia/Extens%C3%A3o%20de%20tr%C3%ADceps.gif","catalog-api","1966059","7faa049e3498c1fd2e30ecd108d0fa5ae544ced41ab6b6e2d661688d6d290a3a"
"GDT-0418","Extensão de Tríceps Acima da Cabeça com Gymstick","extensao-de-triceps-acima-da-cabeca-com-gymstick","Funcional e HIT","gifs/funcional-e-hit/extensao-de-triceps-acima-da-cabeca-com-gymstick.gif","https://www.gifdotreino.com/Exercicios/Funcional%20e%20HIT/Extens%C3%A3o%20de%20Tr%C3%ADceps%20Acima%20da%20Cabe%C3%A7a%20com%20Gymstick.gif","catalog-api","2324231","24007a1024751c401bccc596fcb6bb8711293ef34cca5e105b8aa65cd2982def"
"GDT-0437","Extensão de tríceps com barra atrás da cabeça","extensao-de-triceps-com-barra-atras-da-cabeca","Tríceps","gifs/triceps/extensao-de-triceps-com-barra-atras-da-cabeca.gif","https://www.gifdotreino.com/Exercicios/Tr%C3%ADceps/Extens%C3%A3o%20de%20tr%C3%ADceps%20com%20barra%20atr%C3%A1s%20da%20cabe%C3%A7a.gif","catalog-api","2930898","191c8fdba56441fbd394d1889d51043575530840b7a22f8b1ad2917a38bc7656"
"GDT-0436","Extensão de tríceps com barra em pé","extensao-de-triceps-com-barra-em-pe","Tríceps","gifs/triceps/extensao-de-triceps-com-barra-em-pe.gif","https://www.gifdotreino.com/Exercicios/Tr%C3%ADceps/Extens%C3%A3o%20de%20tr%C3%ADceps%20com%20barra%20em%20p%C3%A9.gif","catalog-api","2045447","1f3df58871c82ff8557f3c0003df9b92770c1ec4ff6c1f36a954394e84860685"
"GDT-0434","Extensão de tríceps com barra W inclinada","extensao-de-triceps-com-barra-w-inclinada","Tríceps","gifs/triceps/extensao-de-triceps-com-barra-w-inclinada.gif","https://www.gifdotreino.com/Exercicios/Tr%C3%ADceps/Extens%C3%A3o%20de%20tr%C3%ADceps%20com%20barra%20W%20inclinada.gif","catalog-api","2368382","fd3cd7d0d44402bc2261129ffa99788c431657b061506840bfa9082d535daab4"
"GDT-0438","Extensão de tríceps com cabo ajoelhado","extensao-de-triceps-com-cabo-ajoelhado","Tríceps","gifs/triceps/extensao-de-triceps-com-cabo-ajoelhado.gif","https://www.gifdotreino.com/Exercicios/Tr%C3%ADceps/Extens%C3%A3o%20de%20tr%C3%ADceps%20com%20cabo%20ajoelhado.gif","catalog-api","2511916","26087e1733890b9060c36f0b17c49179a0925794ebbbecfe188053f4f774e462"
"GDT-0425","Extensão de Tríceps com Cabo em Posição Ajoelhada","extensao-de-triceps-com-cabo-em-posicao-ajoelhada","Tríceps","gifs/triceps/extensao-de-triceps-com-cabo-em-posicao-ajoelhada.gif","https://www.gifdotreino.com/Exercicios/Tr%C3%ADceps/Extens%C3%A3o%20de%20Tr%C3%ADceps%20com%20Cabo%20em%20Posi%C3%A7%C3%A3o%20Ajoelhada.gif","catalog-api","3567595","9b0c8980bd9a38e15a3e3e6cc2abc331d29f55b096bcaa6d2fabe4485cc5d3f9"
"GDT-0435","Extensão de tríceps com cabo inclinado","extensao-de-triceps-com-cabo-inclinado","Tríceps","gifs/triceps/extensao-de-triceps-com-cabo-inclinado.gif","https://www.gifdotreino.com/Exercicios/Tr%C3%ADceps/Extens%C3%A3o%20de%20tr%C3%ADceps%20com%20cabo%20inclinado.gif","catalog-api","2526260","da4201290b7bcb8cafd5ee424ffd561f3c9bddc09eac878895e12165caf955f5"
"GDT-0441","Extensão de tríceps com cabo na posição horizontal","extensao-de-triceps-com-cabo-na-posicao-horizontal","Tríceps","gifs/triceps/extensao-de-triceps-com-cabo-na-posicao-horizontal.gif","https://www.gifdotreino.com/Exercicios/Tr%C3%ADceps/Extens%C3%A3o%20de%20tr%C3%ADceps%20com%20cabo%20na%20posi%C3%A7%C3%A3o%20horizontal.gif","catalog-api","2364362","65bf43fed248844efc70b44e2c257d68aa550e025cedfedc65b6a8443152a15d"
"GDT-0431","Extensão de Tríceps com Cabos Cruzados","extensao-de-triceps-com-cabos-cruzados","Tríceps","gifs/triceps/extensao-de-triceps-com-cabos-cruzados.gif","https://www.gifdotreino.com/Exercicios/Tr%C3%ADceps/Extens%C3%A3o%20de%20Tr%C3%ADceps%20com%20Cabos%20Cruzados.gif","catalog-api","4172485","e93defeb44449128c69e9a926927ad009dbf1dafadb70b7a1e20967448aaeccb"
"GDT-0426","Extensão de Tríceps com deitado com Barra","extensao-de-triceps-com-deitado-com-barra","Tríceps","gifs/triceps/extensao-de-triceps-com-deitado-com-barra.gif","https://www.gifdotreino.com/Exercicios/Tr%C3%ADceps/Extens%C3%A3o%20de%20Tr%C3%ADceps%20com%20deitado%20com%20Barra.gif","catalog-api","2168256","5b16e191214ed6d9d768b4a4f7f8352a685e5b8f7ee7677aae380361c34f5f56"
"GDT-0440","Extensão de tríceps com elástico na posição horizontal","extensao-de-triceps-com-elastico-na-posicao-horizontal","Funcional e HIT","gifs/funcional-e-hit/extensao-de-triceps-com-elastico-na-posicao-horizontal.gif","https://www.gifdotreino.com/Exercicios/Funcional%20e%20HIT/Extens%C3%A3o%20de%20tr%C3%ADceps%20com%20el%C3%A1stico%20na%20posi%C3%A7%C3%A3o%20horizontal.gif","catalog-api","2153397","a3906dbdfb875696fa750a5437b3a350d33125a523cc26476e696a28b1e82d66"
"GDT-0424","Extensão de Tríceps com Faixa Elástica","extensao-de-triceps-com-faixa-elastica","Funcional e HIT","gifs/funcional-e-hit/extensao-de-triceps-com-faixa-elastica.gif","https://www.gifdotreino.com/Exercicios/Funcional%20e%20HIT/Extens%C3%A3o%20de%20Tr%C3%ADceps%20com%20Faixa%20El%C3%A1stica.gif","catalog-api","2136915","462a68d133cda885fab803ea0bb5810499f932707733429024188882a10e40aa"
"GDT-0432","Extensão de Tríceps com Faixas Elásticas","extensao-de-triceps-com-faixas-elasticas","Funcional e HIT","gifs/funcional-e-hit/extensao-de-triceps-com-faixas-elasticas.gif","https://www.gifdotreino.com/Exercicios/Funcional%20e%20HIT/Extens%C3%A3o%20de%20Tr%C3%ADceps%20com%20Faixas%20El%C3%A1sticas.gif","catalog-api","2091320","38355ee2afae8582bca33887eccdf2ed088505e244feb478f12bc73cb45ab9dc"
"GDT-0439","Extensão de tríceps com haltere em pronação com um braço","extensao-de-triceps-com-haltere-em-pronacao-com-um-braco","Tríceps","gifs/triceps/extensao-de-triceps-com-haltere-em-pronacao-com-um-braco.gif","https://www.gifdotreino.com/Exercicios/Tr%C3%ADceps/Extens%C3%A3o%20de%20tr%C3%ADceps%20com%20haltere%20em%20prona%C3%A7%C3%A3o%20com%20um%20bra%C3%A7o.gif","catalog-api","2619633","909f0a66a03d5a553a0f5a07cf4674f840e2982c94b9f1c13884db810514ad40"
"GDT-0444","Extensão de tríceps com haltere unilateral sentado","extensao-de-triceps-com-haltere-unilateral-sentado","Tríceps","gifs/triceps/extensao-de-triceps-com-haltere-unilateral-sentado.gif","https://www.gifdotreino.com/Exercicios/Tr%C3%ADceps/Extens%C3%A3o%20de%20tr%C3%ADceps%20com%20haltere%20unilateral%20sentado.gif","catalog-api","2688908","8702fe22c57de5bfdc323e22582b0fc1ea086efd5db1fc6a5e47ae3888dec6e6"
"GDT-0446","Extensão de tríceps com pegada invertida","extensao-de-triceps-com-pegada-invertida","Tríceps","gifs/triceps/extensao-de-triceps-com-pegada-invertida.gif","https://www.gifdotreino.com/Exercicios/Tr%C3%ADceps/Extens%C3%A3o%20de%20tr%C3%ADceps%20com%20pegada%20invertida.gif","catalog-api","1601540","2266e7557721924ab0ef73a523410a7d506d0df1996ef96023bb69c663f6d955"
"GDT-0447","Extensão de tríceps com um braço","extensao-de-triceps-com-um-braco","Tríceps","gifs/triceps/extensao-de-triceps-com-um-braco.gif","https://www.gifdotreino.com/Exercicios/Tr%C3%ADceps/Extens%C3%A3o%20de%20tr%C3%ADceps%20com%20um%20bra%C3%A7o.gif","catalog-api","3389519","0fdecb545ecdf625ce6ba01b8df5c0ce9f9976274b6ce89384131d7260de0a54"
"GDT-0433","Extensão de Tríceps com Uma Mão no Pulley Alto Sobre a Cabeça","extensao-de-triceps-com-uma-mao-no-pulley-alto-sobre-a-cabeca","Tríceps","gifs/triceps/extensao-de-triceps-com-uma-mao-no-pulley-alto-sobre-a-cabeca.gif","https://www.gifdotreino.com/Exercicios/Tr%C3%ADceps/Extens%C3%A3o%20de%20Tr%C3%ADceps%20com%20Uma%20M%C3%A3o%20no%20Pulley%20Alto%20Sobre%20a%20Cabe%C3%A7a.gif","catalog-api","3647095","e2e1d76aedb2a8d4aa6c0aa9ef99dbdc6485b226f5a0fcf40b1e3d27f75c4ea3"
"GDT-0427","Extensão de Tríceps deitado com Barra W Pegada Fechada atrás da Cabeça","extensao-de-triceps-deitado-com-barra-w-pegada-fechada-atras-da-cabeca","Tríceps","gifs/triceps/extensao-de-triceps-deitado-com-barra-w-pegada-fechada-atras-da-cabeca.gif","https://www.gifdotreino.com/Exercicios/Tr%C3%ADceps/Extens%C3%A3o%20de%20Tr%C3%ADceps%20deitado%20com%20Barra%20W%20Pegada%20Fechada%20atr%C3%A1s%20da%20Cabe%C3%A7a.gif","catalog-api","3361577","5a5dbd57233c9f733679115c4cef6692503c2f75ab48c09029460fa710f6886e"
"GDT-0428","Extensão de Tríceps deitado com Corda","extensao-de-triceps-deitado-com-corda","Tríceps","gifs/triceps/extensao-de-triceps-deitado-com-corda.gif","https://www.gifdotreino.com/Exercicios/Tr%C3%ADceps/Extens%C3%A3o%20de%20Tr%C3%ADceps%20deitado%20com%20Corda.gif","catalog-api","1756639","9493cecc6c55cc19aeddab6f915a26be26fd70d685b1995bdfb64642d74f5c87"
"GDT-0419","Extensão de Tríceps Invertida com unilateral","extensao-de-triceps-invertida-com-unilateral","Tríceps","gifs/triceps/extensao-de-triceps-invertida-com-unilateral.gif","https://www.gifdotreino.com/Exercicios/Tr%C3%ADceps/Extens%C3%A3o%20de%20Tr%C3%ADceps%20Invertida%20com%20unilateral.gif","catalog-api","4019447","87552baf04c211a394fc45b0859d0cfee04ee053a1644bc5c35afcae95f9d5f8"
"GDT-0442","Extensão de tríceps lateral com cabo","extensao-de-triceps-lateral-com-cabo","Tríceps","gifs/triceps/extensao-de-triceps-lateral-com-cabo.gif","https://www.gifdotreino.com/Exercicios/Tr%C3%ADceps/Extens%C3%A3o%20de%20tr%C3%ADceps%20lateral%20com%20cabo.gif","catalog-api","2210300","5e0a9ebfa6337c14b17d5f68bd4582b00c60f7f97cbfa07b328c60f587f5951c"
"GDT-0443","Extensão de tríceps na máquina","extensao-de-triceps-na-maquina","Tríceps","gifs/triceps/extensao-de-triceps-na-maquina.gif","https://www.gifdotreino.com/Exercicios/Tr%C3%ADceps/Extens%C3%A3o%20de%20tr%C3%ADceps%20na%20m%C3%A1quina.gif","catalog-api","3463263","b6145844dde086d243dde9ccc30bdfd0143b1c579f28377ad4ee00c49af306dc"
"GDT-0445","Extensão de tríceps na máquina pegada neutra","extensao-de-triceps-na-maquina-pegada-neutra","Tríceps","gifs/triceps/extensao-de-triceps-na-maquina-pegada-neutra.gif","https://www.gifdotreino.com/Exercicios/Tr%C3%ADceps/Extens%C3%A3o%20de%20tr%C3%ADceps%20na%20m%C3%A1quina%20pegada%20neutra.gif","catalog-api","4217676","63d3feedb09370314fb59a82c3d81b3e9c9927f8b0e62a1a3e065a72672b51f9"
"GDT-0449","Extensão de tríceps no cabo alto","extensao-de-triceps-no-cabo-alto","Tríceps","gifs/triceps/extensao-de-triceps-no-cabo-alto.gif","https://www.gifdotreino.com/Exercicios/Tr%C3%ADceps/Extens%C3%A3o%20de%20tr%C3%ADceps%20no%20cabo%20alto.gif","catalog-api","2559585","da3f62660e8ea1d9422dd8b5830bf2a8df1f03b3ee5ab93b79e1ca5cfafb7949"
"GDT-0448","Extensão de tríceps no cabo deitado","extensao-de-triceps-no-cabo-deitado","Tríceps","gifs/triceps/extensao-de-triceps-no-cabo-deitado.gif","https://www.gifdotreino.com/Exercicios/Tr%C3%ADceps/Extens%C3%A3o%20de%20tr%C3%ADceps%20no%20cabo%20deitado.gif","catalog-api","2698794","03c183900d35dbf4990f15e3f678e60e0f4db2e59815a331974d0e3417932da8"
"GDT-0420","Extensão de Tríceps Testa Declinado Fechado","extensao-de-triceps-testa-declinado-fechado","Tríceps","gifs/triceps/extensao-de-triceps-testa-declinado-fechado.gif","https://www.gifdotreino.com/Exercicios/Tr%C3%ADceps/Extens%C3%A3o%20de%20Tr%C3%ADceps%20Testa%20Declinado%20Fechado.gif","catalog-api","3227982","71fc18dd55b03c2d2a75e466b09d349d05a21db54226d2372fae0e37d7408485"
"GDT-0411","Extensão Lombar com Peso","extensao-lombar-com-peso","Eretor Lombar","gifs/eretor-lombar/extensao-lombar-com-peso.gif","https://www.gifdotreino.com/Exercicios/Eretor%20Lombar/Extens%C3%A3o%20Lombar%20com%20Peso.gif","catalog-api","3271032","bc88632ff6c0c750b3a0424438998e9380e70e6a771e9683fd08fccb5b1097de"
"GDT-0454","Extensão lombar sentada","extensao-lombar-sentada","Eretor Lombar","gifs/eretor-lombar/extensao-lombar-sentada.gif","https://www.gifdotreino.com/Exercicios/Eretor%20Lombar/Extens%C3%A3o%20lombar%20sentada.gif","catalog-api","3493897","72d5028c8f84bc80c9cdcab09dcb019768d8b02034525a75cb199b0d28e6598f"
"GDT-0456","Face Pull","face-pull","Trapézio","gifs/trapezio/face-pull.gif","https://www.gifdotreino.com/Exercicios/Trap%C3%A9zio/Face%20Pull.gif","catalog-api","3573900","1414d0df58cd6575443ea4aa66cf6df899fdb1003b116f50f754c898d26cf9f2"
"GDT-0450","Flexão","flexao","Calistenia","gifs/calistenia/flexao.gif","https://www.gifdotreino.com/Exercicios/Calistenia/Flex%C3%A3o.gif","catalog-api","2109048","41b1a70e70486f144cd8af15c18d0eb2c6351ac2ba32f8135d50a312cd3f4a53"
"GDT-0460","Flexão alternada de ombro","flexao-alternada-de-ombro","Mobilidade","gifs/mobilidade/flexao-alternada-de-ombro.gif","https://www.gifdotreino.com/Exercicios/Mobilidade/Flex%C3%A3o%20alternada%20de%20ombro.gif","catalog-api","1909074","4371d6233723c523da3c0508d20fe7e2b12eb09d560d50292f21fb9a33f25934"
"GDT-0458","Flexão cobra","flexao-cobra","Funcional e HIT","gifs/funcional-e-hit/flexao-cobra.gif","https://www.gifdotreino.com/Exercicios/Funcional%20e%20HIT/Flex%C3%A3o%20cobra.gif","catalog-api","2604641","2f7ea62966c47360e7bf2d9ff126659bb690033693153627ce9b53cc06da541a"
"GDT-0463","Flexão com barras de apoio","flexao-com-barras-de-apoio","Calistenia","gifs/calistenia/flexao-com-barras-de-apoio.gif","https://www.gifdotreino.com/Exercicios/Calistenia/Flex%C3%A3o%20com%20barras%20de%20apoio.gif","catalog-api","2235882","5e4fd2439fa5d845f50fc9f24a8b17109941545a8a1a70c93f22bf5837c429ad"
"GDT-0462","Flexão com Cruzamento dos Braços","flexao-com-cruzamento-dos-bracos","Calistenia","gifs/calistenia/flexao-com-cruzamento-dos-bracos.gif","https://www.gifdotreino.com/Exercicios/Calistenia/Flex%C3%A3o%20com%20Cruzamento%20dos%20Bra%C3%A7os.gif","catalog-api","3030504","5ae26cec117bc0f18e02b8bac8809c9fec474017ef009b89bfa41ef37f982116"
"GDT-0468","Flexão com kettlebell profunda","flexao-com-kettlebell-profunda","Calistenia","gifs/calistenia/flexao-com-kettlebell-profunda.gif","https://www.gifdotreino.com/Exercicios/Calistenia/Flex%C3%A3o%20com%20kettlebell%20profunda.gif","catalog-api","3431426","e4908b49cdfd09f4f5ec1072fef2d890afca7dccc261128ebb36a946b26c59a5"
"GDT-0469","Flexão com parada de mãos","flexao-com-parada-de-maos","Calistenia","gifs/calistenia/flexao-com-parada-de-maos.gif","https://www.gifdotreino.com/Exercicios/Calistenia/Flex%C3%A3o%20com%20parada%20de%20m%C3%A3os.gif","catalog-api","1921701","e5aa222d19d5bc95a6fdbb2f360c059c2e31025379c27608c3d908c2621ae430"
"GDT-0470","Flexão com peso","flexao-com-peso","Calistenia","gifs/calistenia/flexao-com-peso.gif","https://www.gifdotreino.com/Exercicios/Calistenia/Flex%C3%A3o%20com%20peso.gif","catalog-api","3506672","f948db77c2d70feff5dcd3e31f51d4c2678560f6d69e8ebdacd802b9d5398fae"
"GDT-0461","Flexão com Rotação","flexao-com-rotacao","Funcional e HIT","gifs/funcional-e-hit/flexao-com-rotacao.gif","https://www.gifdotreino.com/Exercicios/Funcional%20e%20HIT/Flex%C3%A3o%20com%20Rota%C3%A7%C3%A3o.gif","catalog-api","3418194","a1e9102505f3dbaafea28c77da841f7495428e2cdc5a66e6e9215d30544c4907"
"GDT-0459","Flexão com Toque no Peito","flexao-com-toque-no-peito","Calistenia","gifs/calistenia/flexao-com-toque-no-peito.gif","https://www.gifdotreino.com/Exercicios/Calistenia/Flex%C3%A3o%20com%20Toque%20no%20Peito.gif","catalog-api","1957792","6ea6bf4c198aadd24eb70b37536ded388691b88efb258caac6df4d8f91ce322a"
"GDT-0464","Flexão com Toque nos Dedos dos Pés","flexao-com-toque-nos-dedos-dos-pes","Calistenia","gifs/calistenia/flexao-com-toque-nos-dedos-dos-pes.gif","https://www.gifdotreino.com/Exercicios/Calistenia/Flex%C3%A3o%20com%20Toque%20nos%20Dedos%20dos%20P%C3%A9s.gif","catalog-api","3476635","98f1973698b263ce2a659ff7df1b805090b54051db32beef8a770dd648d9050e"
"GDT-0465","Flexão com um braço","flexao-com-um-braco","Calistenia","gifs/calistenia/flexao-com-um-braco.gif","https://www.gifdotreino.com/Exercicios/Calistenia/Flex%C3%A3o%20com%20um%20bra%C3%A7o.gif","catalog-api","2632799","e40601d27a5f120cecb6b47befb95808a5a5e58825dba37dd9df16b1ff729e6a"
"GDT-0738","Flexão de apoio com elevação de braço","flexao-de-apoio-com-elevacao-de-braco","Tríceps","gifs/triceps/flexao-de-apoio-com-elevacao-de-braco.gif","https://www.gifdotreino.com/Exercicios/Tr%C3%ADceps/Flex%C3%A3o%20de%20apoio%20com%20eleva%C3%A7%C3%A3o%20de%20bra%C3%A7o.gif","catalog-api","1982529","80971802dc2daca575fa2606ea7456d0ce24376732886e70b5346008f4d607bf"
"GDT-0494","Flexão de braço com adução da escapula","flexao-de-braco-com-aducao-da-escapula","Calistenia","gifs/calistenia/flexao-de-braco-com-aducao-da-escapula.gif","https://www.gifdotreino.com/Exercicios/Calistenia/Flex%C3%A3o%20de%20bra%C3%A7o%20com%20adu%C3%A7%C3%A3o%20da%20escapula.gif","catalog-api","3671411","63ec0d7c6eec1a2ac0c575e5a6ab81c099bffe91fd42962881c2d341e94343db"
"GDT-0467","Flexão de Braço com Arqueamento","flexao-de-braco-com-arqueamento","Calistenia","gifs/calistenia/flexao-de-braco-com-arqueamento.gif","https://www.gifdotreino.com/Exercicios/Calistenia/Flex%C3%A3o%20de%20Bra%C3%A7o%20com%20Arqueamento.gif","catalog-api","3376811","f666ec80ee1cb8dc01591ae4366744e9637ea65c63b7976f143a0dd633c607e7"
"GDT-0495","Flexão de braço com as mãos entre bancos","flexao-de-braco-com-as-maos-entre-bancos","Crossfit","gifs/crossfit/flexao-de-braco-com-as-maos-entre-bancos.gif","https://www.gifdotreino.com/Exercicios/Crossfit/Flex%C3%A3o%20de%20bra%C3%A7o%20com%20as%20m%C3%A3os%20entre%20bancos.gif","catalog-api","2041876","6eba0d65ea060b91ff104fe9044281b102bf7f3e9f24856f8e73d16d12e814c5"
"GDT-0476","Flexão de Braço com Bola de Estabilidade","flexao-de-braco-com-bola-de-estabilidade","Calistenia","gifs/calistenia/flexao-de-braco-com-bola-de-estabilidade.gif","https://www.gifdotreino.com/Exercicios/Calistenia/Flex%C3%A3o%20de%20Bra%C3%A7o%20com%20Bola%20de%20Estabilidade.gif","catalog-api","3210616","97e2aa66e07e1b6f9247227f0099efaf5f7641e007372decf2f0f9b81d46f7dc"
"GDT-0471","Flexão de Braço com Bola Medicinal com Apoio em Um Braço","flexao-de-braco-com-bola-medicinal-com-apoio-em-um-braco","Calistenia","gifs/calistenia/flexao-de-braco-com-bola-medicinal-com-apoio-em-um-braco.gif","https://www.gifdotreino.com/Exercicios/Calistenia/Flex%C3%A3o%20de%20Bra%C3%A7o%20com%20Bola%20Medicinal%20com%20Apoio%20em%20Um%20Bra%C3%A7o.gif","catalog-api","4152078","ab200daf5fd031c4b61ce6696c4ba8a63bbd36003d06b870a24d761b24067fa4"
"GDT-0475","Flexão de Braço com Bola Medicinal em Um Braço","flexao-de-braco-com-bola-medicinal-em-um-braco","Crossfit","gifs/crossfit/flexao-de-braco-com-bola-medicinal-em-um-braco.gif","https://www.gifdotreino.com/Exercicios/Crossfit/Flex%C3%A3o%20de%20Bra%C3%A7o%20com%20Bola%20Medicinal%20em%20Um%20Bra%C3%A7o.gif","catalog-api","4145330","9afd75db48956dafd8702c7cdd71b8e4e741da428cfd4084c184bee30908235f"
"GDT-0496","Flexão de braço com palmas","flexao-de-braco-com-palmas","Calistenia","gifs/calistenia/flexao-de-braco-com-palmas.gif","https://www.gifdotreino.com/Exercicios/Calistenia/Flex%C3%A3o%20de%20bra%C3%A7o%20com%20palmas.gif","catalog-api","2983733","97132ba9b96e937adab847d56c9f038d36907de0bbdc9ef9db2401f1ccf553b5"
"GDT-0474","Flexão de Braço com Uma Perna","flexao-de-braco-com-uma-perna","Calistenia","gifs/calistenia/flexao-de-braco-com-uma-perna.gif","https://www.gifdotreino.com/Exercicios/Calistenia/Flex%C3%A3o%20de%20Bra%C3%A7o%20com%20Uma%20Perna.gif","catalog-api","1941474","9c354dce641d7812398e258fecab2420aa6c67a4ed9966696b9af6cd524a3910"
"GDT-0466","Flexão de Braço Declinada com Bola de Estabilidade","flexao-de-braco-declinada-com-bola-de-estabilidade","Calistenia","gifs/calistenia/flexao-de-braco-declinada-com-bola-de-estabilidade.gif","https://www.gifdotreino.com/Exercicios/Calistenia/Flex%C3%A3o%20de%20Bra%C3%A7o%20Declinada%20com%20Bola%20de%20Estabilidade.gif","catalog-api","2874969","1b48d9f8400d4337f00632aa77a7e2e3e0f0293164a7fdaa70a32e3653d97712"
"GDT-0499","Flexão de braço em posição de parada de mão com balanço","flexao-de-braco-em-posicao-de-parada-de-mao-com-balanco","Crossfit","gifs/crossfit/flexao-de-braco-em-posicao-de-parada-de-mao-com-balanco.gif","https://www.gifdotreino.com/Exercicios/Crossfit/Flex%C3%A3o%20de%20bra%C3%A7o%20em%20posi%C3%A7%C3%A3o%20de%20parada%20de%20m%C3%A3o%20com%20balan%C3%A7o.gif","catalog-api","2903208","4ba3242357fcb522f850ff07a4618adb10666ba720047bc30eb886434ec415f0"
"GDT-0472","Flexão de Braço na Parede com Pegada Fechada","flexao-de-braco-na-parede-com-pegada-fechada","Calistenia","gifs/calistenia/flexao-de-braco-na-parede-com-pegada-fechada.gif","https://www.gifdotreino.com/Exercicios/Calistenia/Flex%C3%A3o%20de%20Bra%C3%A7o%20na%20Parede%20com%20Pegada%20Fechada.gif","catalog-api","2351618","2f1562ec2cc74970f36456c9bc143525bb6826f16eefcb87ecf1d53254d39d40"
"GDT-0473","Flexão de Braço no Bosu","flexao-de-braco-no-bosu","Funcional e HIT","gifs/funcional-e-hit/flexao-de-braco-no-bosu.gif","https://www.gifdotreino.com/Exercicios/Funcional%20e%20HIT/Flex%C3%A3o%20de%20Bra%C3%A7o%20no%20Bosu.gif","catalog-api","2396954","a35dc719f1e89551c43f6b14ea3fb1b6bcf3e140b5a338c1e08c057fc5b8a359"
"GDT-0478","Flexão de Braços com Apoio dos Joelhos Fechada","flexao-de-bracos-com-apoio-dos-joelhos-fechada","Calistenia","gifs/calistenia/flexao-de-bracos-com-apoio-dos-joelhos-fechada.gif","https://www.gifdotreino.com/Exercicios/Calistenia/Flex%C3%A3o%20de%20Bra%C3%A7os%20com%20Apoio%20dos%20Joelhos%20Fechada.gif","catalog-api","3440908","8bf5566bc3670a3a54a0cafa7ed09b869f954a89d51caeb728bd9761f406b8a2"
"GDT-0477","Flexão de Braços com Toque no Ombro","flexao-de-bracos-com-toque-no-ombro","Calistenia","gifs/calistenia/flexao-de-bracos-com-toque-no-ombro.gif","https://www.gifdotreino.com/Exercicios/Calistenia/Flex%C3%A3o%20de%20Bra%C3%A7os%20com%20Toque%20no%20Ombro.gif","catalog-api","2521819","385d984e4c4a85e50f92ea7f643e227539ceaf552beb10aaaef010b6995a9776"
"GDT-0482","Flexão de Cotovelos na Barra","flexao-de-cotovelos-na-barra","Calistenia","gifs/calistenia/flexao-de-cotovelos-na-barra.gif","https://www.gifdotreino.com/Exercicios/Calistenia/Flex%C3%A3o%20de%20Cotovelos%20na%20Barra.gif","catalog-api","2479925","9c24411323ebc41f29e30f9a4e587fb6aac88d2352bb03529e14e8a443868a3d"
"GDT-0484","Flexão de Dedos","flexao-de-dedos","Calistenia","gifs/calistenia/flexao-de-dedos.gif","https://www.gifdotreino.com/Exercicios/Calistenia/Flex%C3%A3o%20de%20Dedos.gif","catalog-api","2154606","18a5654fce0268aa80c6b3a0b3391bde68ef76ae11de3fe81ea673bda87be076"
"GDT-0500","Flexão de diamante de joelhos","flexao-de-diamante-de-joelhos","Calistenia","gifs/calistenia/flexao-de-diamante-de-joelhos.gif","https://www.gifdotreino.com/Exercicios/Calistenia/Flex%C3%A3o%20de%20diamante%20de%20joelhos.gif","catalog-api","3272149","7865440a969e04a60540fe4acdf8303e8217ab7dfb7aa8dc230afd982477d7d4"
"GDT-0504","Flexão de joelhos","flexao-de-joelhos","Calistenia","gifs/calistenia/flexao-de-joelhos.gif","https://www.gifdotreino.com/Exercicios/Calistenia/Flex%C3%A3o%20de%20joelhos.gif","catalog-api","3681133","4d0b8fbc789f82c31de31501fdf5232564c80db853d512143084a66021b140e4"
"GDT-0501","Flexão de ombro com faixa","flexao-de-ombro-com-faixa","Funcional e HIT","gifs/funcional-e-hit/flexao-de-ombro-com-faixa.gif","https://www.gifdotreino.com/Exercicios/Funcional%20e%20HIT/Flex%C3%A3o%20de%20ombro%20com%20faixa.gif","catalog-api","2029109","d7444c389b8bd870c934fd605c0a7d81f0733152fd9fd6a54da24882238ca4dd"
"GDT-0483","Flexão de Parede","flexao-de-parede","Calistenia","gifs/calistenia/flexao-de-parede.gif","https://www.gifdotreino.com/Exercicios/Calistenia/Flex%C3%A3o%20de%20Parede.gif","catalog-api","2119791","5a7ad0cb444a1ed0bc552e1b7eed468d28adf7ca684a5ddfca2602f7432c000b"
"GDT-0479","Flexão de Peito com TRX","flexao-de-peito-com-trx","Calistenia","gifs/calistenia/flexao-de-peito-com-trx.gif","https://www.gifdotreino.com/Exercicios/Calistenia/Flex%C3%A3o%20de%20Peito%20com%20TRX.gif","catalog-api","3223318","ac0491f055f2a0dfdbba3f9507f7188adfbe296fbe055c36b3b83a5a23c890fb"
"GDT-0480","Flexão de Perna com Halteres em Decúbito Dorsal","flexao-de-perna-com-halteres-em-decubito-dorsal","Calistenia","gifs/calistenia/flexao-de-perna-com-halteres-em-decubito-dorsal.gif","https://www.gifdotreino.com/Exercicios/Calistenia/Flex%C3%A3o%20de%20Perna%20com%20Halteres%20em%20Dec%C3%BAbito%20Dorsal.gif","catalog-api","2417991","7473183fa2434d2254728cab4097156a011dbf9b886b4343ab6f4ece06c8f03e"
"GDT-0481","Flexão de Pernas com Alavanca","flexao-de-pernas-com-alavanca","Pernas","gifs/pernas/flexao-de-pernas-com-alavanca.gif","https://www.gifdotreino.com/Exercicios/Pernas/Flex%C3%A3o%20de%20Pernas%20com%20Alavanca.gif","catalog-api","3513143","55b13d0dbeb1b4ce62b84419a1bf2d6d57aac8a84e04285001bb19678f84e795"
"GDT-0485","Flexão de Pernas com Faixa Elástica","flexao-de-pernas-com-faixa-elastica","Funcional e HIT","gifs/funcional-e-hit/flexao-de-pernas-com-faixa-elastica.gif","https://www.gifdotreino.com/Exercicios/Funcional%20e%20HIT/Flex%C3%A3o%20de%20Pernas%20com%20Faixa%20El%C3%A1stica.gif","catalog-api","2234789","4285debbe2cd5e6c3d37c0e93e9f8dbc161c46da65b850cfbeedb832ea033616"
"GDT-0487","Flexão de Pernas com Halteres Declinado","flexao-de-pernas-com-halteres-declinado","Pernas","gifs/pernas/flexao-de-pernas-com-halteres-declinado.gif","https://www.gifdotreino.com/Exercicios/Pernas/Flex%C3%A3o%20de%20Pernas%20com%20Halteres%20Declinado.gif","catalog-api","2287041","8011d1503755027fa2939a7c503a396d2f194a99c2f0908c50586245b51b354f"
"GDT-0503","Flexão de pernas com toalha","flexao-de-pernas-com-toalha","Calistenia","gifs/calistenia/flexao-de-pernas-com-toalha.gif","https://www.gifdotreino.com/Exercicios/Calistenia/Flex%C3%A3o%20de%20pernas%20com%20toalha.gif","catalog-api","2005798","e60cfc58b94d7f5787be7dfa89728560eec8726c58112f8f67c64eedfb8dcb4b"
"GDT-0486","Flexão de Pernas deitado com Faixa Elástica","flexao-de-pernas-deitado-com-faixa-elastica","Funcional e HIT","gifs/funcional-e-hit/flexao-de-pernas-deitado-com-faixa-elastica.gif","https://www.gifdotreino.com/Exercicios/Funcional%20e%20HIT/Flex%C3%A3o%20de%20Pernas%20deitado%20com%20Faixa%20El%C3%A1stica.gif","catalog-api","1473679","f5bd4440d23602f422fbae75e7b4cf59bcdaaa18a9cc14e7b87d52ac9130ae08"
"GDT-0490","Flexão de Pernas na Bola de Estabilidade","flexao-de-pernas-na-bola-de-estabilidade","Funcional e HIT","gifs/funcional-e-hit/flexao-de-pernas-na-bola-de-estabilidade.gif","https://www.gifdotreino.com/Exercicios/Funcional%20e%20HIT/Flex%C3%A3o%20de%20Pernas%20na%20Bola%20de%20Estabilidade.gif","catalog-api","2634838","8f0624d80b0a2b36d429c87fe4e0b9b5d37bd09d3eddfdb09a29b1f852695d7c"
"GDT-0502","Flexão de pivô com banco","flexao-de-pivo-com-banco","Calistenia","gifs/calistenia/flexao-de-pivo-com-banco.gif","https://www.gifdotreino.com/Exercicios/Calistenia/Flex%C3%A3o%20de%20piv%C3%B4%20com%20banco.gif","catalog-api","3612142","ebb2f540bc9d739feb7a18c6b36115fe98d8a4c7367b406fc43f75590f245ac9"
"GDT-0507","Flexão de pivô entre cadeiras","flexao-de-pivo-entre-cadeiras","Calistenia","gifs/calistenia/flexao-de-pivo-entre-cadeiras.gif","https://www.gifdotreino.com/Exercicios/Calistenia/Flex%C3%A3o%20de%20piv%C3%B4%20entre%20cadeiras.gif","catalog-api","4872757","0b1c5ebc98dde2cb005f41a1f3d219cac7cf89cff9a34dceca156969ded2a68d"
"GDT-0488","Flexão de Pulso Neutra Sentado com Halteres","flexao-de-pulso-neutra-sentado-com-halteres","Antebraços","gifs/antebracos/flexao-de-pulso-neutra-sentado-com-halteres.gif","https://www.gifdotreino.com/Exercicios/Antebra%C3%A7os/Flex%C3%A3o%20de%20Pulso%20Neutra%20Sentado%20com%20Halteres.gif","catalog-api","2993386","19d816b2ce3efc5fa9bc2671f28b3c1c5089d81460176ba1f4c621548a7d72a7"
"GDT-0498","Flexão de Punho com Cabo em um Braço no Chão","flexao-de-punho-com-cabo-em-um-braco-no-chao","Antebraços","gifs/antebracos/flexao-de-punho-com-cabo-em-um-braco-no-chao.gif","https://www.gifdotreino.com/Exercicios/Antebra%C3%A7os/Flex%C3%A3o%20de%20Punho%20com%20Cabo%20em%20um%20Bra%C3%A7o%20no%20Ch%C3%A3o.gif","catalog-api","3092370","428920b9cd0b7169ec200dd009e530bd70265208ad42f49ce9c6c88a21089a1a"
"GDT-0492","Flexão de Punho com Halteres","flexao-de-punho-com-halteres","Antebraços","gifs/antebracos/flexao-de-punho-com-halteres.gif","https://www.gifdotreino.com/Exercicios/Antebra%C3%A7os/Flex%C3%A3o%20de%20Punho%20com%20Halteres.gif","catalog-api","2848053","34a226489df3958ca0cd0ec5f2bade7c514b84ead3ca5b482c053339f607a443"
"GDT-0489","Flexão de Punho Fechado","flexao-de-punho-fechado","Calistenia","gifs/calistenia/flexao-de-punho-fechado.gif","https://www.gifdotreino.com/Exercicios/Calistenia/Flex%C3%A3o%20de%20Punho%20Fechado.gif","catalog-api","2824888","5ade2e81f55de6d6a021cf70d744b3d9a48742e549b73eab21cdd1757f4986ad"
"GDT-0491","Flexão de Punho Reversa com Anilha","flexao-de-punho-reversa-com-anilha","Antebraços","gifs/antebracos/flexao-de-punho-reversa-com-anilha.gif","https://www.gifdotreino.com/Exercicios/Antebra%C3%A7os/Flex%C3%A3o%20de%20Punho%20Reversa%20com%20Anilha.gif","catalog-api","3154191","981d02a26730a12d11c538d859c422e66705cf69e01688ed4a5683277ea04199"
"GDT-0493","Flexão de Punho Reversa com Barra Sobre um Banco","flexao-de-punho-reversa-com-barra-sobre-um-banco","Antebraços","gifs/antebracos/flexao-de-punho-reversa-com-barra-sobre-um-banco.gif","https://www.gifdotreino.com/Exercicios/Antebra%C3%A7os/Flex%C3%A3o%20de%20Punho%20Reversa%20com%20Barra%20Sobre%20um%20Banco.gif","catalog-api","3630516","7ebf45ea322a243bf080fa8909c2ccad1699dc51eef2fbbb0c3b641681104d1c"
"GDT-0497","Flexão de Queda","flexao-de-queda","Calistenia","gifs/calistenia/flexao-de-queda.gif","https://www.gifdotreino.com/Exercicios/Calistenia/Flex%C3%A3o%20de%20Queda.gif","catalog-api","2791369","313cbb11bef1790d203d712212658a35bebad068604677ab86b6dc5615143766"
"GDT-0505","Flexão de um braço com apoio","flexao-de-um-braco-com-apoio","Calistenia","gifs/calistenia/flexao-de-um-braco-com-apoio.gif","https://www.gifdotreino.com/Exercicios/Calistenia/Flex%C3%A3o%20de%20um%20bra%C3%A7o%20com%20apoio.gif","catalog-api","2098184","93bcd38bd880bcb7a24787b7bf58d65f4cd68d9e217a9df6e366d427c8c40479"
"GDT-0506","Flexão de um braço com bola medicinal","flexao-de-um-braco-com-bola-medicinal","Calistenia","gifs/calistenia/flexao-de-um-braco-com-bola-medicinal.gif","https://www.gifdotreino.com/Exercicios/Calistenia/Flex%C3%A3o%20de%20um%20bra%C3%A7o%20com%20bola%20medicinal.gif","catalog-api","2848014","b99ae6dd761ac0fbccd65d15b7006d6b520ef64741ae550bb0ce7db033f8a191"
"GDT-0457","Flexão Declinada","flexao-declinada","Calistenia","gifs/calistenia/flexao-declinada.gif","https://www.gifdotreino.com/Exercicios/Calistenia/Flex%C3%A3o%20Declinada.gif","catalog-api","4651880","134d342fb5be3a8e8fc9104a8d8f515a6c9eb48ab3224380be3d079d33c0b6b8"
"GDT-0511","Flexão diamante","flexao-diamante","Calistenia","gifs/calistenia/flexao-diamante.gif","https://www.gifdotreino.com/Exercicios/Calistenia/Flex%C3%A3o%20diamante.gif","catalog-api","2742291","33a2aee1e5dd9fafe34723d94c3c63bd8f43e731a91dbd125d31d8668646b859"
"GDT-0512","Flexão em pivô","flexao-em-pivo","Calistenia","gifs/calistenia/flexao-em-pivo.gif","https://www.gifdotreino.com/Exercicios/Calistenia/Flex%C3%A3o%20em%20piv%C3%B4.gif","catalog-api","3700401","c047c037503256ddc591a113d596611fb12eceb4ef3ea1ca8f613db27a9fecd4"
"GDT-0451","Flexão Fechada com bola medicinal","flexao-fechada-com-bola-medicinal","Calistenia","gifs/calistenia/flexao-fechada-com-bola-medicinal.gif","https://www.gifdotreino.com/Exercicios/Calistenia/Flex%C3%A3o%20Fechada%20com%20bola%20medicinal.gif","catalog-api","3003041","e837c1bfc6bc7d341c0c7245bf05386c5198afcbb5c8f1640a52e96b2b9e8837"
"GDT-0508","Flexão hindu modificada","flexao-hindu-modificada","Calistenia","gifs/calistenia/flexao-hindu-modificada.gif","https://www.gifdotreino.com/Exercicios/Calistenia/Flex%C3%A3o%20hindu%20modificada.gif","catalog-api","3617726","e232fe989a5ec9cabe6eb6f0a2aa8f77cdc30c4c2eda9871c927d5cb429cb9c0"
"GDT-0509","Flexão inclinada","flexao-inclinada","Calistenia","gifs/calistenia/flexao-inclinada.gif","https://www.gifdotreino.com/Exercicios/Calistenia/Flex%C3%A3o%20inclinada.gif","catalog-api","3093183","27ddaeff5f4bfa18f27b35f2c4a89a8c839dd4f82df8d6d4bf4c0bacc8f72c0e"
"GDT-0452","Flexão Invertida","flexao-invertida","Calistenia","gifs/calistenia/flexao-invertida.gif","https://www.gifdotreino.com/Exercicios/Calistenia/Flex%C3%A3o%20Invertida.gif","catalog-api","2269544","e1c616990b45a1a16e28a7ca541f32b2a8b312adf0655c7bf2f0254ed2ffcbbe"
"GDT-0510","Flexão na parede","flexao-na-parede","Calistenia","gifs/calistenia/flexao-na-parede.gif","https://www.gifdotreino.com/Exercicios/Calistenia/Flex%C3%A3o%20na%20parede.gif","catalog-api","2143197","79b3ab8d06e6c2c01bbfa69c66821c144b7460979fd8c9a42d66df457252724a"
"GDT-0453","Flexão Nórdica","flexao-nordica","Pernas","gifs/pernas/flexao-nordica.gif","https://www.gifdotreino.com/Exercicios/Pernas/Flex%C3%A3o%20N%C3%B3rdica.gif","catalog-api","3807927","ac89ff8ef9106cffcc6b387e9d71d6a75cc40f6bd760006fbf0d2f9327f6b311"
"GDT-0455","Flexão Nórdica (2)","flexao-nordica-2","Pernas","gifs/pernas/flexao-nordica-2.gif","https://www.gifdotreino.com/Exercicios/Pernas/Flex%C3%A3o%20N%C3%B3rdica%20(2).gif","catalog-api","2343231","8d5c742a87af509219fd29feac92ffb508ea277e23544ee27edc0b9d2c427f66"
"GDT-0513","Flexão plus","flexao-plus","Calistenia","gifs/calistenia/flexao-plus.gif","https://www.gifdotreino.com/Exercicios/Calistenia/Flex%C3%A3o%20plus.gif","catalog-api","3671368","4a8c2adf7682a45a10c8cbacb1f3488165d8352ba49c31a70c622e61af5a9e3e"
"GDT-0514","Flexão reversa com cotovelos","flexao-reversa-com-cotovelos","Calistenia","gifs/calistenia/flexao-reversa-com-cotovelos.gif","https://www.gifdotreino.com/Exercicios/Calistenia/Flex%C3%A3o%20reversa%20com%20cotovelos.gif","catalog-api","2880298","5125032dcf74e00951e3f7ab72c302bee2588ed5b8ad9ffd3aa062ff0279d26c"
"GDT-0515","Flexões de apoio de mão na parede","flexoes-de-apoio-de-mao-na-parede","Calistenia","gifs/calistenia/flexoes-de-apoio-de-mao-na-parede.gif","https://www.gifdotreino.com/Exercicios/Calistenia/Flex%C3%B5es%20de%20apoio%20de%20m%C3%A3o%20na%20parede.gif","catalog-api","2123601","4eae6b707b0522d40c188e42e5b60d28ffb579c6635abb9c3dca3bac395fb935"
"GDT-0516","Flexões hindu","flexoes-hindu","Calistenia","gifs/calistenia/flexoes-hindu.gif","https://www.gifdotreino.com/Exercicios/Calistenia/Flex%C3%B5es%20hindu.gif","catalog-api","3261439","665956582a830237263046e1428d4eaa65e687d88b8961aee314540b932e0452"
"GDT-0518","Gancho de Direita","gancho-de-direita","Funcional e HIT","gifs/funcional-e-hit/gancho-de-direita.gif","https://www.gifdotreino.com/Exercicios/Funcional%20e%20HIT/Gancho%20de%20Direita.gif","catalog-api","3143947","9cdbe942eb84f0ef7af7d1f8150814f77084568d4d67c0ff2ad7d4b247338855"
"GDT-0525","Glúteo Coice com Gymstick","gluteo-coice-com-gymstick","Funcional e HIT","gifs/funcional-e-hit/gluteo-coice-com-gymstick.gif","https://www.gifdotreino.com/Exercicios/Funcional%20e%20HIT/Gl%C3%BAteo%20Coice%20com%20Gymstick.gif","catalog-api","2330571","1805d106e06b98da16dabf757d6434eaaf81d0947b4284348d57d7be030464f6"
"GDT-0522","Glúteo Coice com Pernas Flexionada com Faixa","gluteo-coice-com-pernas-flexionada-com-faixa","Funcional e HIT","gifs/funcional-e-hit/gluteo-coice-com-pernas-flexionada-com-faixa.gif","https://www.gifdotreino.com/Exercicios/Funcional%20e%20HIT/Gl%C3%BAteo%20Coice%20com%20Pernas%20Flexionada%20com%20Faixa.gif","catalog-api","2633914","34a8403ec83bb0e6efddeac84f629372f58a7073b25528f1a9e7af17a083dfe5"
"GDT-0523","Glúteo Coice em Pé com Faixa Elástica","gluteo-coice-em-pe-com-faixa-elastica","Funcional e HIT","gifs/funcional-e-hit/gluteo-coice-em-pe-com-faixa-elastica.gif","https://www.gifdotreino.com/Exercicios/Funcional%20e%20HIT/Gl%C3%BAteo%20Coice%20em%20P%C3%A9%20com%20Faixa%20El%C3%A1stica.gif","catalog-api","2492230","9dc70a9e698481a57e9bf1ff2d6bb39a4336d12dafb998d229a702217e223bf9"
"GDT-0517","Glúteo Coice Na Alavanca","gluteo-coice-na-alavanca","Glúteos","gifs/gluteos/gluteo-coice-na-alavanca.gif","https://www.gifdotreino.com/Exercicios/Gl%C3%BAteos/Gl%C3%BAteo%20Coice%20Na%20Alavanca.gif","catalog-api","3015870","07eca2adbfdd0c3f9a0e7242ee2b985c62e8253b4e8877e3c266f9f87d3597db"
"GDT-0521","Glúteo Coice Na Máquina","gluteo-coice-na-maquina","Glúteos","gifs/gluteos/gluteo-coice-na-maquina.gif","https://www.gifdotreino.com/Exercicios/Gl%C3%BAteos/Gl%C3%BAteo%20Coice%20Na%20M%C3%A1quina.gif","catalog-api","4210748","53668f71c3cae6b3d55c92e21e099edde411ce001ac3a052584cdd0aca697951"
"GDT-0520","Glúteo Coice Na Máquina De Extensão De Pernas","gluteo-coice-na-maquina-de-extensao-de-pernas","Glúteos","gifs/gluteos/gluteo-coice-na-maquina-de-extensao-de-pernas.gif","https://www.gifdotreino.com/Exercicios/Gl%C3%BAteos/Gl%C3%BAteo%20Coice%20Na%20M%C3%A1quina%20De%20Extens%C3%A3o%20De%20Pernas.gif","catalog-api","3113203","b6c7c11a76df512376c276f40587e27cf09bb1926c40df45b0dbb3b3c683976f"
"GDT-0526","Glúteo Coice No Smith","gluteo-coice-no-smith","Glúteos","gifs/gluteos/gluteo-coice-no-smith.gif","https://www.gifdotreino.com/Exercicios/Gl%C3%BAteos/Gl%C3%BAteo%20Coice%20No%20Smith.gif","catalog-api","2891991","f20ffb309380af9638b5af6cd15e40fe0d3273e62cba23dbeb20828a0fd5ce31"
"GDT-0524","Glúteos Coice com Faixa Elástica","gluteos-coice-com-faixa-elastica","Funcional e HIT","gifs/funcional-e-hit/gluteos-coice-com-faixa-elastica.gif","https://www.gifdotreino.com/Exercicios/Funcional%20e%20HIT/Gl%C3%BAteos%20Coice%20com%20Faixa%20El%C3%A1stica.gif","catalog-api","2557367","af44bb73a0af5069033839ebcc4076ffb9a9efb76fbbfe0bcc615c3cb60c00af"
"GDT-0519","Gluteos Coice nilateral Polia Baixa","gluteos-coice-nilateral-polia-baixa","Glúteos","gifs/gluteos/gluteos-coice-nilateral-polia-baixa.gif","https://www.gifdotreino.com/Exercicios/Gl%C3%BAteos/Gluteos%20Coice%20nilateral%20Polia%20Baixa.gif","catalog-api","3613792","8f5a34c97a54503f1fa24afaf16d1bf2e08bd356836b0d30c4ca49debd8c6836"
"GDT-0535","Glúteos na Polia Baixa","gluteos-na-polia-baixa","Glúteos","gifs/gluteos/gluteos-na-polia-baixa.gif","https://www.gifdotreino.com/Exercicios/Gl%C3%BAteos/Gl%C3%BAteos%20na%20Polia%20Baixa.gif","catalog-api","4690616","b4400e9b6e3810919a987b654e21f6a2ec0cfc11287393f88e7a7e950e0d8ff7"
"GDT-0527","Hand Grip","hand-grip","Antebraços","gifs/antebracos/hand-grip.gif","https://www.gifdotreino.com/Exercicios/Antebra%C3%A7os/Hand%20Grip.gif","catalog-api","2241572","24268dd4c7322982db6ed2a01f5d44e05a99e384898bf05be06a46f0fbea03d7"
"GDT-0528","Hands Bike","hands-bike","Cardio","gifs/cardio/hands-bike.gif","https://www.gifdotreino.com/Exercicios/Cardio/Hands%20Bike.gif","catalog-api","3687952","5463fb3120a89f20ce311ffa1f36ae7135effe06dcce916b3c42b0df5058b703"
"GDT-0529","Heaving Snatch Balance","heaving-snatch-balance","Crossfit","gifs/crossfit/heaving-snatch-balance.gif","https://www.gifdotreino.com/Exercicios/Crossfit/Heaving%20Snatch%20Balance.gif","catalog-api","2237569","f0658fe5339311be6e36d13129be204fe11d1e99c396f32460104399935ba431"
"GDT-0530","Hiperextensão","hiperextensao","Eretor Lombar","gifs/eretor-lombar/hiperextensao.gif","https://www.gifdotreino.com/Exercicios/Eretor%20Lombar/Hiperextens%C3%A3o.gif","catalog-api","3495846","ae9d9766907438f5f43d719ef0ff8a67c33b6006d01b777e3b6d929ad320ea49"
"GDT-0534","Hiperextensão com Torção","hiperextensao-com-torcao","Eretor Lombar","gifs/eretor-lombar/hiperextensao-com-torcao.gif","https://www.gifdotreino.com/Exercicios/Eretor%20Lombar/Hiperextens%C3%A3o%20com%20Tor%C3%A7%C3%A3o.gif","catalog-api","3034616","1c7df02867b4a29b4a9704b88737b7d39824b0392e4128b73a4f77b2eee5ea00"
"GDT-0533","Hiperextensão de Lombar no Banco Plano","hiperextensao-de-lombar-no-banco-plano","Eretor Lombar","gifs/eretor-lombar/hiperextensao-de-lombar-no-banco-plano.gif","https://www.gifdotreino.com/Exercicios/Eretor%20Lombar/Hiperextens%C3%A3o%20de%20Lombar%20no%20Banco%20Plano.gif","catalog-api","1943845","7779a7c65ff0b29fd11715ffbae4c956c8b30b1da5437daf0ce62121dcdd776b"
"GDT-0531","Hiperextensão Invertida de Sapo","hiperextensao-invertida-de-sapo","Eretor Lombar","gifs/eretor-lombar/hiperextensao-invertida-de-sapo.gif","https://www.gifdotreino.com/Exercicios/Eretor%20Lombar/Hiperextens%C3%A3o%20Invertida%20de%20Sapo.gif","catalog-api","2106219","d95352ccc6e7b51d292a779f5e41140bfb93e696a7d60c6704e53c761599375e"
"GDT-0536","Hiperextensão no Chão","hiperextensao-no-chao","Eretor Lombar","gifs/eretor-lombar/hiperextensao-no-chao.gif","https://www.gifdotreino.com/Exercicios/Eretor%20Lombar/Hiperextens%C3%A3o%20no%20Ch%C3%A3o.gif","catalog-api","2827345","03e6d51b3150486114b2520a040f0f5373400f1da74ac0531301b93131162887"
"GDT-0532","Hiperextensão Reversa com Faixa de Resistência","hiperextensao-reversa-com-faixa-de-resistencia","Funcional e HIT","gifs/funcional-e-hit/hiperextensao-reversa-com-faixa-de-resistencia.gif","https://www.gifdotreino.com/Exercicios/Funcional%20e%20HIT/Hiperextens%C3%A3o%20Reversa%20com%20Faixa%20de%20Resist%C3%AAncia.gif","catalog-api","2765276","d323698d14233764d5922c7d01c4bffce78c33ad135da2a27fb2de5ef175a276"
"GDT-0537","Impossible Dips","impossible-dips","Calistenia","gifs/calistenia/impossible-dips.gif","https://www.gifdotreino.com/Exercicios/Calistenia/Impossible%20Dips.gif","catalog-api","2492108","50efa691b4b464e23435d04f1831d32d6d6342eff7634e1261bc77b04cc27ebf"
"GDT-0539","Impulso com barra","impulso-com-barra","Crossfit","gifs/crossfit/impulso-com-barra.gif","https://www.gifdotreino.com/Exercicios/Crossfit/Impulso%20com%20barra.gif","catalog-api","3623696","8630325ef32cf85aa7250ffbe7dcf22db836222e962df104b83c3f70e616c9e4"
"GDT-0538","Inclinação Lateral","inclinacao-lateral","Mobilidade","gifs/mobilidade/inclinacao-lateral.gif","https://www.gifdotreino.com/Exercicios/Mobilidade/Inclina%C3%A7%C3%A3o%20Lateral.gif","catalog-api","2620355","c3441eb2e8b6abb216015dafff338abc5c93d19f7d7d0b76f0f3d6ba569fdd44"
"GDT-0541","Inclinação Lateral em Pé","inclinacao-lateral-em-pe","Mobilidade","gifs/mobilidade/inclinacao-lateral-em-pe.gif","https://www.gifdotreino.com/Exercicios/Mobilidade/Inclina%C3%A7%C3%A3o%20Lateral%20em%20P%C3%A9.gif","catalog-api","1899007","ab6a2325c255a3c62d49a6497639616168e493b3878a3b7a20303f6479b93388"
"GDT-0540","Inclinação Pélvica","inclinacao-pelvica","Funcional e HIT","gifs/funcional-e-hit/inclinacao-pelvica.gif","https://www.gifdotreino.com/Exercicios/Funcional%20e%20HIT/Inclina%C3%A7%C3%A3o%20P%C3%A9lvica.gif","catalog-api","2702950","f091bb852bb3acc0048f2ecab0fdda74f3c2372f71e42fbc37755458b775b9a2"
"GDT-0542","Joelho Alternado no Peito","joelho-alternado-no-peito","Mobilidade","gifs/mobilidade/joelho-alternado-no-peito.gif","https://www.gifdotreino.com/Exercicios/Mobilidade/Joelho%20Alternado%20no%20Peito.gif","catalog-api","1825807","1570747edfa551a2d93e0af65de932e873c915ca4449d9a3a31ba0e84c62fa75"
"GDT-0543","Joelhos altos contra a parede","joelhos-altos-contra-a-parede","Funcional e HIT","gifs/funcional-e-hit/joelhos-altos-contra-a-parede.gif","https://www.gifdotreino.com/Exercicios/Funcional%20e%20HIT/Joelhos%20altos%20contra%20a%20parede.gif","catalog-api","2032179","09dd9db3d955f1a783f669360b7e150d9fc94a9b1df80b9523420e76d53a58e3"
"GDT-0545","Kettlebell em Forma de Oito","kettlebell-em-forma-de-oito","Crossfit","gifs/crossfit/kettlebell-em-forma-de-oito.gif","https://www.gifdotreino.com/Exercicios/Crossfit/Kettlebell%20em%20Forma%20de%20Oito.gif","catalog-api","3480925","57d527138863ebde5588ee1e0a42d8aae605ed2778caed0ae3aab61962dd4dfe"
"GDT-0554","Kettlebell Hang Clean","kettlebell-hang-clean","Crossfit","gifs/crossfit/kettlebell-hang-clean.gif","https://www.gifdotreino.com/Exercicios/Crossfit/Kettlebell%20Hang%20Clean.gif","catalog-api","3254930","9daa563bac2b19419b935eadb32c917fcf1f7660ae01960513206907c35983a3"
"GDT-0546","Lançamento de bola medicinal","lancamento-de-bola-medicinal","Funcional e HIT","gifs/funcional-e-hit/lancamento-de-bola-medicinal.gif","https://www.gifdotreino.com/Exercicios/Funcional%20e%20HIT/Lan%C3%A7amento%20de%20bola%20medicinal.gif","catalog-api","2147940","ebf1568159b133b6c31c8ca32539a8613eeba5dd41edaaed9737fc022ca13f40"
"GDT-0544","Lançamento de Bola Medicinal deitado","lancamento-de-bola-medicinal-deitado","Funcional e HIT","gifs/funcional-e-hit/lancamento-de-bola-medicinal-deitado.gif","https://www.gifdotreino.com/Exercicios/Funcional%20e%20HIT/Lan%C3%A7amento%20de%20Bola%20Medicinal%20deitado.gif","catalog-api","577538","3713985c47feabb0aacb976a86e4a8e38a1beee422560ee9c12927128e7a14af"
"GDT-0547","Leg Press","leg-press","Pernas","gifs/pernas/leg-press.gif","https://www.gifdotreino.com/Exercicios/Pernas/Leg%20Press.gif","catalog-api","3654820","9bbf422b0801a6c790e6f97503f6d3f21428716e45cbab36335d4b716df23992"
"GDT-0551","Leg press 90 no smith","leg-press-90-no-smith","Pernas","gifs/pernas/leg-press-90-no-smith.gif","https://www.gifdotreino.com/Exercicios/Pernas/Leg%20press%2090%20no%20smith.gif","catalog-api","2758438","6a9599acb644e5de40da61f48e3f4d10035ed90127a08cc4aa85b3a6bf9cfca1"
"GDT-0548","Leg Press Alternado Deitado com Gymstick","leg-press-alternado-deitado-com-gymstick","Funcional e HIT","gifs/funcional-e-hit/leg-press-alternado-deitado-com-gymstick.gif","https://www.gifdotreino.com/Exercicios/Funcional%20e%20HIT/Leg%20Press%20Alternado%20Deitado%20com%20Gymstick.gif","catalog-api","2356309","20162d5031162702b4b9dac80e9296b8584b342ed6d1103e97a932582c764b85"
"GDT-0550","Leg Press Horizontal","leg-press-horizontal","Pernas","gifs/pernas/leg-press-horizontal.gif","https://www.gifdotreino.com/Exercicios/Pernas/Leg%20Press%20Horizontal.gif","catalog-api","3983669","ccd450b174779dc78dca6461566b08c4c5493cc3a7569eaa46802ebf2dbc87bc"
"GDT-0549","Leg Press unilateral","leg-press-unilateral","Pernas","gifs/pernas/leg-press-unilateral.gif","https://www.gifdotreino.com/Exercicios/Pernas/Leg%20Press%20unilateral.gif","catalog-api","3456562","0e8b7e509e8cb26528e26a87a8331f8815f18b82427ec339cbc6bdde9fad2ded"
"GDT-0565","Levantamento com Suporte","levantamento-com-suporte","Pernas","gifs/pernas/levantamento-com-suporte.gif","https://www.gifdotreino.com/Exercicios/Pernas/Levantamento%20com%20Suporte.gif","catalog-api","2628063","39c78618f80b122bcf797bfc0b46b951b51dc86b8cc241e5552324e494698277"
"GDT-0567","Levantamento de braço apoiado na parede","levantamento-de-braco-apoiado-na-parede","Mobilidade","gifs/mobilidade/levantamento-de-braco-apoiado-na-parede.gif","https://www.gifdotreino.com/Exercicios/Mobilidade/Levantamento%20de%20bra%C3%A7o%20apoiado%20na%20parede.gif","catalog-api","2105250","d81a551d49fa61d5bdf68fe5e90c193afe1b60771db4c2811157231392e2bc70"
"GDT-0566","Levantamento de halteres de 3 maneiras","levantamento-de-halteres-de-3-maneiras","Ombros","gifs/ombros/levantamento-de-halteres-de-3-maneiras.gif","https://www.gifdotreino.com/Exercicios/Ombros/Levantamento%20de%20halteres%20de%203%20maneiras.gif","catalog-api","1723391","453b5e982155092dab9805e1668b9e9c96b2aef6e12c3523a7cfe60a735a12ac"
"GDT-0569","Levantamento de halteres de 4 maneiras (2)","levantamento-de-halteres-de-4-maneiras-2","Ombros","gifs/ombros/levantamento-de-halteres-de-4-maneiras-2.gif","https://www.gifdotreino.com/Exercicios/Ombros/Levantamento%20de%20halteres%20de%204%20maneiras%20(2).gif","catalog-api","4841253","b98c5e9bafe6dde94159778af78c7b40aeaf1e295b155e5cff199c62241c2c8a"
"GDT-0570","Levantamento de panturrilha com alavanca","levantamento-de-panturrilha-com-alavanca","Panturrilhas","gifs/panturrilhas/levantamento-de-panturrilha-com-alavanca.gif","https://www.gifdotreino.com/Exercicios/Panturrilhas/Levantamento%20de%20panturrilha%20com%20alavanca.gif","catalog-api","4468360","fc6a50a9ba173568259d30f7c3142f0fe553ae642c78ae64de258cb747a18d16"
"GDT-0571","Levantamento de panturrilha com apoio de banco","levantamento-de-panturrilha-com-apoio-de-banco","Panturrilhas","gifs/panturrilhas/levantamento-de-panturrilha-com-apoio-de-banco.gif","https://www.gifdotreino.com/Exercicios/Panturrilhas/Levantamento%20de%20panturrilha%20com%20apoio%20de%20banco.gif","catalog-api","2953989","e36c748e264bd9f57e99eb4f41b4ef2e87a06783f8d9bb1c957b45e237555c93"
"GDT-0581","Levantamento de panturrilha com apoio de uma perna","levantamento-de-panturrilha-com-apoio-de-uma-perna","Panturrilhas","gifs/panturrilhas/levantamento-de-panturrilha-com-apoio-de-uma-perna.gif","https://www.gifdotreino.com/Exercicios/Panturrilhas/Levantamento%20de%20panturrilha%20com%20apoio%20de%20uma%20perna.gif","catalog-api","2929277","d50fb76eff64d1de9b2aac3ccd9d283d16819bd065286393e2a663be9e48013c"
"GDT-0572","Levantamento de panturrilha com apoio e sobrecarga","levantamento-de-panturrilha-com-apoio-e-sobrecarga","Calistenia","gifs/calistenia/levantamento-de-panturrilha-com-apoio-e-sobrecarga.gif","https://www.gifdotreino.com/Exercicios/Calistenia/Levantamento%20de%20panturrilha%20com%20apoio%20e%20sobrecarga.gif","catalog-api","3537684","7af763df1c1e9d644e8f6151d6fe45310eade96a893b840f8d02a1b2eecf4f80"
"GDT-0574","Levantamento frontal alternado com haltere sentado","levantamento-frontal-alternado-com-haltere-sentado","Ombros","gifs/ombros/levantamento-frontal-alternado-com-haltere-sentado.gif","https://www.gifdotreino.com/Exercicios/Ombros/Levantamento%20frontal%20alternado%20com%20haltere%20sentado.gif","catalog-api","3481613","55fa33524cf70158b56b1e00013665f272503de7b48ee3eef71fb81b84c4853b"
"GDT-0573","Levantamento frontal com anilha","levantamento-frontal-com-anilha","Ombros","gifs/ombros/levantamento-frontal-com-anilha.gif","https://www.gifdotreino.com/Exercicios/Ombros/Levantamento%20frontal%20com%20anilha.gif","catalog-api","2340211","03b4ad77815deb6657d06f7b4b1cfd8810c240403fb5c21a7c08e68351d57508"
"GDT-0575","Levantamento frontal com barra","levantamento-frontal-com-barra","Ombros","gifs/ombros/levantamento-frontal-com-barra.gif","https://www.gifdotreino.com/Exercicios/Ombros/Levantamento%20frontal%20com%20barra.gif","catalog-api","3674473","29fe42bbe3aec26227df0eb2e64b4f00e1b7895a3ecf82dd6b3133f4c5ea70da"
"GDT-0577","Levantamento frontal de cabo com dois braços","levantamento-frontal-de-cabo-com-dois-bracos","Ombros","gifs/ombros/levantamento-frontal-de-cabo-com-dois-bracos.gif","https://www.gifdotreino.com/Exercicios/Ombros/Levantamento%20frontal%20de%20cabo%20com%20dois%20bra%C3%A7os.gif","catalog-api","2634257","130024f7bf757886f097f5dc8324f0ac42b213030da1eae4f400dff6c2ea7f39"
"GDT-0576","Levantamento frontal unilateral com cabo","levantamento-frontal-unilateral-com-cabo","Ombros","gifs/ombros/levantamento-frontal-unilateral-com-cabo.gif","https://www.gifdotreino.com/Exercicios/Ombros/Levantamento%20frontal%20unilateral%20com%20cabo.gif","catalog-api","2003667","26ef093d6703841ce17338a932d47bf8c5dc456b0d432768d7dfcf84fe1a6f94"
"GDT-0578","Levantamento lateral com kettlebell","levantamento-lateral-com-kettlebell","Crossfit","gifs/crossfit/levantamento-lateral-com-kettlebell.gif","https://www.gifdotreino.com/Exercicios/Crossfit/Levantamento%20lateral%20com%20kettlebell.gif","catalog-api","2602732","a9c9d47089179b21ceb5c95fc2ad4dd025cf1cc40c3017899c4457379c27ef40"
"GDT-0552","Levantamento Lateral de Perna em Quatro Apoios","levantamento-lateral-de-perna-em-quatro-apoios","Funcional e HIT","gifs/funcional-e-hit/levantamento-lateral-de-perna-em-quatro-apoios.gif","https://www.gifdotreino.com/Exercicios/Funcional%20e%20HIT/Levantamento%20Lateral%20de%20Perna%20em%20Quatro%20Apoios.gif","catalog-api","2412417","e5d41dae55dd5ca517472921fb792caf11a1467dc6d161cba40a91fd6f2517a8"
"GDT-0553","Levantamento Terra","levantamento-terra","Costas","gifs/costas/levantamento-terra.gif","https://www.gifdotreino.com/Exercicios/Costas/Levantamento%20Terra.gif","catalog-api","2947873","5a8b37cee44561a0310af0ab5372380941f04aa4217cf13f3677477ceda99e03"
"GDT-0559","Levantamento Terra com Alavanca","levantamento-terra-com-alavanca","Pernas","gifs/pernas/levantamento-terra-com-alavanca.gif","https://www.gifdotreino.com/Exercicios/Pernas/Levantamento%20Terra%20com%20Alavanca.gif","catalog-api","3783989","fca82a15e27fdeb18b91cbbb3e1c723cf7a922a14db225d51c96f2264b9f1af4"
"GDT-0562","Levantamento Terra com Barra Hexagonal","levantamento-terra-com-barra-hexagonal","Pernas","gifs/pernas/levantamento-terra-com-barra-hexagonal.gif","https://www.gifdotreino.com/Exercicios/Pernas/Levantamento%20Terra%20com%20Barra%20Hexagonal.gif","catalog-api","3210378","c58e0e18978f2d69a4775037383736d5bb49a1badc8d9dcdb896e9d6cc47cae6"
"GDT-0561","Levantamento Terra com Barra no Landmine","levantamento-terra-com-barra-no-landmine","Pernas","gifs/pernas/levantamento-terra-com-barra-no-landmine.gif","https://www.gifdotreino.com/Exercicios/Pernas/Levantamento%20Terra%20com%20Barra%20no%20Landmine.gif","catalog-api","1839039","796f9dbcdc34639b5f482b3086ddeb920d6b85c8cb4f706a6b612d97e4b0b59a"
"GDT-0564","Levantamento Terra com Halteres","levantamento-terra-com-halteres","Pernas","gifs/pernas/levantamento-terra-com-halteres.gif","https://www.gifdotreino.com/Exercicios/Pernas/Levantamento%20Terra%20com%20Halteres.gif","catalog-api","2275489","134c42373a310d967cfc56d00b3f472b07e4c34107385b2b68d2bcff5999d7ed"
"GDT-0563","Levantamento Terra com Kettlebell","levantamento-terra-com-kettlebell","Pernas","gifs/pernas/levantamento-terra-com-kettlebell.gif","https://www.gifdotreino.com/Exercicios/Pernas/Levantamento%20Terra%20com%20Kettlebell.gif","catalog-api","2242362","5d53b137e765790533e24f9d6b3c91bef6cdd00ae24cd3748b7adac1ed15b8eb"
"GDT-0556","Levantamento Terra Romeno","levantamento-terra-romeno","Costas","gifs/costas/levantamento-terra-romeno.gif","https://www.gifdotreino.com/Exercicios/Costas/Levantamento%20Terra%20Romeno.gif","catalog-api","2798407","30f1a319e6cb66e9a17fe16e483258e5e7fce7cd582140e3750b1be01d11078a"
"GDT-0579","Levantamento terra romeno com halteres","levantamento-terra-romeno-com-halteres","Pernas","gifs/pernas/levantamento-terra-romeno-com-halteres.gif","https://www.gifdotreino.com/Exercicios/Pernas/Levantamento%20terra%20romeno%20com%20halteres.gif","catalog-api","2305670","a63c9703f15baa6139d313def219965c8100263a3a833716505518809f217a36"
"GDT-0555","Levantamento Terra Sumô","levantamento-terra-sumo","Pernas","gifs/pernas/levantamento-terra-sumo.gif","https://www.gifdotreino.com/Exercicios/Pernas/Levantamento%20Terra%20Sum%C3%B4.gif","catalog-api","3034456","eb52d2cbc4bc1b32c18ec2ca023814323e18c1e72935574b6d5f44d2088ecd60"
"GDT-0558","Levantamento Terra Sumô com Halteres","levantamento-terra-sumo-com-halteres","Pernas","gifs/pernas/levantamento-terra-sumo-com-halteres.gif","https://www.gifdotreino.com/Exercicios/Pernas/Levantamento%20Terra%20Sum%C3%B4%20com%20Halteres.gif","catalog-api","2252601","743006923bf8c14e06140e23079b238a8d2608d6550f23b3d3579c931173490f"
"GDT-0557","Levantamento Terra Unilateral","levantamento-terra-unilateral","Calistenia","gifs/calistenia/levantamento-terra-unilateral.gif","https://www.gifdotreino.com/Exercicios/Calistenia/Levantamento%20Terra%20Unilateral.gif","catalog-api","2522625","a303bb6a82b36b96faf3f388952018f62ed6d5225e87b81d0584a3ddd5b36d6f"
"GDT-0560","Levantamento Terra Zercher","levantamento-terra-zercher","Pernas","gifs/pernas/levantamento-terra-zercher.gif","https://www.gifdotreino.com/Exercicios/Pernas/Levantamento%20Terra%20Zercher.gif","catalog-api","3020566","f3ef496d30f7570146cc608874b0b4ddd757ba4ed15cdf3019ee6ec6496ebbee"
"GDT-0568","Levantamento Turco","levantamento-turco","Crossfit","gifs/crossfit/levantamento-turco.gif","https://www.gifdotreino.com/Exercicios/Crossfit/Levantamento%20Turco.gif","catalog-api","4582529","44c314367517b8aaad706d9b6b1ff653790b372b51761ec0078b019954e9c4ca"
"GDT-0600","Máquina de Abdução de Quadril","maquina-de-abducao-de-quadril","Glúteos","gifs/gluteos/maquina-de-abducao-de-quadril.gif","https://www.gifdotreino.com/Exercicios/Gl%C3%BAteos/M%C3%A1quina%20de%20Abdu%C3%A7%C3%A3o%20de%20Quadril.gif","catalog-api","4817831","e4c434a74d0642f85e5f1eee3a979ea91790abb8a8d77a0bde833c0b985e0b55"
"GDT-0598","Máquina de Adução de Quadril","maquina-de-aducao-de-quadril","Pernas","gifs/pernas/maquina-de-aducao-de-quadril.gif","https://www.gifdotreino.com/Exercicios/Pernas/M%C3%A1quina%20de%20Adu%C3%A7%C3%A3o%20de%20Quadril.gif","catalog-api","3410272","0669fabb60c20a6aed44c21f6d0dd275f6007b907c0ebcd7f6f8d317dcc97e8e"
"GDT-0601","Máquina de Caminhada Ondulatório","maquina-de-caminhada-ondulatorio","Cardio","gifs/cardio/maquina-de-caminhada-ondulatorio.gif","https://www.gifdotreino.com/Exercicios/Cardio/M%C3%A1quina%20de%20Caminhada%20Ondulat%C3%B3rio.gif","catalog-api","3105264","ca5ed93d43e2a916ca7f31405087f78feaacc79a53538d848f62a19b7c11af3b"
"GDT-0603","Máquina de elevação lateral","maquina-de-elevacao-lateral","Ombros","gifs/ombros/maquina-de-elevacao-lateral.gif","https://www.gifdotreino.com/Exercicios/Ombros/M%C3%A1quina%20de%20eleva%C3%A7%C3%A3o%20lateral.gif","catalog-api","4280957","5959e507ac8cd94db530f0e051b8a069fc83962af44165f27e866b2aec5aea4c"
"GDT-0602","Máquina de Flexão de Perna Unilateral","maquina-de-flexao-de-perna-unilateral","Pernas","gifs/pernas/maquina-de-flexao-de-perna-unilateral.gif","https://www.gifdotreino.com/Exercicios/Pernas/M%C3%A1quina%20de%20Flex%C3%A3o%20de%20Perna%20Unilateral.gif","catalog-api","2850402","c1c134826cf9650b778e9415e5b7658b9622198010ed64b52dddf7d18fc072e5"
"GDT-0606","Máquina de flexão de tríceps","maquina-de-flexao-de-triceps","Tríceps","gifs/triceps/maquina-de-flexao-de-triceps.gif","https://www.gifdotreino.com/Exercicios/Tr%C3%ADceps/M%C3%A1quina%20de%20flex%C3%A3o%20de%20tr%C3%ADceps.gif","catalog-api","4294468","62cb5a49f76bc13884a37cf7cbcd616a42d1db702fa48216641a55e510eb03e5"
"GDT-0604","Máquina de remo","maquina-de-remo","Costas","gifs/costas/maquina-de-remo.gif","https://www.gifdotreino.com/Exercicios/Costas/M%C3%A1quina%20de%20remo.gif","catalog-api","2764556","969e799810f601d3bb8640643c2c504b3721b13e1a4c32bb20d3f2e637bce9a9"
"GDT-0605","Máquina de rosca direta","maquina-de-rosca-direta","Bíceps","gifs/biceps/maquina-de-rosca-direta.gif","https://www.gifdotreino.com/Exercicios/B%C3%ADceps/M%C3%A1quina%20de%20rosca%20direta.gif","catalog-api","4174872","c356e5b9e900266b7d9985022ee38f13a1e51eb49054c6a28c6722df7ae3338b"
"GDT-0607","Máquina de voador de peito inclinado","maquina-de-voador-de-peito-inclinado","Peitoral","gifs/peitoral/maquina-de-voador-de-peito-inclinado.gif","https://www.gifdotreino.com/Exercicios/Peitoral/M%C3%A1quina%20de%20voador%20de%20peito%20inclinado.gif","catalog-api","3814430","f6a92dfbe6875b994e6a19534a586b7d7364463a36a8f3f94397da181bb61d56"
"GDT-0597","Máquina Elíptica","maquina-eliptica","Cardio","gifs/cardio/maquina-eliptica.gif","https://www.gifdotreino.com/Exercicios/Cardio/M%C3%A1quina%20El%C3%ADptica.gif","catalog-api","3989082","d7ca7a1e136484f6f59c10fd1a51dce4eeed8ca723b6ec42a8be5b317af1c470"
"GDT-0599","Máquina Simulador Escada","maquina-simulador-escada","Cardio","gifs/cardio/maquina-simulador-escada.gif","https://www.gifdotreino.com/Exercicios/Cardio/M%C3%A1quina%20Simulador%20Escada.gif","catalog-api","2932350","19c1fe4470c906aadb014649417331f3926eb88e6463b2c60072589d79f3d93e"
"GDT-0580","Medicine Ball Rotational Throw","medicine-ball-rotational-throw","Funcional e HIT","gifs/funcional-e-hit/medicine-ball-rotational-throw.gif","https://www.gifdotreino.com/Exercicios/Funcional%20e%20HIT/Medicine%20Ball%20Rotational%20Throw.gif","catalog-api","2397199","617cb4cb2139d7db8a4ba5de12a2f1f3d3f3137678d747bead589e25b56af8a5"
"GDT-0582","Meio Agachado com Puxada para o Rosto no Cabo","meio-agachado-com-puxada-para-o-rosto-no-cabo","Trapézio","gifs/trapezio/meio-agachado-com-puxada-para-o-rosto-no-cabo.gif","https://www.gifdotreino.com/Exercicios/Trap%C3%A9zio/Meio%20Agachado%20com%20Puxada%20para%20o%20Rosto%20no%20Cabo.gif","catalog-api","2894832","71eca8678d7fa4ef18bd3fa15b174082d915697d95fde9f0c17e23a6bcad777a"
"GDT-0583","Mergulho Coreano","mergulho-coreano","Calistenia","gifs/calistenia/mergulho-coreano.gif","https://www.gifdotreino.com/Exercicios/Calistenia/Mergulho%20Coreano.gif","catalog-api","2592432","02a7ea51452c3a58952530ad4803c0feb66cda048cb7d436e1ee630a13855aba"
"GDT-0585","Mergulho de peito assistido","mergulho-de-peito-assistido","Peitoral","gifs/peitoral/mergulho-de-peito-assistido.gif","https://www.gifdotreino.com/Exercicios/Peitoral/Mergulho%20de%20peito%20assistido.gif","catalog-api","2514660","0bfdd14d98f30f2d9ceb8a26eb06df960142ccf68ffc00ce1cde95bfb974da99"
"GDT-0586","Mergulho de tríceps","mergulho-de-triceps","Calistenia","gifs/calistenia/mergulho-de-triceps.gif","https://www.gifdotreino.com/Exercicios/Calistenia/Mergulho%20de%20tr%C3%ADceps.gif","catalog-api","2732616","37916f4ee3d1a5e37612b9b1fec06e4bd2eca159884f9cf5549cd24f73b764b4"
"GDT-0584","Mergulho de tríceps com alavanca","mergulho-de-triceps-com-alavanca","Tríceps","gifs/triceps/mergulho-de-triceps-com-alavanca.gif","https://www.gifdotreino.com/Exercicios/Tr%C3%ADceps/Mergulho%20de%20tr%C3%ADceps%20com%20alavanca.gif","catalog-api","3881598","d8106e250613bd136fb4f0b52614360fe62066454771d45203ffc2689b0d85a7"
"GDT-0587","Mergulho reverso","mergulho-reverso","Funcional e HIT","gifs/funcional-e-hit/mergulho-reverso.gif","https://www.gifdotreino.com/Exercicios/Funcional%20e%20HIT/Mergulho%20reverso.gif","catalog-api","2620769","62203e4927619c03a416693859380da2a43cae1f690a16b17aba918c1ca7831c"
"GDT-0590","Mergulhos Assistidos para Tríceps","mergulhos-assistidos-para-triceps","Tríceps","gifs/triceps/mergulhos-assistidos-para-triceps.gif","https://www.gifdotreino.com/Exercicios/Tr%C3%ADceps/Mergulhos%20Assistidos%20para%20Tr%C3%ADceps.gif","catalog-api","3700835","6591d161c93bcfdfbf645df45bb459143259d60843bd6218e55ea0589b9537c8"
"GDT-0589","Mergulhos para tríceps no chão","mergulhos-para-triceps-no-chao","Calistenia","gifs/calistenia/mergulhos-para-triceps-no-chao.gif","https://www.gifdotreino.com/Exercicios/Calistenia/Mergulhos%20para%20tr%C3%ADceps%20no%20ch%C3%A3o.gif","catalog-api","3900321","a19cfca030a5cd909586f4fabf6ec034adc282f752c10228fd48b60c2ab801e4"
"GDT-0591","Mesa flexora","mesa-flexora","Pernas","gifs/pernas/mesa-flexora.gif","https://www.gifdotreino.com/Exercicios/Pernas/Mesa%20flexora.gif","catalog-api","4180646","404b620d36da8a562ab08578e9858fb01bd163110d0cc0c366a06959dc6d70c0"
"GDT-0588","Mesa Flexora Unilateral","mesa-flexora-unilateral","Pernas","gifs/pernas/mesa-flexora-unilateral.gif","https://www.gifdotreino.com/Exercicios/Pernas/Mesa%20Flexora%20Unilateral.gif","catalog-api","3270866","9aee967b04b3ecbaa7b9618e5170a0b177a3e6758ee20591afcc9e77b0e06695"
"GDT-0594","Minhoca","minhoca","Funcional e HIT","gifs/funcional-e-hit/minhoca.gif","https://www.gifdotreino.com/Exercicios/Funcional%20e%20HIT/Minhoca.gif","catalog-api","4402934","ad2db7969fad6aa61848e1e6bc2dff9bb05fa52719dea032159b5ca6a38b57b2"
"GDT-0592","Moinho com Kettlebell","moinho-com-kettlebell","Crossfit","gifs/crossfit/moinho-com-kettlebell.gif","https://www.gifdotreino.com/Exercicios/Crossfit/Moinho%20com%20Kettlebell.gif","catalog-api","2781019","e71eec037207e5911fc8bd85d25e2a2725ec35fca4438478a4027827e8644785"
"GDT-0593","Moinho de vento com haltere","moinho-de-vento-com-haltere","Crossfit","gifs/crossfit/moinho-de-vento-com-haltere.gif","https://www.gifdotreino.com/Exercicios/Crossfit/Moinho%20de%20vento%20com%20haltere.gif","catalog-api","1779783","8e0f63d7990d349a78897b6054d91389feaa5faf70515f327f2a3a974fe98006"
"GDT-0595","Muscle Snatch","muscle-snatch","Crossfit","gifs/crossfit/muscle-snatch.gif","https://www.gifdotreino.com/Exercicios/Crossfit/Muscle%20Snatch.gif","catalog-api","2161111","e6fabd5ccafec604d3153ff36e15c4076c20360a3fd77bee1fbb1730bde1e72a"
"GDT-0596","Muscle up","muscle-up","Calistenia","gifs/calistenia/muscle-up.gif","https://www.gifdotreino.com/Exercicios/Calistenia/Muscle%20up.gif","catalog-api","2166442","c20f3e582d1606d278c25466feb9e9d568295ec015e37c1ca0dd91507b8d8a56"
"GDT-0608","Nave Seal Burpee","nave-seal-burpee","Funcional e HIT","gifs/funcional-e-hit/nave-seal-burpee.gif","https://www.gifdotreino.com/Exercicios/Funcional%20e%20HIT/Nave%20Seal%20Burpee.gif","catalog-api","7058541","506fad868b9713f2001f6cd71c70695760d3fe4b13b7b834a5d7102740acff4c"
"GDT-0609","Panturrilha em Pé no Smith","panturrilha-em-pe-no-smith","Panturrilhas","gifs/panturrilhas/panturrilha-em-pe-no-smith.gif","https://www.gifdotreino.com/Exercicios/Panturrilhas/Panturrilha%20em%20P%C3%A9%20no%20Smith.gif","catalog-api","3169132","46e82b755525aae952979c358619ecccbf8ec2f5abfcbf9f7be375eb169f457d"
"GDT-0610","Panturrilhas em Pé","panturrilhas-em-pe","Panturrilhas","gifs/panturrilhas/panturrilhas-em-pe.gif","https://www.gifdotreino.com/Exercicios/Panturrilhas/Panturrilhas%20em%20P%C3%A9.gif","catalog-api","3684728","a087407a6db58c77cfbb61a29f837495061c670fe3b1423667669aa97507d49a"
"GDT-0611","Paralela","paralela","Calistenia","gifs/calistenia/paralela.gif","https://www.gifdotreino.com/Exercicios/Calistenia/Paralela.gif","catalog-api","2427254","f1a212b4872d92354e7b936993b91b288cf3722802f8b21553ffcf3d93ec45c5"
"GDT-0613","Paralelas","paralelas","Peitoral","gifs/peitoral/paralelas.gif","https://www.gifdotreino.com/Exercicios/Peitoral/Paralelas.gif","catalog-api","2695792","78723b0ff4c0aacc4baba8227a76a4dcdda39116391df5dccd90b76d85cd90e6"
"GDT-0614","Paralelas entre Cadeiras","paralelas-entre-cadeiras","Calistenia","gifs/calistenia/paralelas-entre-cadeiras.gif","https://www.gifdotreino.com/Exercicios/Calistenia/Paralelas%20entre%20Cadeiras.gif","catalog-api","2770849","85a6d3adf2ae7c460e186cd2fa43811ab84cef9c48d829363ea193c565f4c28c"
"GDT-0612","Paralelas na Argola","paralelas-na-argola","Calistenia","gifs/calistenia/paralelas-na-argola.gif","https://www.gifdotreino.com/Exercicios/Calistenia/Paralelas%20na%20Argola.gif","catalog-api","2292440","d7c88f46a0592575c44d2d1e678a616ed99b8760661147e5e12b84841b66f7c8"
"GDT-0615","Paralelas na Barra","paralelas-na-barra","Calistenia","gifs/calistenia/paralelas-na-barra.gif","https://www.gifdotreino.com/Exercicios/Calistenia/Paralelas%20na%20Barra.gif","catalog-api","2010251","452e80bbda3c0308f8f2f4ff7dc961cf63faddd7d518286d438598a473256911"
"GDT-0617","Passagem de Bola Medicinal de Peito em Pé","passagem-de-bola-medicinal-de-peito-em-pe","Funcional e HIT","gifs/funcional-e-hit/passagem-de-bola-medicinal-de-peito-em-pe.gif","https://www.gifdotreino.com/Exercicios/Funcional%20e%20HIT/Passagem%20de%20Bola%20Medicinal%20de%20Peito%20em%20P%C3%A9.gif","catalog-api","3710936","9cba2ff1ea152654ac6921b15f45431be902e42aad196bcc67620a68272c65fd"
"GDT-0619","Passo de Esqui","passo-de-esqui","Funcional e HIT","gifs/funcional-e-hit/passo-de-esqui.gif","https://www.gifdotreino.com/Exercicios/Funcional%20e%20HIT/Passo%20de%20Esqui.gif","catalog-api","2079273","c8898292aace679953f635d8c2bedf7aabd7537896675566391f3ff25338a42a"
"GDT-0618","Passo Invertido com Elevação do Joelho","passo-invertido-com-elevacao-do-joelho","Funcional e HIT","gifs/funcional-e-hit/passo-invertido-com-elevacao-do-joelho.gif","https://www.gifdotreino.com/Exercicios/Funcional%20e%20HIT/Passo%20Invertido%20com%20Eleva%C3%A7%C3%A3o%20do%20Joelho.gif","catalog-api","2880447","e564fed566cf957a976ad9bb00cecc71a7f06b23a769143f5cd6aead904a133a"
"GDT-0616","Passo Lateral em Alta Velocidade","passo-lateral-em-alta-velocidade","Funcional e HIT","gifs/funcional-e-hit/passo-lateral-em-alta-velocidade.gif","https://www.gifdotreino.com/Exercicios/Funcional%20e%20HIT/Passo%20Lateral%20em%20Alta%20Velocidade.gif","catalog-api","2825869","e1e4307e26326e56dcf7574c67cd386015659c7bef39de23d926a33ef8f85145"
"GDT-0620","Patinador","patinador","Funcional e HIT","gifs/funcional-e-hit/patinador.gif","https://www.gifdotreino.com/Exercicios/Funcional%20e%20HIT/Patinador.gif","catalog-api","2865384","c35359872f51df7cd73eb008a944777f1dec1f28eacb552dc915b8b33008b2e0"
"GDT-0686","Pêndulo de ombro","pendulo-de-ombro","Mobilidade","gifs/mobilidade/pendulo-de-ombro.gif","https://www.gifdotreino.com/Exercicios/Mobilidade/P%C3%AAndulo%20de%20ombro.gif","catalog-api","2658160","8c5936f9f3580ae7ccc17ac7ba72947de4c0bc453f2c27edf82a86b32a9c8625"
"GDT-0622","Peso muerto piernas rígidas con barra","peso-muerto-piernas-rigidas-con-barra","Pernas","gifs/pernas/peso-muerto-piernas-rigidas-con-barra.gif","https://www.gifdotreino.com/Exercicios/Pernas/Peso%20muerto%20piernas%20r%C3%ADgidas%20con%20barra.gif","catalog-api","3085329","26d25c8752a2ad53085cb6079b663873e7f2533aab1414b970a692efdf9b2fd0"
"GDT-0621","Planche","planche","Calistenia","gifs/calistenia/planche.gif","https://www.gifdotreino.com/Exercicios/Calistenia/Planche.gif","catalog-api","65239","c612434f5590b0dc2b73b4b76f86196484ba29db8a09f944e8890ea6a115ee93"
"GDT-0625","Planche com Flexão de Braço","planche-com-flexao-de-braco","Calistenia","gifs/calistenia/planche-com-flexao-de-braco.gif","https://www.gifdotreino.com/Exercicios/Calistenia/Planche%20com%20Flex%C3%A3o%20de%20Bra%C3%A7o.gif","catalog-api","1670989","322095a2aa82549f923c93e433949586f5b9f645f83549eb469ef745c235c3db"
"GDT-0623","Plataforma Vibratória","plataforma-vibratoria","Cardio","gifs/cardio/plataforma-vibratoria.gif","https://www.gifdotreino.com/Exercicios/Cardio/Plataforma%20Vibrat%C3%B3ria.gif","catalog-api","2651823","2f35ac3d3b43cc9e943051f19fe3b90230114c27bb295e15b44db96913e7e410"
"GDT-0626","Polichinelo Frontal","polichinelo-frontal","Funcional e HIT","gifs/funcional-e-hit/polichinelo-frontal.gif","https://www.gifdotreino.com/Exercicios/Funcional%20e%20HIT/Polichinelo%20Frontal.gif","catalog-api","2503648","34de9d3bfa8b43956719063a299ae97c008f2eccec27d0ea970cfb6b3431a6f1"
"GDT-0624","Polichinelos","polichinelos","Funcional e HIT","gifs/funcional-e-hit/polichinelos.gif","https://www.gifdotreino.com/Exercicios/Funcional%20e%20HIT/Polichinelos.gif","catalog-api","2391826","75f9a0d670ac8b0f78809ae98b3b6db5405bac7d9fa8270fe795071dda5b600b"
"GDT-0630","Ponte com Faixa Elástica","ponte-com-faixa-elastica","Funcional e HIT","gifs/funcional-e-hit/ponte-com-faixa-elastica.gif","https://www.gifdotreino.com/Exercicios/Funcional%20e%20HIT/Ponte%20com%20Faixa%20El%C3%A1stica.gif","catalog-api","2635591","36fe8f910abdc2ad2cd8878e025e33e31319f72597ee8a4ff75bcf75690d6364"
"GDT-0628","Ponte com Halteres","ponte-com-halteres","Glúteos","gifs/gluteos/ponte-com-halteres.gif","https://www.gifdotreino.com/Exercicios/Gl%C3%BAteos/Ponte%20com%20Halteres.gif","catalog-api","2635993","ef121bad1ed2ba33f357a467f9346df0dd833522d6da423561e731671dd6cb0a"
"GDT-0631","Ponte de Glúteos","ponte-de-gluteos","Funcional e HIT","gifs/funcional-e-hit/ponte-de-gluteos.gif","https://www.gifdotreino.com/Exercicios/Funcional%20e%20HIT/Ponte%20de%20Gl%C3%BAteos.gif","catalog-api","2643794","58ab7526002b267396518ac89c6974edd05fb47b34bdc23d1a290c3f3e131ccf"
"GDT-0633","Ponte de Glúteos com Barra","ponte-de-gluteos-com-barra","Pernas","gifs/pernas/ponte-de-gluteos-com-barra.gif","https://www.gifdotreino.com/Exercicios/Pernas/Ponte%20de%20Gl%C3%BAteos%20com%20Barra.gif","catalog-api","2942951","ac496450e3cda0372ff27d286b48efc22a815d9b0b1053a15a60198ba15a1eda"
"GDT-0635","Ponte em Unilateral","ponte-em-unilateral","Calistenia","gifs/calistenia/ponte-em-unilateral.gif","https://www.gifdotreino.com/Exercicios/Calistenia/Ponte%20em%20Unilateral.gif","catalog-api","3016712","673fd76867c43e64dd0dc7f2da97944248fc047f317e37a5dc1cec6f6b57007f"
"GDT-0627","Ponte Unilateral Com Uma Perna Levantada","ponte-unilateral-com-uma-perna-levantada","Funcional e HIT","gifs/funcional-e-hit/ponte-unilateral-com-uma-perna-levantada.gif","https://www.gifdotreino.com/Exercicios/Funcional%20e%20HIT/Ponte%20Unilateral%20Com%20Uma%20Perna%20Levantada.gif","catalog-api","2386099","f75c51e0f696ba8e0f7ec6cada796ed7cd710f24d8219f2ea805fa467b825b3a"
"GDT-0629","Ponte Unilateral no Banco","ponte-unilateral-no-banco","Funcional e HIT","gifs/funcional-e-hit/ponte-unilateral-no-banco.gif","https://www.gifdotreino.com/Exercicios/Funcional%20e%20HIT/Ponte%20Unilateral%20no%20Banco.gif","catalog-api","2982810","8ba30cfbb3e4960cb8c819f5a9f0e5442b842812ec5134d8d32dbdedbc9c0209"
"GDT-0632","Postura da Cobra - Alongamento Abdominal","postura-da-cobra-alongamento-abdominal","Mobilidade","gifs/mobilidade/postura-da-cobra-alongamento-abdominal.gif","https://www.gifdotreino.com/Exercicios/Mobilidade/Postura%20da%20Cobra%20-%20Alongamento%20Abdominal.gif","catalog-api","346028","389120a0e241d67e1ab30b3b160b8ec5f82d8050a5c5e08659cda4f7b67e05f9"
"GDT-0634","Postura da Virilha Sentada","postura-da-virilha-sentada","Mobilidade","gifs/mobilidade/postura-da-virilha-sentada.gif","https://www.gifdotreino.com/Exercicios/Mobilidade/Postura%20da%20Virilha%20Sentada.gif","catalog-api","2458665","f99756ae21fcb6a155a526aff7287e734b3ece8335fc7b5da370431fd1efc2c0"
"GDT-0636","Postura de meio sapo","postura-de-meio-sapo","Mobilidade","gifs/mobilidade/postura-de-meio-sapo.gif","https://www.gifdotreino.com/Exercicios/Mobilidade/Postura%20de%20meio%20sapo.gif","catalog-api","1815153","f5e84c0081908b17811b299dca5d016ad4dfbb5f8d4d8db743839a2ec24757eb"
"GDT-0637","Postura de peixe","postura-de-peixe","Mobilidade","gifs/mobilidade/postura-de-peixe.gif","https://www.gifdotreino.com/Exercicios/Mobilidade/Postura%20de%20peixe.gif","catalog-api","1601425","1c19f676bf1c83de610b0d2a37cd9662b24481aba1dc629eb85a3ec19caa3cc6"
"GDT-0640","Postura do Arco","postura-do-arco","Mobilidade","gifs/mobilidade/postura-do-arco.gif","https://www.gifdotreino.com/Exercicios/Mobilidade/Postura%20do%20Arco.gif","catalog-api","3488733","d03c9c8e63d5b6ddd0a2d84a1ae730d89f96d5b89032e22d5c0396cac3b7416a"
"GDT-0638","Postura do Arco Oscilante","postura-do-arco-oscilante","Mobilidade","gifs/mobilidade/postura-do-arco-oscilante.gif","https://www.gifdotreino.com/Exercicios/Mobilidade/Postura%20do%20Arco%20Oscilante.gif","catalog-api","2600193","74542d2f82a0d7700560a973438629103cc8396882158146148e86257af4ca85"
"GDT-0639","Postura do Bebê Feliz","postura-do-bebe-feliz","Mobilidade","gifs/mobilidade/postura-do-bebe-feliz.gif","https://www.gifdotreino.com/Exercicios/Mobilidade/Postura%20do%20Beb%C3%AA%20Feliz.gif","catalog-api","3092426","8029060e35b7efed93fd40b484b68faea9d296f7de9c8cf2ffc9cbcf38f98495"
"GDT-0641","Postura do sapo","postura-do-sapo","Mobilidade","gifs/mobilidade/postura-do-sapo.gif","https://www.gifdotreino.com/Exercicios/Mobilidade/Postura%20do%20sapo.gif","catalog-api","3825831","e8cec0dfd689d53d8a2f5d542c327e5494f91f0ba2e482e1ca015406b43c1c7c"
"GDT-0642","Power Clean","power-clean","Crossfit","gifs/crossfit/power-clean.gif","https://www.gifdotreino.com/Exercicios/Crossfit/Power%20Clean.gif","catalog-api","3203230","aba4cba57c5a0cfdab2b462cac07eb10b7674e38b398692d234a5cb17fae678d"
"GDT-0644","Pressão Unilateral Assistida por Alavanca","pressao-unilateral-assistida-por-alavanca","Pernas","gifs/pernas/pressao-unilateral-assistida-por-alavanca.gif","https://www.gifdotreino.com/Exercicios/Pernas/Press%C3%A3o%20Unilateral%20Assistida%20por%20Alavanca.gif","catalog-api","4409995","de08753aebf88f98ed105f22e92e1b70160948e36c2744887ae76bd4d80b0fdf"
"GDT-0643","Protração e retração da escápula","protracao-e-retracao-da-escapula","Mobilidade","gifs/mobilidade/protracao-e-retracao-da-escapula.gif","https://www.gifdotreino.com/Exercicios/Mobilidade/Protra%C3%A7%C3%A3o%20e%20retra%C3%A7%C3%A3o%20da%20esc%C3%A1pula.gif","catalog-api","1885141","6b7c5853ed9c008be55a9a5e2473a66e7c753b2cb153b59538da1b5f1d0a3ef4"
"GDT-0645","Pular Corda","pular-corda","Crossfit","gifs/crossfit/pular-corda.gif","https://www.gifdotreino.com/Exercicios/Crossfit/Pular%20Corda.gif","catalog-api","1784283","938e241230b22295e63e5ba0f995bda211a6c10512e077260e77fb33f285e024"
"GDT-0646","Pull Up","pull-up","Costas","gifs/costas/pull-up.gif","https://www.gifdotreino.com/Exercicios/Costas/Pull%20Up.gif","catalog-api","1030660","821df0a5590afc5d92b207dfe89ea138e4ac936db5479b5d42b60b654580c055"
"GDT-0648","Pulldown com corda","pulldown-com-corda","Costas","gifs/costas/pulldown-com-corda.gif","https://www.gifdotreino.com/Exercicios/Costas/Pulldown%20com%20corda.gif","catalog-api","3406030","5bc6f47c3835003bae59da136d2f44813b0cbc0c597ff06f33e62b8d020f293a"
"GDT-0649","Pulldown inclinado com corda","pulldown-inclinado-com-corda","Costas","gifs/costas/pulldown-inclinado-com-corda.gif","https://www.gifdotreino.com/Exercicios/Costas/Pulldown%20inclinado%20com%20corda.gif","catalog-api","3331396","bcddc37cb8feb285b2edff3e998c073f26bda8b165b7a033745a6645bb9e566c"
"GDT-0647","Pulldown Unilateral no Cabo","pulldown-unilateral-no-cabo","Costas","gifs/costas/pulldown-unilateral-no-cabo.gif","https://www.gifdotreino.com/Exercicios/Costas/Pulldown%20Unilateral%20no%20Cabo.gif","catalog-api","3052360","31c72f91e2eeb2b64db4a224c9a927c4857ab95defe0fe9a0ffa5f01009cd642"
"GDT-0650","Pullover com Barra","pullover-com-barra","Costas","gifs/costas/pullover-com-barra.gif","https://www.gifdotreino.com/Exercicios/Costas/Pullover%20com%20Barra.gif","catalog-api","2611350","3112d9401f157d453aba0464436469c4240a19d7b02054d0d8e6d39fdd050505"
"GDT-0655","Pullover com barra no banco declinado","pullover-com-barra-no-banco-declinado","Costas","gifs/costas/pullover-com-barra-no-banco-declinado.gif","https://www.gifdotreino.com/Exercicios/Costas/Pullover%20com%20barra%20no%20banco%20declinado.gif","catalog-api","2597468","c761520aff0d20a56720e2e9d90a8f956b6c2933ca1c528c39ba89c429b8c21c"
"GDT-0651","Pullover com Barra W Pegada invertida","pullover-com-barra-w-pegada-invertida","Costas","gifs/costas/pullover-com-barra-w-pegada-invertida.gif","https://www.gifdotreino.com/Exercicios/Costas/Pullover%20com%20Barra%20W%20Pegada%20invertida.gif","catalog-api","2335654","f22a38d9f616c12ce3428f607a3d32e9d7b075febd8d0535bbbc6b8d267a702b"
"GDT-0652","Pullover com Cabo","pullover-com-cabo","Costas","gifs/costas/pullover-com-cabo.gif","https://www.gifdotreino.com/Exercicios/Costas/Pullover%20com%20Cabo.gif","catalog-api","2425483","04990703b7142edffd1b57601b86e782a7451dcadd3f793ee912a8517e931f6d"
"GDT-0653","Pullover com cabo sentado","pullover-com-cabo-sentado","Costas","gifs/costas/pullover-com-cabo-sentado.gif","https://www.gifdotreino.com/Exercicios/Costas/Pullover%20com%20cabo%20sentado.gif","catalog-api","3558790","939c94f511d699317fdeb21035c0ff2952f852ec38b6edcfb7317ef2a875274b"
"GDT-0656","Pullover com haltere","pullover-com-haltere","Peitoral","gifs/peitoral/pullover-com-haltere.gif","https://www.gifdotreino.com/Exercicios/Peitoral/Pullover%20com%20haltere.gif","catalog-api","2814573","014d4020bfa234aba3d6496b867d59d4d963f7cd70e4c0cf72b83c90fc4ae629"
"GDT-0654","Pullover com Halteres na Bola de Estabilidade","pullover-com-halteres-na-bola-de-estabilidade","Peitoral","gifs/peitoral/pullover-com-halteres-na-bola-de-estabilidade.gif","https://www.gifdotreino.com/Exercicios/Peitoral/Pullover%20com%20Halteres%20na%20Bola%20de%20Estabilidade.gif","catalog-api","3054742","d3ae3557e5cc32a5ffc5247da3a7d590f652c5fbcf9841f22332c0d6b5ecfbc1"
"GDT-0657","Pullover de braço reto com halteres (joelhos a 90 graus)","pullover-de-braco-reto-com-halteres-joelhos-a-90-graus","Peitoral","gifs/peitoral/pullover-de-braco-reto-com-halteres-joelhos-a-90-graus.gif","https://www.gifdotreino.com/Exercicios/Peitoral/Pullover%20de%20bra%C3%A7o%20reto%20com%20halteres%20(joelhos%20a%2090%20graus).gif","catalog-api","3623665","9e7c14571bc35f07c2adc99f9505124d5808eb74d6143417e50980cbdb887f5b"
"GDT-0659","Pullover na Máquina de Alavanca","pullover-na-maquina-de-alavanca","Costas","gifs/costas/pullover-na-maquina-de-alavanca.gif","https://www.gifdotreino.com/Exercicios/Costas/Pullover%20na%20M%C3%A1quina%20de%20Alavanca.gif","catalog-api","4157856","92edbb19c0ea10f2ac67fb1e79ee1657c24752433bb1abceb86b67cadf1ffa9a"
"GDT-0658","Pulo de impulso de quadril de uma perna","pulo-de-impulso-de-quadril-de-uma-perna","Calistenia","gifs/calistenia/pulo-de-impulso-de-quadril-de-uma-perna.gif","https://www.gifdotreino.com/Exercicios/Calistenia/Pulo%20de%20impulso%20de%20quadril%20de%20uma%20perna.gif","catalog-api","3356970","3def639c3af695e7d2e45782495e7b9d2016f600d2c275461b3debec3c99737e"
"GDT-0660","Pulos com Abertura de Pernas","pulos-com-abertura-de-pernas","Funcional e HIT","gifs/funcional-e-hit/pulos-com-abertura-de-pernas.gif","https://www.gifdotreino.com/Exercicios/Funcional%20e%20HIT/Pulos%20com%20Abertura%20de%20Pernas.gif","catalog-api","2874852","e75dffb0bdecf1c6964264683e5fb57e3da5b7a1d2c4b2a91e3469de22333849"
"GDT-0661","Pulos de Joelho Elevado","pulos-de-joelho-elevado","Funcional e HIT","gifs/funcional-e-hit/pulos-de-joelho-elevado.gif","https://www.gifdotreino.com/Exercicios/Funcional%20e%20HIT/Pulos%20de%20Joelho%20Elevado.gif","catalog-api","2751314","15ca4f48e0b6e3964a91e5428bbd8c7fcc9262e27f8d429cd4ae4d903796ecc5"
"GDT-0670","Puxada ajoelhada com banda de resistência","puxada-ajoelhada-com-banda-de-resistencia","Funcional e HIT","gifs/funcional-e-hit/puxada-ajoelhada-com-banda-de-resistencia.gif","https://www.gifdotreino.com/Exercicios/Funcional%20e%20HIT/Puxada%20ajoelhada%20com%20banda%20de%20resist%C3%AAncia.gif","catalog-api","2515944","5217a2c6419e8676f60e82058fce28ed620431733963cb55cdb33ac867b415af"
"GDT-0663","Puxada Alta","puxada-alta","Costas","gifs/costas/puxada-alta.gif","https://www.gifdotreino.com/Exercicios/Costas/Puxada%20Alta.gif","catalog-api","2921259","6c99de065d9f3d92613e022fafed5dbd87c662e488e3f1dfa266016dc71a8566"
"GDT-0665","Puxada Alta com Alavanca","puxada-alta-com-alavanca","Costas","gifs/costas/puxada-alta-com-alavanca.gif","https://www.gifdotreino.com/Exercicios/Costas/Puxada%20Alta%20com%20Alavanca.gif","catalog-api","3576330","064f9390830373a786c0561ef00046ac88eb03e28578ad8a48c6b626a169e911"
"GDT-0668","Puxada Alta com Triângulo","puxada-alta-com-triangulo","Costas","gifs/costas/puxada-alta-com-triangulo.gif","https://www.gifdotreino.com/Exercicios/Costas/Puxada%20Alta%20com%20Tri%C3%A2ngulo.gif","catalog-api","2857049","7695ae6ac336eedbf5ac5463361a5f6b542e7ec79b24b6b392d0c39c0d60076d"
"GDT-0667","Puxada Alta com Um Joelho Apoiado","puxada-alta-com-um-joelho-apoiado","Costas","gifs/costas/puxada-alta-com-um-joelho-apoiado.gif","https://www.gifdotreino.com/Exercicios/Costas/Puxada%20Alta%20com%20Um%20Joelho%20Apoiado.gif","catalog-api","2396460","0a65ee50d02dfa7501f80cf8c6e2f0f148f9699598449597d9cffbcdfdebbf12"
"GDT-0664","Puxada Alta Invertida","puxada-alta-invertida","Costas","gifs/costas/puxada-alta-invertida.gif","https://www.gifdotreino.com/Exercicios/Costas/Puxada%20Alta%20Invertida.gif","catalog-api","2753451","cf4b83133fb8082854246bf0effbf3e30a96a4763d572f2d836c925a0fc85e23"
"GDT-0672","Puxada alta na Máquina Nuca","puxada-alta-na-maquina-nuca","Costas","gifs/costas/puxada-alta-na-maquina-nuca.gif","https://www.gifdotreino.com/Exercicios/Costas/Puxada%20alta%20na%20M%C3%A1quina%20Nuca.gif","catalog-api","3420723","3d5b4dc9c9750506172dbc96c688cecb605c9ead354ca6bfaf1897f3b5ae092d"
"GDT-0671","Puxada alta na polia nuca","puxada-alta-na-polia-nuca","Costas","gifs/costas/puxada-alta-na-polia-nuca.gif","https://www.gifdotreino.com/Exercicios/Costas/Puxada%20alta%20na%20polia%20nuca.gif","catalog-api","2704092","a1748f7f0d42f5c86fc57b46eea482bb031a24bf51a9f278a34989630112209b"
"GDT-0662","Puxada Alta Neutra com Cabos Duplos no Chão","puxada-alta-neutra-com-cabos-duplos-no-chao","Costas","gifs/costas/puxada-alta-neutra-com-cabos-duplos-no-chao.gif","https://www.gifdotreino.com/Exercicios/Costas/Puxada%20Alta%20Neutra%20com%20Cabos%20Duplos%20no%20Ch%C3%A3o.gif","catalog-api","3904495","489df007e756db7210f6dd51789b364401e10785fbb16827505669c722a07488"
"GDT-0674","Puxada alta unilateral alta ajoelhada","puxada-alta-unilateral-alta-ajoelhada","Costas","gifs/costas/puxada-alta-unilateral-alta-ajoelhada.gif","https://www.gifdotreino.com/Exercicios/Costas/Puxada%20alta%20unilateral%20alta%20ajoelhada.gif","catalog-api","3247572","69e48c2b1f161d410564c9744eae37c3cdd64a335ed7aae6662ac4ec136a1f26"
"GDT-0673","Puxada com Faixa Elástica","puxada-com-faixa-elastica","Funcional e HIT","gifs/funcional-e-hit/puxada-com-faixa-elastica.gif","https://www.gifdotreino.com/Exercicios/Funcional%20e%20HIT/Puxada%20com%20Faixa%20El%C3%A1stica.gif","catalog-api","2450652","9afd278900196f086b8bd353217d87e5f9dd40b811a8ea8c242fb09fa4db5a60"
"GDT-0675","Puxada com Halteres entre as Pernas","puxada-com-halteres-entre-as-pernas","Crossfit","gifs/crossfit/puxada-com-halteres-entre-as-pernas.gif","https://www.gifdotreino.com/Exercicios/Crossfit/Puxada%20com%20Halteres%20entre%20as%20Pernas.gif","catalog-api","2194062","1dbf938ae4e10762c3bca461c78633e19d1e03577cf55875bb89d8e5b27f74df"
"GDT-0676","Puxada com Um Braço com Cabo","puxada-com-um-braco-com-cabo","Costas","gifs/costas/puxada-com-um-braco-com-cabo.gif","https://www.gifdotreino.com/Exercicios/Costas/Puxada%20com%20Um%20Bra%C3%A7o%20com%20Cabo.gif","catalog-api","2953161","11165fcd598880d8eed00b5797d9195a79724bff350cc390cf7c6d8432fb706b"
"GDT-0677","Puxada com Um Braço com Peso Adicional","puxada-com-um-braco-com-peso-adicional","Costas","gifs/costas/puxada-com-um-braco-com-peso-adicional.gif","https://www.gifdotreino.com/Exercicios/Costas/Puxada%20com%20Um%20Bra%C3%A7o%20com%20Peso%20Adicional.gif","catalog-api","2706704","21b6459075685ba54645a51a2e9c3c4ab95d18a3119b77172830776b4ed5af29"
"GDT-0666","Puxada De Cabo Ajoelhada","puxada-de-cabo-ajoelhada","Glúteos","gifs/gluteos/puxada-de-cabo-ajoelhada.gif","https://www.gifdotreino.com/Exercicios/Gl%C3%BAteos/Puxada%20De%20Cabo%20Ajoelhada.gif","catalog-api","2989819","e247cdf91da99b9556d2e937d67717a376f16199cee5ff70b386af8e46287511"
"GDT-0679","Puxada de face com cabo cruzado","puxada-de-face-com-cabo-cruzado","Trapézio","gifs/trapezio/puxada-de-face-com-cabo-cruzado.gif","https://www.gifdotreino.com/Exercicios/Trap%C3%A9zio/Puxada%20de%20face%20com%20cabo%20cruzado.gif","catalog-api","3623805","1c42755ed3239fb81eb7c19e6e3f9c39ad9a104379399c3069cdada2c949080b"
"GDT-0678","Puxada em Pé com Torção no Cabo","puxada-em-pe-com-torcao-no-cabo","Costas","gifs/costas/puxada-em-pe-com-torcao-no-cabo.gif","https://www.gifdotreino.com/Exercicios/Costas/Puxada%20em%20P%C3%A9%20com%20Tor%C3%A7%C3%A3o%20no%20Cabo.gif","catalog-api","4157654","3d016281895a8d55d5ef07a214b074161b6f8d25022fa034de1f5388e14a1709"
"GDT-0681","Puxada escapular na barra fixa","puxada-escapular-na-barra-fixa","Calistenia","gifs/calistenia/puxada-escapular-na-barra-fixa.gif","https://www.gifdotreino.com/Exercicios/Calistenia/Puxada%20escapular%20na%20barra%20fixa.gif","catalog-api","1904596","e22ccd24c9557dbcef7cbdd39701065f79050853e1f833f533011e6b91b60470"
"GDT-0669","Puxada Front Lever","puxada-front-lever","Calistenia","gifs/calistenia/puxada-front-lever.gif","https://www.gifdotreino.com/Exercicios/Calistenia/Puxada%20Front%20Lever.gif","catalog-api","3175500","cc48af3194ab95cf94aa7dbc30efb9479d9847bab6f5a734eceea904fee5dc38"
"GDT-0680","Puxada isométrica","puxada-isometrica","Calistenia","gifs/calistenia/puxada-isometrica.gif","https://www.gifdotreino.com/Exercicios/Calistenia/Puxada%20isom%C3%A9trica.gif","catalog-api","68840","d85c36a9d73b66d5ca61f62bc3adf75838e3af3b4049890d0490c69a6cfb540b"
"GDT-0683","Puxada na Polia Alta com Pegada Fechada","puxada-na-polia-alta-com-pegada-fechada","Costas","gifs/costas/puxada-na-polia-alta-com-pegada-fechada.gif","https://www.gifdotreino.com/Exercicios/Costas/Puxada%20na%20Polia%20Alta%20com%20Pegada%20Fechada.gif","catalog-api","3408527","f6da73dd04c4e1b964fecf3b1f3701fcaf72d7ea12485fae027afb9978bebc3c"
"GDT-0682","Puxada para o Rosto de Joelhos","puxada-para-o-rosto-de-joelhos","Trapézio","gifs/trapezio/puxada-para-o-rosto-de-joelhos.gif","https://www.gifdotreino.com/Exercicios/Trap%C3%A9zio/Puxada%20para%20o%20Rosto%20de%20Joelhos.gif","catalog-api","2961438","3572801e0c1c12eaf6888e555a5e495c475e25b994f52ce419b9b35c687e66cd"
"GDT-0684","Puxar com Faixa Elástica","puxar-com-faixa-elastica","Funcional e HIT","gifs/funcional-e-hit/puxar-com-faixa-elastica.gif","https://www.gifdotreino.com/Exercicios/Funcional%20e%20HIT/Puxar%20com%20Faixa%20El%C3%A1stica.gif","catalog-api","2586925","7efc405b4cec334779981fdd9c7f02586e695a0d5563f806675d3a180adbb78f"
"GDT-0685","Quadrúpede com elevação de braço e perna contralateral","quadrupede-com-elevacao-de-braco-e-perna-contralateral","Funcional e HIT","gifs/funcional-e-hit/quadrupede-com-elevacao-de-braco-e-perna-contralateral.gif","https://www.gifdotreino.com/Exercicios/Funcional%20e%20HIT/Quadr%C3%BApede%20com%20eleva%C3%A7%C3%A3o%20de%20bra%C3%A7o%20e%20perna%20contralateral.gif","catalog-api","1455101","3a2d0f1778a43df8cd38e618c6cecf1fcf43c19e3e55f0c8b2e90373c9fe6aec"
"GDT-0687","Quatro Apoios","quatro-apoios","Glúteos","gifs/gluteos/quatro-apoios.gif","https://www.gifdotreino.com/Exercicios/Gl%C3%BAteos/Quatro%20Apoios.gif","catalog-api","5404197","725994e2c8739d45e6b6dfad67da9e2b556875f56187e4c30e7cd47331d51309"
"GDT-0689","Rastejo de Urso","rastejo-de-urso","Funcional e HIT","gifs/funcional-e-hit/rastejo-de-urso.gif","https://www.gifdotreino.com/Exercicios/Funcional%20e%20HIT/Rastejo%20de%20Urso.gif","catalog-api","2887310","12ba864e38b5b2452b69021658100f53db5deaf6ab73c59032135bfeecbf2092"
"GDT-0715","Remada afastada com banda de resistência","remada-afastada-com-banda-de-resistencia","Funcional e HIT","gifs/funcional-e-hit/remada-afastada-com-banda-de-resistencia.gif","https://www.gifdotreino.com/Exercicios/Funcional%20e%20HIT/Remada%20afastada%20com%20banda%20de%20resist%C3%AAncia.gif","catalog-api","2896491","dc9db4cdb8ad597497649a054aed1873d804dfdb97861826b4ab0355e041fc83"
"GDT-0690","Remada Alta (1)","remada-alta-1","Ombros","gifs/ombros/remada-alta-1.gif","https://www.gifdotreino.com/Exercicios/Ombros/Remada%20Alta%20(1).gif","catalog-api","3847542","d8919db0813be0c0394834f9b006b7c2bbfaad7fb122c6d2425e4e92e59d1bd4"
"GDT-0688","Remada Alta Com Barra W","remada-alta-com-barra-w","Trapézio","gifs/trapezio/remada-alta-com-barra-w.gif","https://www.gifdotreino.com/Exercicios/Trap%C3%A9zio/Remada%20Alta%20Com%20Barra%20W.gif","catalog-api","2465298","128fe1fc27899c112cfe02c3ff4e9db7b80e214faad754771e587d376f30090d"
"GDT-0691","Remada Alta com Cabo","remada-alta-com-cabo","Trapézio","gifs/trapezio/remada-alta-com-cabo.gif","https://www.gifdotreino.com/Exercicios/Trap%C3%A9zio/Remada%20Alta%20com%20Cabo.gif","catalog-api","3563841","f157e0214fe2ed756c0376e86fd9f9efd3c03b84e1fb02c38ce5e4a149d2a22f"
"GDT-0692","Remada Alta com Halter","remada-alta-com-halter","Trapézio","gifs/trapezio/remada-alta-com-halter.gif","https://www.gifdotreino.com/Exercicios/Trap%C3%A9zio/Remada%20Alta%20com%20Halter.gif","catalog-api","2205313","78384ddbf482567d306b31b4b8c8193998cb3865f229d3e030d04c0ec3bd55dd"
"GDT-0717","Remada alta com halteres unilateral","remada-alta-com-halteres-unilateral","Trapézio","gifs/trapezio/remada-alta-com-halteres-unilateral.gif","https://www.gifdotreino.com/Exercicios/Trap%C3%A9zio/Remada%20alta%20com%20halteres%20unilateral.gif","catalog-api","2128617","9eef279bea7f6ac9d93115735b397b2d6e01d4d43dd591122da6dc27ac6e2270"
"GDT-0721","Remada com banda de resistência curvada para deltoides posterior","remada-com-banda-de-resistencia-curvada-para-deltoides-posterior","Funcional e HIT","gifs/funcional-e-hit/remada-com-banda-de-resistencia-curvada-para-deltoides-posterior.gif","https://www.gifdotreino.com/Exercicios/Funcional%20e%20HIT/Remada%20com%20banda%20de%20resist%C3%AAncia%20curvada%20para%20deltoides%20posterior.gif","catalog-api","3390200","9259ab251bf8b9d6fa37b4bd488ca8dc17b52a2605b4444cc75c9397420fca78"
"GDT-0719","Remada com barra","remada-com-barra","Trapézio","gifs/trapezio/remada-com-barra.gif","https://www.gifdotreino.com/Exercicios/Trap%C3%A9zio/Remada%20com%20barra.gif","catalog-api","3082214","40c0fdc7fdb8d12ff09b0967e3573c4d9920c8f5fcc118e56097a23cb3b0fe8b"
"GDT-0722","Remada com barra curvada para trás","remada-com-barra-curvada-para-tras","Crossfit","gifs/crossfit/remada-com-barra-curvada-para-tras.gif","https://www.gifdotreino.com/Exercicios/Crossfit/Remada%20com%20barra%20curvada%20para%20tr%C3%A1s.gif","catalog-api","2671766","eef71091601b73a124b51083aedb25dbde1a26646ab0ec246919f62a8bbe5391"
"GDT-0718","Remada com Cabo Sentada Unilateral com Torção","remada-com-cabo-sentada-unilateral-com-torcao","Costas","gifs/costas/remada-com-cabo-sentada-unilateral-com-torcao.gif","https://www.gifdotreino.com/Exercicios/Costas/Remada%20com%20Cabo%20Sentada%20Unilateral%20com%20Tor%C3%A7%C3%A3o.gif","catalog-api","3170576","b5fbe4929bcab0e25899ca331d7387d89d4d4704e97a379b829f5a2c968d62c8"
"GDT-0720","Remada com Halteres em Posição Prancha","remada-com-halteres-em-posicao-prancha","Costas","gifs/costas/remada-com-halteres-em-posicao-prancha.gif","https://www.gifdotreino.com/Exercicios/Costas/Remada%20com%20Halteres%20em%20Posi%C3%A7%C3%A3o%20Prancha.gif","catalog-api","3328664","b82727e00e39d64e78b44d8f83169e24ded1e519cef2b623b8bfcf75ed8b9147"
"GDT-0724","Remada com halteres para a posterior de ombros","remada-com-halteres-para-a-posterior-de-ombros","Ombros","gifs/ombros/remada-com-halteres-para-a-posterior-de-ombros.gif","https://www.gifdotreino.com/Exercicios/Ombros/Remada%20com%20halteres%20para%20a%20posterior%20de%20ombros.gif","catalog-api","3610856","2cbb318904866dd676123bc3220c84c56e9259ac4bdd1cb7607866e14ba5bc7b"
"GDT-0723","Remada com o Peso do Corpo na Porta","remada-com-o-peso-do-corpo-na-porta","Calistenia","gifs/calistenia/remada-com-o-peso-do-corpo-na-porta.gif","https://www.gifdotreino.com/Exercicios/Calistenia/Remada%20com%20o%20Peso%20do%20Corpo%20na%20Porta.gif","catalog-api","2983304","bcc7dbdd4481b79d01bd5ddbaf235dc23bdbde7ead6e9e11394296bb9f676119"
"GDT-0725","Remada cruzada no cross","remada-cruzada-no-cross","Costas","gifs/costas/remada-cruzada-no-cross.gif","https://www.gifdotreino.com/Exercicios/Costas/Remada%20cruzada%20no%20cross.gif","catalog-api","2242723","aaecb5c6e0597b7711b6b7793a409ed8b1796ec0ee5452d0ace165d76a5ac248"
"GDT-0694","Remada Curvada com Barra","remada-curvada-com-barra","Costas","gifs/costas/remada-curvada-com-barra.gif","https://www.gifdotreino.com/Exercicios/Costas/Remada%20Curvada%20com%20Barra.gif","catalog-api","3518007","163f19dc5356d5a630e91e97a944eeee36e92549b44dc6c0116a2a7065ab35bb"
"GDT-0729","Remada curvada com barra de pegada alternada ampla com adução de escapula","remada-curvada-com-barra-de-pegada-alternada-ampla-com-aducao-de-escapula","Costas","gifs/costas/remada-curvada-com-barra-de-pegada-alternada-ampla-com-aducao-de-escapula.gif","https://www.gifdotreino.com/Exercicios/Costas/Remada%20curvada%20com%20barra%20de%20pegada%20alternada%20ampla%20com%20adu%C3%A7%C3%A3o%20de%20escapula.gif","catalog-api","4262703","c8ab78a493e3cfa01cb7815d5d67cbfc90db89cc3aa14cad97f173f6c57b79f8"
"GDT-0727","Remada curvada com halteres","remada-curvada-com-halteres","Costas","gifs/costas/remada-curvada-com-halteres.gif","https://www.gifdotreino.com/Exercicios/Costas/Remada%20curvada%20com%20halteres.gif","catalog-api","2960790","875e612d518d9a32f57fc4bff2a3243a8efaf3ee84948a7309cc895fee3328ac"
"GDT-0726","Remada curvada com halteres com pegada invertida","remada-curvada-com-halteres-com-pegada-invertida","Costas","gifs/costas/remada-curvada-com-halteres-com-pegada-invertida.gif","https://www.gifdotreino.com/Exercicios/Costas/Remada%20curvada%20com%20halteres%20com%20pegada%20invertida.gif","catalog-api","3509601","15b931c4dcb2bcce07aead28310f376af873553f3ec6a97fc9f5d7885fd60472"
"GDT-0728","Remada curvada com kettlebell","remada-curvada-com-kettlebell","Costas","gifs/costas/remada-curvada-com-kettlebell.gif","https://www.gifdotreino.com/Exercicios/Costas/Remada%20curvada%20com%20kettlebell.gif","catalog-api","3509328","9de3f8b697f4dbbc79c4afdc74581af3c1a0bd3ac0592fd4d888f9d427553756"
"GDT-0697","Remada Curvada com Pegada Invertida na Barra","remada-curvada-com-pegada-invertida-na-barra","Costas","gifs/costas/remada-curvada-com-pegada-invertida-na-barra.gif","https://www.gifdotreino.com/Exercicios/Costas/Remada%20Curvada%20com%20Pegada%20Invertida%20na%20Barra.gif","catalog-api","3292393","be1f1db664a6b25237785a5e693ed798b346ffe3b24e9e41811db56ffa6109dc"
"GDT-0696","Remada Curvada em T","remada-curvada-em-t","Costas","gifs/costas/remada-curvada-em-t.gif","https://www.gifdotreino.com/Exercicios/Costas/Remada%20Curvada%20em%20T.gif","catalog-api","2946666","a8e0398f813fbdd7609e261146cfb91793f525300f057dc219bc4c26e7b9657c"
"GDT-0693","Remada Curvada Inclinada com Barra","remada-curvada-inclinada-com-barra","Costas","gifs/costas/remada-curvada-inclinada-com-barra.gif","https://www.gifdotreino.com/Exercicios/Costas/Remada%20Curvada%20Inclinada%20com%20Barra.gif","catalog-api","2784474","3aa908bb78199bf2756decc12b4cc0bac9fc892d21e1421d0eab4abd61d20cb5"
"GDT-0695","Remada Curvada no Smith","remada-curvada-no-smith","Costas","gifs/costas/remada-curvada-no-smith.gif","https://www.gifdotreino.com/Exercicios/Costas/Remada%20Curvada%20no%20Smith.gif","catalog-api","2847366","fd24cb3cbe7444bf27b6ab06740ff3eede77a5f0ceeeb5249acb3ff99b2f647d"
"GDT-0730","Remada de deltoide posterior sentado com haltere","remada-de-deltoide-posterior-sentado-com-haltere","Ombros","gifs/ombros/remada-de-deltoide-posterior-sentado-com-haltere.gif","https://www.gifdotreino.com/Exercicios/Ombros/Remada%20de%20deltoide%20posterior%20sentado%20com%20haltere.gif","catalog-api","3505716","edfb5e97af1772b01bbaa7897fb38d1b05f41ebe2115d4e4a53590c4a908ccf1"
"GDT-0731","Remada de espingarda","remada-de-espingarda","Costas","gifs/costas/remada-de-espingarda.gif","https://www.gifdotreino.com/Exercicios/Costas/Remada%20de%20espingarda.gif","catalog-api","2226595","7351bd37d41be609702fc2d61897a042fa277c5b8f58567b0b56dd35fbbf395a"
"GDT-0735","Remada em Y com cabo","remada-em-y-com-cabo","Trapézio","gifs/trapezio/remada-em-y-com-cabo.gif","https://www.gifdotreino.com/Exercicios/Trap%C3%A9zio/Remada%20em%20Y%20com%20cabo.gif","catalog-api","5140574","88c22619b2bfc4775ac51bfc0f551ee8f8c39bb4f712a88ca8298a6e30e445d3"
"GDT-0734","Remada frontal com alavanca","remada-frontal-com-alavanca","Costas","gifs/costas/remada-frontal-com-alavanca.gif","https://www.gifdotreino.com/Exercicios/Costas/Remada%20frontal%20com%20alavanca.gif","catalog-api","4455392","761654bf2652db678b2200da4640caa231fe43312f2365b0d8a20f4a686c9193"
"GDT-0732","Remada inclinada a 45 graus","remada-inclinada-a-45-graus","Ombros","gifs/ombros/remada-inclinada-a-45-graus.gif","https://www.gifdotreino.com/Exercicios/Ombros/Remada%20inclinada%20a%2045%20graus.gif","catalog-api","3780380","93d6026cb785c924efdd3d1b6a2b965d52807b53b6c0dbcad12629c74fea5593"
"GDT-0698","Remada Inclinada a 45 Graus","remada-inclinada-a-45-graus","Trapézio","gifs/trapezio/remada-inclinada-a-45-graus.gif","https://www.gifdotreino.com/Exercicios/Trap%C3%A9zio/Remada%20Inclinada%20a%2045%20Graus.gif","catalog-api","3808124","8ca219793deb50c08d476e4bcbe3894ec43a79ee836309e3c119ca903f2af183"
"GDT-0699","Remada Inclinada com Cabo","remada-inclinada-com-cabo","Costas","gifs/costas/remada-inclinada-com-cabo.gif","https://www.gifdotreino.com/Exercicios/Costas/Remada%20Inclinada%20com%20Cabo.gif","catalog-api","2906709","e08b0bd084db84b5b89791db4d3cdf386142dcbbb0b53659cd2f0fdd69ca009b"
"GDT-0700","Remada Inclinada com Pegada Neutra com Halteres","remada-inclinada-com-pegada-neutra-com-halteres","Costas","gifs/costas/remada-inclinada-com-pegada-neutra-com-halteres.gif","https://www.gifdotreino.com/Exercicios/Costas/Remada%20Inclinada%20com%20Pegada%20Neutra%20com%20Halteres.gif","catalog-api","3564719","dd9422b5c97fbaadde1a47b428a846749d6ef47c992a5c71dc48d6295f2e0324"
"GDT-0701","Remada Inclinada com Pegada Reversa com Halteres","remada-inclinada-com-pegada-reversa-com-halteres","Costas","gifs/costas/remada-inclinada-com-pegada-reversa-com-halteres.gif","https://www.gifdotreino.com/Exercicios/Costas/Remada%20Inclinada%20com%20Pegada%20Reversa%20com%20Halteres.gif","catalog-api","3638532","4e1f616857e25ac6185f84284864f0fb254ffcdcb658104a587c68c3f3f2e797"
"GDT-0702","Remada Inclinada no banco com Cabo","remada-inclinada-no-banco-com-cabo","Costas","gifs/costas/remada-inclinada-no-banco-com-cabo.gif","https://www.gifdotreino.com/Exercicios/Costas/Remada%20Inclinada%20no%20banco%20com%20Cabo.gif","catalog-api","2865008","113702a91a1e79db799e33664271d99c8bbd9c551d6c78f911867054c10d6666"
"GDT-0733","Remada inversa com cabos deitado","remada-inversa-com-cabos-deitado","Ombros","gifs/ombros/remada-inversa-com-cabos-deitado.gif","https://www.gifdotreino.com/Exercicios/Ombros/Remada%20inversa%20com%20cabos%20deitado.gif","catalog-api","3402669","5e0fb527961cf244e7befc8106ac97dc3d1062743538ed4ba60012c407a06cb0"
"GDT-0703","Remada Invertida","remada-invertida","Costas","gifs/costas/remada-invertida.gif","https://www.gifdotreino.com/Exercicios/Costas/Remada%20Invertida.gif","catalog-api","3224569","cd02cb94de87776820d809c6f9b6fed789c9fe4768b222e799346cee1be3d564"
"GDT-0704","Remada Invertida Com Argolas","remada-invertida-com-argolas","Calistenia","gifs/calistenia/remada-invertida-com-argolas.gif","https://www.gifdotreino.com/Exercicios/Calistenia/Remada%20Invertida%20Com%20Argolas.gif","catalog-api","2529075","c0955f8915dcdd6820495669e7377c3efb462095801860afa7af7821c3a5ee32"
"GDT-0739","Remada invertida com cable inclinado","remada-invertida-com-cable-inclinado","Trapézio","gifs/trapezio/remada-invertida-com-cable-inclinado.gif","https://www.gifdotreino.com/Exercicios/Trap%C3%A9zio/Remada%20invertida%20com%20cable%20inclinado.gif","catalog-api","3779987","f3e9763a27d73fa8ebf00a6ebc7cf976de47e8ddea309a1f8ff1965645fb3518"
"GDT-0962","remada invertida com halteres inclinado","remada-invertida-com-halteres-inclinado","Trapézio","gifs/trapezio/remada-invertida-com-halteres-inclinado.gif","https://www.gifdotreino.com/Exercicios/Trap%C3%A9zio/remada%20invertida%20com%20halteres%20inclinado.gif","catalog-api","3716384","1f756933330c6f7182f270ade39b08ab6e2eb92529d8e68a346243314c44396f"
"GDT-0706","Remada Invertida na Mesa","remada-invertida-na-mesa","Calistenia","gifs/calistenia/remada-invertida-na-mesa.gif","https://www.gifdotreino.com/Exercicios/Calistenia/Remada%20Invertida%20na%20Mesa.gif","catalog-api","913703","8723a1da33792a449778d19efc17741af63c97e6ea6614f867fff8e5d6540e1a"
"GDT-0737","Remada lateral com halteres sentado","remada-lateral-com-halteres-sentado","Ombros","gifs/ombros/remada-lateral-com-halteres-sentado.gif","https://www.gifdotreino.com/Exercicios/Ombros/Remada%20lateral%20com%20halteres%20sentado.gif","catalog-api","3827318","8876f3593dc95c69eeba0909224df5faf7879a3f68c0de9fba0e5a067bd4cf43"
"GDT-0707","Remada Renegada com Halteres","remada-renegada-com-halteres","Costas","gifs/costas/remada-renegada-com-halteres.gif","https://www.gifdotreino.com/Exercicios/Costas/Remada%20Renegada%20com%20Halteres.gif","catalog-api","3332184","a381eb8addb5babba61b5cc0d83cfb46b131a1bbd10bc980e4fbb9e3093ad150"
"GDT-0705","Remada Sentada com Anilhas","remada-sentada-com-anilhas","Costas","gifs/costas/remada-sentada-com-anilhas.gif","https://www.gifdotreino.com/Exercicios/Costas/Remada%20Sentada%20com%20Anilhas.gif","catalog-api","4120448","38c218ac208693bb355337524933559a9b8df2a36837e1d31b17c26f67b9e9b2"
"GDT-0708","Remada Sentada com Cabo","remada-sentada-com-cabo","Costas","gifs/costas/remada-sentada-com-cabo.gif","https://www.gifdotreino.com/Exercicios/Costas/Remada%20Sentada%20com%20Cabo.gif","catalog-api","4016167","3daf31e0ddc7b6749cb5c1f66f6971e7ea5409533797cfb8c4cb0a959cef2de3"
"GDT-0709","Remada Sentada com Corda na Polia","remada-sentada-com-corda-na-polia","Costas","gifs/costas/remada-sentada-com-corda-na-polia.gif","https://www.gifdotreino.com/Exercicios/Costas/Remada%20Sentada%20com%20Corda%20na%20Polia.gif","catalog-api","3871989","9e6a222df0652e7980f0c1928d6302f07eed999c5f87486475e1d9052612c490"
"GDT-0736","Remada sentada com faixa","remada-sentada-com-faixa","Funcional e HIT","gifs/funcional-e-hit/remada-sentada-com-faixa.gif","https://www.gifdotreino.com/Exercicios/Funcional%20e%20HIT/Remada%20sentada%20com%20faixa.gif","catalog-api","3732680","8962d094ceb41d4deaaf14da5f548c6e333992ec154f2fe1c7e1732f87ad68b7"
"GDT-0711","Remada Sentada na Máquina","remada-sentada-na-maquina","Costas","gifs/costas/remada-sentada-na-maquina.gif","https://www.gifdotreino.com/Exercicios/Costas/Remada%20Sentada%20na%20M%C3%A1quina.gif","catalog-api","4680400","907b3699be63df3f08204af5fa6865fe806f1b0f0251e7d096f4f2226628bd4d"
"GDT-0742","Remada sentado com cabo pegada fechada","remada-sentado-com-cabo-pegada-fechada","Costas","gifs/costas/remada-sentado-com-cabo-pegada-fechada.gif","https://www.gifdotreino.com/Exercicios/Costas/Remada%20sentado%20com%20cabo%20pegada%20fechada.gif","catalog-api","4056156","137dbc26a84d53858621f049012d2f1cca6510dc92cfb9dfd230984d4315d16e"
"GDT-0712","Remada T com alavanca","remada-t-com-alavanca","Costas","gifs/costas/remada-t-com-alavanca.gif","https://www.gifdotreino.com/Exercicios/Costas/Remada%20T%20com%20alavanca.gif","catalog-api","2680194","bab8a80e06ff878399d7fd32993c64a09a8e70cd76f00a83540ee1b207eef628"
"GDT-0710","Remada T com Landmine","remada-t-com-landmine","Costas","gifs/costas/remada-t-com-landmine.gif","https://www.gifdotreino.com/Exercicios/Costas/Remada%20T%20com%20Landmine.gif","catalog-api","1863795","f59743076fceabf3bc2ffecaf3fea6aefa8c500bcc458a270992d5fe378b6e6a"
"GDT-0713","Remada T invertida com alavanca","remada-t-invertida-com-alavanca","Costas","gifs/costas/remada-t-invertida-com-alavanca.gif","https://www.gifdotreino.com/Exercicios/Costas/Remada%20T%20invertida%20com%20alavanca.gif","catalog-api","3726542","103fbb8398ec28b50cfd3ce311d68b52ccff2ee1c4bfc9b43cfc5f2487401c15"
"GDT-0714","Remada Unilateral com Barra","remada-unilateral-com-barra","Costas","gifs/costas/remada-unilateral-com-barra.gif","https://www.gifdotreino.com/Exercicios/Costas/Remada%20Unilateral%20com%20Barra.gif","catalog-api","2610485","f64b24a8332228f00f31871737818a36d0e1933e31430732405e99adfd662b89"
"GDT-0740","Remada unilateral com barra landmine","remada-unilateral-com-barra-landmine","Costas","gifs/costas/remada-unilateral-com-barra-landmine.gif","https://www.gifdotreino.com/Exercicios/Costas/Remada%20unilateral%20com%20barra%20landmine.gif","catalog-api","1728308","a8ef273c90471fa05c70665dd97ed5baa3cb64e420997c8bf66f3b08fe6555e4"
"GDT-0716","Remada Unilateral com Cabo","remada-unilateral-com-cabo","Costas","gifs/costas/remada-unilateral-com-cabo.gif","https://www.gifdotreino.com/Exercicios/Costas/Remada%20Unilateral%20com%20Cabo.gif","catalog-api","2117294","7923f3b0189befcf4bb37ae43ad794a38baf8a589254273930aeebb7e49604f6"
"GDT-0782","Remada unilateral com gymstick","remada-unilateral-com-gymstick","Funcional e HIT","gifs/funcional-e-hit/remada-unilateral-com-gymstick.gif","https://www.gifdotreino.com/Exercicios/Funcional%20e%20HIT/Remada%20unilateral%20com%20gymstick.gif","catalog-api","2654007","792ead4a9f78017b76cd4ad2cf7438bf52bfd338d37287a4c1d86fce92d45d0c"
"GDT-0741","Rolagem de espuma para isquiotibiais","rolagem-de-espuma-para-isquiotibiais","Mobilidade","gifs/mobilidade/rolagem-de-espuma-para-isquiotibiais.gif","https://www.gifdotreino.com/Exercicios/Mobilidade/Rolagem%20de%20espuma%20para%20isquiotibiais.gif","catalog-api","2274410","21338c169312ec3921bb34185c9da801ff54d7bec2b122d60abb3735d7f8479e"
"GDT-0744","Rolamento de espuma nas costas","rolamento-de-espuma-nas-costas","Mobilidade","gifs/mobilidade/rolamento-de-espuma-nas-costas.gif","https://www.gifdotreino.com/Exercicios/Mobilidade/Rolamento%20de%20espuma%20nas%20costas.gif","catalog-api","2217875","734de4203a9314a316c73ff02cfa6bf92f67fd226190908a29b10a84cabd318b"
"GDT-0745","Rolamento de espuma nos quadríceps","rolamento-de-espuma-nos-quadriceps","Mobilidade","gifs/mobilidade/rolamento-de-espuma-nos-quadriceps.gif","https://www.gifdotreino.com/Exercicios/Mobilidade/Rolamento%20de%20espuma%20nos%20quadr%C3%ADceps.gif","catalog-api","1477125","ed188e702a0671b01dc57685e8b0ccfdfab7d89f49853f4926e691f015636476"
"GDT-0746","Rolamento de espuma nos romboides","rolamento-de-espuma-nos-romboides","Mobilidade","gifs/mobilidade/rolamento-de-espuma-nos-romboides.gif","https://www.gifdotreino.com/Exercicios/Mobilidade/Rolamento%20de%20espuma%20nos%20romboides.gif","catalog-api","3396803","5488a241b088fe5e104957de7d72d15456d2af77b523ffdb5e29e500efd77e7b"
"GDT-0743","Rolamento de Espuma para Panturrilhas","rolamento-de-espuma-para-panturrilhas","Mobilidade","gifs/mobilidade/rolamento-de-espuma-para-panturrilhas.gif","https://www.gifdotreino.com/Exercicios/Mobilidade/Rolamento%20de%20Espuma%20para%20Panturrilhas.gif","catalog-api","2084643","3df2cc14180c0ec7848f4402d00cc941b5afbe1d4fca1d531b994d8fb2f842f1"
"GDT-0747","Rolamento na bola suíça","rolamento-na-bola-suica","Funcional e HIT","gifs/funcional-e-hit/rolamento-na-bola-suica.gif","https://www.gifdotreino.com/Exercicios/Funcional%20e%20HIT/Rolamento%20na%20bola%20su%C3%AD%C3%A7a.gif","catalog-api","2356681","96cdcc7171ea5217d1323a532e22483221f712aa72af930735dd90f7db0cb0fe"
"GDT-0749","Rolando como uma Bola","rolando-como-uma-bola","Mobilidade","gifs/mobilidade/rolando-como-uma-bola.gif","https://www.gifdotreino.com/Exercicios/Mobilidade/Rolando%20como%20uma%20Bola.gif","catalog-api","4130927","d48fc99be5c20fb8cb1330a7574a96347434b0ccd9c3bcf0b573376e927c0dfe"
"GDT-0750","Rolinho de antebraço","rolinho-de-antebraco","Antebraços","gifs/antebracos/rolinho-de-antebraco.gif","https://www.gifdotreino.com/Exercicios/Antebra%C3%A7os/Rolinho%20de%20antebra%C3%A7o.gif","catalog-api","2767054","0939aa5ebaef0cc2351575c65ca1b0cad485281d2e106b03acd41b0fced83bce"
"GDT-0751","Rolo de espuma ombro posterior","rolo-de-espuma-ombro-posterior","Mobilidade","gifs/mobilidade/rolo-de-espuma-ombro-posterior.gif","https://www.gifdotreino.com/Exercicios/Mobilidade/Rolo%20de%20espuma%20ombro%20posterior.gif","catalog-api","1847113","8cd6251ee39025ad211b190aa8947ff73d2105c283e31fbfad29b6bf82d122bd"
"GDT-0753","Rolo de espuma para fascite plantar","rolo-de-espuma-para-fascite-plantar","Mobilidade","gifs/mobilidade/rolo-de-espuma-para-fascite-plantar.gif","https://www.gifdotreino.com/Exercicios/Mobilidade/Rolo%20de%20espuma%20para%20fascite%20plantar.gif","catalog-api","2327612","3b7a9d0735f823b50345c0be4309197932c788386eb1a9925d43f48ac974adb8"
"GDT-0752","Rolo de espuma para ombro e peito frontal","rolo-de-espuma-para-ombro-e-peito-frontal","Mobilidade","gifs/mobilidade/rolo-de-espuma-para-ombro-e-peito-frontal.gif","https://www.gifdotreino.com/Exercicios/Mobilidade/Rolo%20de%20espuma%20para%20ombro%20e%20peito%20frontal.gif","catalog-api","2674566","995917cbb6b92a91be44fc89fd38e0da89ded7206614b37b1681109669eb31a8"
"GDT-0748","Rolo de Espuma para os Glúteos","rolo-de-espuma-para-os-gluteos","Mobilidade","gifs/mobilidade/rolo-de-espuma-para-os-gluteos.gif","https://www.gifdotreino.com/Exercicios/Mobilidade/Rolo%20de%20Espuma%20para%20os%20Gl%C3%BAteos.gif","catalog-api","4094359","719aa700e14c07fbeddb82a043cc0b6b76e33f6c8af1b84f5591f446ac363f6b"
"GDT-0769","Rosca alternada com barra","rosca-alternada-com-barra","Bíceps","gifs/biceps/rosca-alternada-com-barra.gif","https://www.gifdotreino.com/Exercicios/B%C3%ADceps/Rosca%20alternada%20com%20barra.gif","catalog-api","2394292","fd3fcf6e32ef39af6f4de7761f3e6d27cb5ff3efa463d3b160537a3ded0affa1"
"GDT-0768","Rosca alternada com halteres sentado","rosca-alternada-com-halteres-sentado","Bíceps","gifs/biceps/rosca-alternada-com-halteres-sentado.gif","https://www.gifdotreino.com/Exercicios/B%C3%ADceps/Rosca%20alternada%20com%20halteres%20sentado.gif","catalog-api","3910899","003c9d4da1f69732810d934384277e9e525434243e9f71064ab3865eb8624188"
"GDT-0756","Rosca Banco Inclinado","rosca-banco-inclinado","Bíceps","gifs/biceps/rosca-banco-inclinado.gif","https://www.gifdotreino.com/Exercicios/B%C3%ADceps/Rosca%20Banco%20Inclinado.gif","catalog-api","8689018","2bfb1a44601ab812a010764527ae80f1567845eb31ba9ce89f143c7be1d9a170"
"GDT-0771","Rosca bíceps alta com halteres","rosca-biceps-alta-com-halteres","Bíceps","gifs/biceps/rosca-biceps-alta-com-halteres.gif","https://www.gifdotreino.com/Exercicios/B%C3%ADceps/Rosca%20b%C3%ADceps%20alta%20com%20halteres.gif","catalog-api","2872310","e565fcf2bcf33701f97e3fcad581cfed517eac64c060552b0a9a0f3a72fc28c7"
"GDT-0772","Rosca bíceps com cabo ajoelhado","rosca-biceps-com-cabo-ajoelhado","Bíceps","gifs/biceps/rosca-biceps-com-cabo-ajoelhado.gif","https://www.gifdotreino.com/Exercicios/B%C3%ADceps/Rosca%20b%C3%ADceps%20com%20cabo%20ajoelhado.gif","catalog-api","3049797","d239eeeefcaf49b19af0678c7159ec7c190c9d9dd045f2509d451e50afe0a4fb"
"GDT-0773","Rosca bíceps com faixa elástica","rosca-biceps-com-faixa-elastica","Funcional e HIT","gifs/funcional-e-hit/rosca-biceps-com-faixa-elastica.gif","https://www.gifdotreino.com/Exercicios/Funcional%20e%20HIT/Rosca%20b%C3%ADceps%20com%20faixa%20el%C3%A1stica.gif","catalog-api","2898975","dbe09bd3a6efeeb8ab2a0f38cfa5c09732b4a8a489ab8bcc03b047da7113510b"
"GDT-0774","Rosca bíceps com halteres","rosca-biceps-com-halteres","Bíceps","gifs/biceps/rosca-biceps-com-halteres.gif","https://www.gifdotreino.com/Exercicios/B%C3%ADceps/Rosca%20b%C3%ADceps%20com%20halteres.gif","catalog-api","2649620","f97cf98c4bd804999ca4f032f9e0444127e3b6fbb23c06f1426c973018099d9b"
"GDT-0775","Rosca bíceps com pegada fechada na barra W","rosca-biceps-com-pegada-fechada-na-barra-w","Bíceps","gifs/biceps/rosca-biceps-com-pegada-fechada-na-barra-w.gif","https://www.gifdotreino.com/Exercicios/B%C3%ADceps/Rosca%20b%C3%ADceps%20com%20pegada%20fechada%20na%20barra%20W.gif","catalog-api","2646446","c1b1edf18d543608ec80c9a48ef79ffa5c62c727fe8fc02edf11bfb201b8ee93"
"GDT-0776","Rosca bíceps inclinada com cabos","rosca-biceps-inclinada-com-cabos","Bíceps","gifs/biceps/rosca-biceps-inclinada-com-cabos.gif","https://www.gifdotreino.com/Exercicios/B%C3%ADceps/Rosca%20b%C3%ADceps%20inclinada%20com%20cabos.gif","catalog-api","3310789","a3274bcc263a3742099373e53695a20f3f9c30debf33ed04449b1380bc6d584a"
"GDT-0781","Rosca bíceps inclinada com halteres sentado","rosca-biceps-inclinada-com-halteres-sentado","Bíceps","gifs/biceps/rosca-biceps-inclinada-com-halteres-sentado.gif","https://www.gifdotreino.com/Exercicios/B%C3%ADceps/Rosca%20b%C3%ADceps%20inclinada%20com%20halteres%20sentado.gif","catalog-api","2951744","c03d5821492e1195c046fa4132aad0ae5c8523f81d1e21022e49d01556f56724"
"GDT-0777","Rosca bíceps sentado","rosca-biceps-sentado","Bíceps","gifs/biceps/rosca-biceps-sentado.gif","https://www.gifdotreino.com/Exercicios/B%C3%ADceps/Rosca%20b%C3%ADceps%20sentado.gif","catalog-api","3080383","dacb43815a73276115474c99e65dabb02ee63d4fc4bb469a63226f07b723c78a"
"GDT-0778","Rosca bíceps unilateral","rosca-biceps-unilateral","Bíceps","gifs/biceps/rosca-biceps-unilateral.gif","https://www.gifdotreino.com/Exercicios/B%C3%ADceps/Rosca%20b%C3%ADceps%20unilateral.gif","catalog-api","2061244","444aa0946211827b2f41cea701b2537ab2316eb58c43a868da4c315dc0b2529e"
"GDT-0779","Rosca bíceps unilateral com pegada invertida em cabo","rosca-biceps-unilateral-com-pegada-invertida-em-cabo","Bíceps","gifs/biceps/rosca-biceps-unilateral-com-pegada-invertida-em-cabo.gif","https://www.gifdotreino.com/Exercicios/B%C3%ADceps/Rosca%20b%C3%ADceps%20unilateral%20com%20pegada%20invertida%20em%20cabo.gif","catalog-api","2271365","d08e20a806b730f71c150335988ea7f55c8a2504b7616094d05106bfc1c5068d"
"GDT-0780","Rosca bíceps unilateral no cabo alto","rosca-biceps-unilateral-no-cabo-alto","Bíceps","gifs/biceps/rosca-biceps-unilateral-no-cabo-alto.gif","https://www.gifdotreino.com/Exercicios/B%C3%ADceps/Rosca%20b%C3%ADceps%20unilateral%20no%20cabo%20alto.gif","catalog-api","3973093","378c5bb3eb87c5d431b6326953d57b826526698e30dc2b19d7ec45eb4457b09d"
"GDT-0754","Rosca Bilateral com Cabo em Banco Inclinado","rosca-bilateral-com-cabo-em-banco-inclinado","Bíceps","gifs/biceps/rosca-bilateral-com-cabo-em-banco-inclinado.gif","https://www.gifdotreino.com/Exercicios/B%C3%ADceps/Rosca%20Bilateral%20com%20Cabo%20em%20Banco%20Inclinado.gif","catalog-api","2617739","326819166ab8887c2360b1b9edacb3d1beefc78ff8ce46a17c85136fa49bed83"
"GDT-0783","Rosca com barra","rosca-com-barra","Bíceps","gifs/biceps/rosca-com-barra.gif","https://www.gifdotreino.com/Exercicios/B%C3%ADceps/Rosca%20com%20barra.gif","catalog-api","3157415","a9fbd308048665b27cd432a888263fc73d22e6dd04795748be3fdb98d6648c54"
"GDT-0788","Rosca com cabo de um braço","rosca-com-cabo-de-um-braco","Bíceps","gifs/biceps/rosca-com-cabo-de-um-braco.gif","https://www.gifdotreino.com/Exercicios/B%C3%ADceps/Rosca%20com%20cabo%20de%20um%20bra%C3%A7o.gif","catalog-api","2041375","67b4ca50f85f8402803b0f0f2aa7092c6a88131a56ff0db6cae73dc77d9e0a60"
"GDT-0811","Rosca com halteres","rosca-com-halteres","Bíceps","gifs/biceps/rosca-com-halteres.gif","https://www.gifdotreino.com/Exercicios/B%C3%ADceps/Rosca%20com%20halteres.gif","catalog-api","2305033","0c1cc9e8e3bacec0d52e91d28de2ecc7ac667d70f57e662321c439f00b6df1d1"
"GDT-0784","Rosca com halteres no colete scott","rosca-com-halteres-no-colete-scott","Bíceps","gifs/biceps/rosca-com-halteres-no-colete-scott.gif","https://www.gifdotreino.com/Exercicios/B%C3%ADceps/Rosca%20com%20halteres%20no%20colete%20scott.gif","catalog-api","2662274","1e5a4c50060d258934b9477d3b89b4518a205b711249b69cf4d3db21621b09a5"
"GDT-0787","Rosca com Polia Alta","rosca-com-polia-alta","Bíceps","gifs/biceps/rosca-com-polia-alta.gif","https://www.gifdotreino.com/Exercicios/B%C3%ADceps/Rosca%20com%20Polia%20Alta.gif","catalog-api","2183097","5bbba114ebfd50637d2c2c13387a1be463fc8de6e92b74f59c4b48dd8b48eb50"
"GDT-0785","Rosca concentrada","rosca-concentrada","Bíceps","gifs/biceps/rosca-concentrada.gif","https://www.gifdotreino.com/Exercicios/B%C3%ADceps/Rosca%20concentrada.gif","catalog-api","3444426","29b04b1d5da78b1b48b147c1dcd8b0a9343a257f180304418e92a3f1acb756a9"
"GDT-0786","Rosca concentrada com cabo","rosca-concentrada-com-cabo","Bíceps","gifs/biceps/rosca-concentrada-com-cabo.gif","https://www.gifdotreino.com/Exercicios/B%C3%ADceps/Rosca%20concentrada%20com%20cabo.gif","catalog-api","3897635","7f55adff08bdf15ce8bc5fa96ad489dafcee634acbbb5032654b5ffc5e5bdb5f"
"GDT-0755","Rosca Concentrada com Pegada Fechada Sentado","rosca-concentrada-com-pegada-fechada-sentado","Bíceps","gifs/biceps/rosca-concentrada-com-pegada-fechada-sentado.gif","https://www.gifdotreino.com/Exercicios/B%C3%ADceps/Rosca%20Concentrada%20com%20Pegada%20Fechada%20Sentado.gif","catalog-api","2990857","01d8ba83d77c915f475e0578464b19e301be5d219ea2bd0225985de1afe888c8"
"GDT-0789","Rosca concentrada com perna","rosca-concentrada-com-perna","Calistenia","gifs/calistenia/rosca-concentrada-com-perna.gif","https://www.gifdotreino.com/Exercicios/Calistenia/Rosca%20concentrada%20com%20perna.gif","catalog-api","2872659","c57bec8c70a44c7f306ec00f72f27a0485b2d6df3dd60cff6db743b76603b75d"
"GDT-0791","Rosca concentrada unilateral com cabo","rosca-concentrada-unilateral-com-cabo","Bíceps","gifs/biceps/rosca-concentrada-unilateral-com-cabo.gif","https://www.gifdotreino.com/Exercicios/B%C3%ADceps/Rosca%20concentrada%20unilateral%20com%20cabo.gif","catalog-api","2820108","9128d058fded1dd3812ab21f37d4b19882512f764155f528c6f305427ab58f27"
"GDT-0795","Rosca de bíceps com alavanca","rosca-de-biceps-com-alavanca","Bíceps","gifs/biceps/rosca-de-biceps-com-alavanca.gif","https://www.gifdotreino.com/Exercicios/B%C3%ADceps/Rosca%20de%20b%C3%ADceps%20com%20alavanca.gif","catalog-api","4541616","3ce243b14e8541bc71af394a5a736189d5819d68c8e8bdc5c666bc657b2b4db4"
"GDT-0790","Rosca de Bíceps com Halteres no Banco Scott","rosca-de-biceps-com-halteres-no-banco-scott","Bíceps","gifs/biceps/rosca-de-biceps-com-halteres-no-banco-scott.gif","https://www.gifdotreino.com/Exercicios/B%C3%ADceps/Rosca%20de%20B%C3%ADceps%20com%20Halteres%20no%20Banco%20Scott.gif","catalog-api","2402419","6c0f4217f2d67d5ef232e078ae3f60d0a80098afe7c3e507c3188e7b3dd1dd2b"
"GDT-0792","Rosca de Bíceps com Puxada de Cabo","rosca-de-biceps-com-puxada-de-cabo","Bíceps","gifs/biceps/rosca-de-biceps-com-puxada-de-cabo.gif","https://www.gifdotreino.com/Exercicios/B%C3%ADceps/Rosca%20de%20B%C3%ADceps%20com%20Puxada%20de%20Cabo.gif","catalog-api","2184012","b4c3328168b864b8676d91a982f5379a28c9bd9508bfcb66e2596a36037b180a"
"GDT-0796","Rosca de bíceps unilateral com faixa de resistência","rosca-de-biceps-unilateral-com-faixa-de-resistencia","Funcional e HIT","gifs/funcional-e-hit/rosca-de-biceps-unilateral-com-faixa-de-resistencia.gif","https://www.gifdotreino.com/Exercicios/Funcional%20e%20HIT/Rosca%20de%20b%C3%ADceps%20unilateral%20com%20faixa%20de%20resist%C3%AAncia.gif","catalog-api","2159450","dfc488420657f6c54346c30fd6c256f9cfb809da68522dfaf95ea4771d57674e"
"GDT-0799","Rosca de dedo com barra","rosca-de-dedo-com-barra","Antebraços","gifs/antebracos/rosca-de-dedo-com-barra.gif","https://www.gifdotreino.com/Exercicios/Antebra%C3%A7os/Rosca%20de%20dedo%20com%20barra.gif","catalog-api","2612076","5040221d20c01767c2c89265b3e816a5126d7ca769e27b428dc86650995e9189"
"GDT-0798","Rosca de Dedos com Halteres","rosca-de-dedos-com-halteres","Antebraços","gifs/antebracos/rosca-de-dedos-com-halteres.gif","https://www.gifdotreino.com/Exercicios/Antebra%C3%A7os/Rosca%20de%20Dedos%20com%20Halteres.gif","catalog-api","2650160","7f3738f2a0a120ab2c180c7af1accdb35097ff347a6986e116f0999da2625d77"
"GDT-0806","Rosca de punho com barra","rosca-de-punho-com-barra","Antebraços","gifs/antebracos/rosca-de-punho-com-barra.gif","https://www.gifdotreino.com/Exercicios/Antebra%C3%A7os/Rosca%20de%20punho%20com%20barra.gif","catalog-api","2828235","5691fbe7730a030fb9b9de1b2368dee09b43d1a2e1d9d15524f2827099e1f3f1"
"GDT-0794","Rosca de Punho com Barra Atrás das Costas","rosca-de-punho-com-barra-atras-das-costas","Antebraços","gifs/antebracos/rosca-de-punho-com-barra-atras-das-costas.gif","https://www.gifdotreino.com/Exercicios/Antebra%C3%A7os/Rosca%20de%20Punho%20com%20Barra%20Atr%C3%A1s%20das%20Costas.gif","catalog-api","2262219","52e0ddd386aa63e77bd1cdd2659f74c4f58a65946d4c54eda8b18eaaa346fcb8"
"GDT-0797","Rosca de Punho Pegada Neutra com Anilhas","rosca-de-punho-pegada-neutra-com-anilhas","Antebraços","gifs/antebracos/rosca-de-punho-pegada-neutra-com-anilhas.gif","https://www.gifdotreino.com/Exercicios/Antebra%C3%A7os/Rosca%20de%20Punho%20Pegada%20Neutra%20com%20Anilhas.gif","catalog-api","2783865","17221ecc5f89cfeb205f6d3431c961610ee9870b24b86d726dbd1440dc0ca63c"
"GDT-0793","Rosca de Punho Reversa com Barra","rosca-de-punho-reversa-com-barra","Antebraços","gifs/antebracos/rosca-de-punho-reversa-com-barra.gif","https://www.gifdotreino.com/Exercicios/Antebra%C3%A7os/Rosca%20de%20Punho%20Reversa%20com%20Barra.gif","catalog-api","3080353","a2e1dafea44ede79608dd3cf37d556f8d6e7f5024c674f7078d5fa38064b3742"
"GDT-0757","Rosca Direta com Barra","rosca-direta-com-barra","Bíceps","gifs/biceps/rosca-direta-com-barra.gif","https://www.gifdotreino.com/Exercicios/B%C3%ADceps/Rosca%20Direta%20com%20Barra.gif","catalog-api","2832952","3bda6f6db569c5da4fc2f268fac5d96cc6ef14a78c499521c4997c0b31052893"
"GDT-0758","Rosca Direta com Barra deitado em Banco Alto","rosca-direta-com-barra-deitado-em-banco-alto","Bíceps","gifs/biceps/rosca-direta-com-barra-deitado-em-banco-alto.gif","https://www.gifdotreino.com/Exercicios/B%C3%ADceps/Rosca%20Direta%20com%20Barra%20deitado%20em%20Banco%20Alto.gif","catalog-api","2160306","9577ed580a51ccc19b7d5a259487b0a70867e1fbec26f3533a4c3c3188b84c62"
"GDT-0759","Rosca Direta com Barra em Pegada Fechada","rosca-direta-com-barra-em-pegada-fechada","Bíceps","gifs/biceps/rosca-direta-com-barra-em-pegada-fechada.gif","https://www.gifdotreino.com/Exercicios/B%C3%ADceps/Rosca%20Direta%20com%20Barra%20em%20Pegada%20Fechada.gif","catalog-api","3258223","90e3a4cd1a3216915908a032ef376fba4651a1e38e9ca1c0a0e4a312732c9148"
"GDT-0760","Rosca Direta com Barra no colete scott","rosca-direta-com-barra-no-colete-scott","Bíceps","gifs/biceps/rosca-direta-com-barra-no-colete-scott.gif","https://www.gifdotreino.com/Exercicios/B%C3%ADceps/Rosca%20Direta%20com%20Barra%20no%20colete%20scott.gif","catalog-api","2686883","7edc1ae11fca412dd3193518e0c54b35bbe2a1f53b63f9991c93fcce0aa41ed0"
"GDT-0800","Rosca direta com barra w","rosca-direta-com-barra-w","Bíceps","gifs/biceps/rosca-direta-com-barra-w.gif","https://www.gifdotreino.com/Exercicios/B%C3%ADceps/Rosca%20direta%20com%20barra%20w.gif","catalog-api","2245220","425696544e46cd2085524d7df310deeb6b5090be6e43d9fb2ca1f11aa1690498"
"GDT-0762","Rosca Direta com Cabo deitado","rosca-direta-com-cabo-deitado","Bíceps","gifs/biceps/rosca-direta-com-cabo-deitado.gif","https://www.gifdotreino.com/Exercicios/B%C3%ADceps/Rosca%20Direta%20com%20Cabo%20deitado.gif","catalog-api","2343806","1b6143977c8d5c994eb8acea8e774371efac833f76382398d24f2ce99ff8f7c7"
"GDT-0763","Rosca Inversa com Barra","rosca-inversa-com-barra","Antebraços","gifs/antebracos/rosca-inversa-com-barra.gif","https://www.gifdotreino.com/Exercicios/Antebra%C3%A7os/Rosca%20Inversa%20com%20Barra.gif","catalog-api","2866169","ffe746788ede639ae6fce12c5f636575476cb70383ae4ed713bdce6e3f6f7ae5"
"GDT-0801","Rosca inversa com barra W","rosca-inversa-com-barra-w","Bíceps","gifs/biceps/rosca-inversa-com-barra-w.gif","https://www.gifdotreino.com/Exercicios/B%C3%ADceps/Rosca%20inversa%20com%20barra%20W.gif","catalog-api","2637908","f6f81463a4ab869d8810f10561ac216f4eed1076e52027e705a9197d563a1bf3"
"GDT-0761","Rosca Inversa com Halteres","rosca-inversa-com-halteres","Bíceps","gifs/biceps/rosca-inversa-com-halteres.gif","https://www.gifdotreino.com/Exercicios/B%C3%ADceps/Rosca%20Inversa%20com%20Halteres.gif","catalog-api","2439518","06677596a66bdd7eace0d44bf6bc98cbe43f5d55865d5ee92f0e2fc81eeffb80"
"GDT-0807","Rosca martelo","rosca-martelo","Bíceps","gifs/biceps/rosca-martelo.gif","https://www.gifdotreino.com/Exercicios/B%C3%ADceps/Rosca%20martelo.gif","catalog-api","2393740","7050fe9e044df99cc4cbbde28a0c221c7c78b6cfd736c0de53c6eb76c0b8c021"
"GDT-0802","Rosca martelo com corda","rosca-martelo-com-corda","Bíceps","gifs/biceps/rosca-martelo-com-corda.gif","https://www.gifdotreino.com/Exercicios/B%C3%ADceps/Rosca%20martelo%20com%20corda.gif","catalog-api","2234081","7fce0130d8bcc4695e769e031123e488b8d1fc508b0a5bbd6c9f185f4449257e"
"GDT-0803","Rosca martelo com faixa de resistência","rosca-martelo-com-faixa-de-resistencia","Funcional e HIT","gifs/funcional-e-hit/rosca-martelo-com-faixa-de-resistencia.gif","https://www.gifdotreino.com/Exercicios/Funcional%20e%20HIT/Rosca%20martelo%20com%20faixa%20de%20resist%C3%AAncia.gif","catalog-api","2121466","a7d97aa8ca6b6a563b11036190ec720eb61d8cd7726edcc11ee9bc07b8b8c58c"
"GDT-0804","Rosca martelo com garrafa de água","rosca-martelo-com-garrafa-de-agua","Funcional e HIT","gifs/funcional-e-hit/rosca-martelo-com-garrafa-de-agua.gif","https://www.gifdotreino.com/Exercicios/Funcional%20e%20HIT/Rosca%20martelo%20com%20garrafa%20de%20%C3%A1gua.gif","catalog-api","2549387","9538b99ce8a3a841a4183d08c4a42b9ab1501f453f4ccf32476d8ed899bb936b"
"GDT-0805","Rosca martelo com halter no colete scott","rosca-martelo-com-halter-no-colete-scott","Bíceps","gifs/biceps/rosca-martelo-com-halter-no-colete-scott.gif","https://www.gifdotreino.com/Exercicios/B%C3%ADceps/Rosca%20martelo%20com%20halter%20no%20colete%20scott.gif","catalog-api","2811469","694520f9a66bfe5c833f45717f47dd17f70d2d065e7cfeaa660ac300d084e332"
"GDT-0808","Rosca martelo com halteres no banco scott","rosca-martelo-com-halteres-no-banco-scott","Bíceps","gifs/biceps/rosca-martelo-com-halteres-no-banco-scott.gif","https://www.gifdotreino.com/Exercicios/B%C3%ADceps/Rosca%20martelo%20com%20halteres%20no%20banco%20scott.gif","catalog-api","3084472","d425aa19066775a21f11ddec2240e04cca6e500efff474ce3ace6928ca4abffa"
"GDT-0809","Rosca martelo sentada","rosca-martelo-sentada","Bíceps","gifs/biceps/rosca-martelo-sentada.gif","https://www.gifdotreino.com/Exercicios/B%C3%ADceps/Rosca%20martelo%20sentada.gif","catalog-api","3581330","b740601cd051133a4bf04022832948afd4c7dbe542be1820a6b255d1b5a7bff5"
"GDT-0810","Rosca no Cabo","rosca-no-cabo","Bíceps","gifs/biceps/rosca-no-cabo.gif","https://www.gifdotreino.com/Exercicios/B%C3%ADceps/Rosca%20no%20Cabo.gif","catalog-api","2385502","c08eb0768beeb5956de86de2effab08ec9f06a4e764c20195d8340524f4ee9f7"
"GDT-0812","Rosca pronada no banco inclinado","rosca-pronada-no-banco-inclinado","Bíceps","gifs/biceps/rosca-pronada-no-banco-inclinado.gif","https://www.gifdotreino.com/Exercicios/B%C3%ADceps/Rosca%20pronada%20no%20banco%20inclinado.gif","catalog-api","3133298","519285b1a0dd462dace1e541bb6f1ef9c8572b180c1240f0e1349491a69e76f3"
"GDT-0817","Rosca scott alternados com halteres","rosca-scott-alternados-com-halteres","Bíceps","gifs/biceps/rosca-scott-alternados-com-halteres.gif","https://www.gifdotreino.com/Exercicios/B%C3%ADceps/Rosca%20scott%20alternados%20com%20halteres.gif","catalog-api","2803806","65dbb9510dc9c7acce83c0eebe8526596d6c3f6264c9b1f3297b69c7c315e4cb"
"GDT-0764","Rosca Scott com Alavanca","rosca-scott-com-alavanca","Bíceps","gifs/biceps/rosca-scott-com-alavanca.gif","https://www.gifdotreino.com/Exercicios/B%C3%ADceps/Rosca%20Scott%20com%20Alavanca.gif","catalog-api","4217161","f69ab94b5197627bd0a82b20db279e2009014cad01444992158c0c14d63d398a"
"GDT-0766","Rosca Scott com Barra W","rosca-scott-com-barra-w","Bíceps","gifs/biceps/rosca-scott-com-barra-w.gif","https://www.gifdotreino.com/Exercicios/B%C3%ADceps/Rosca%20Scott%20com%20Barra%20W.gif","catalog-api","3764198","0dc1989afe9cc862e46c0e862f7fbeab60314f0bb4b4f5523e30fbfd214f59ac"
"GDT-0818","Rosca scott com halteres","rosca-scott-com-halteres","Bíceps","gifs/biceps/rosca-scott-com-halteres.gif","https://www.gifdotreino.com/Exercicios/B%C3%ADceps/Rosca%20scott%20com%20halteres.gif","catalog-api","2952621","88e1388da297af35f78ed998505c846fb743c044c392c7a5205c422da4329eff"
"GDT-0765","Rosca Scott com Halteres Martelo no Banco","rosca-scott-com-halteres-martelo-no-banco","Bíceps","gifs/biceps/rosca-scott-com-halteres-martelo-no-banco.gif","https://www.gifdotreino.com/Exercicios/B%C3%ADceps/Rosca%20Scott%20com%20Halteres%20Martelo%20no%20Banco.gif","catalog-api","2895294","e9c3afa516ce665750aaa0b7f82b4f99638761c6a652e669eb54ac5aefdccb31"
"GDT-0851","Rosca scott unilateral com halteres","rosca-scott-unilateral-com-halteres","Bíceps","gifs/biceps/rosca-scott-unilateral-com-halteres.gif","https://www.gifdotreino.com/Exercicios/B%C3%ADceps/Rosca%20scott%20unilateral%20com%20halteres.gif","catalog-api","2284438","5ee80cfd3009c73e4dad165c7a6adcd260b1f6473a9ef3092a3badf481ff830a"
"GDT-0813","Rosca spider com único haltere","rosca-spider-com-unico-haltere","Bíceps","gifs/biceps/rosca-spider-com-unico-haltere.gif","https://www.gifdotreino.com/Exercicios/B%C3%ADceps/Rosca%20spider%20com%20%C3%BAnico%20haltere.gif","catalog-api","2525802","bb0792c405c312c76d3745b84aca3b8b78a2bbe952def64d65c0e6f9ad439534"
"GDT-0814","Rosca spider unilateral","rosca-spider-unilateral","Bíceps","gifs/biceps/rosca-spider-unilateral.gif","https://www.gifdotreino.com/Exercicios/B%C3%ADceps/Rosca%20spider%20unilateral.gif","catalog-api","3968855","3e6e62b8c4189d281704a56f513c1d5e7099b7afe17bfff085dc87ee88789306"
"GDT-0767","Rosca Unilateral com Cabo","rosca-unilateral-com-cabo","Bíceps","gifs/biceps/rosca-unilateral-com-cabo.gif","https://www.gifdotreino.com/Exercicios/B%C3%ADceps/Rosca%20Unilateral%20com%20Cabo.gif","catalog-api","2241574","1c30ca9554f40b03a7bc3cea4ad3f1d0243fb6d5bf28e8e979a51fc24d661885"
"GDT-0770","Rosca Zottman","rosca-zottman","Bíceps","gifs/biceps/rosca-zottman.gif","https://www.gifdotreino.com/Exercicios/B%C3%ADceps/Rosca%20Zottman.gif","catalog-api","4377749","3cfb02bfe8f95a49fc0a1ac7831286028cf8328e62fc56ffaef43937863d9334"
"GDT-0826","Rotação da coluna torácica de joelhos","rotacao-da-coluna-toracica-de-joelhos","Mobilidade","gifs/mobilidade/rotacao-da-coluna-toracica-de-joelhos.gif","https://www.gifdotreino.com/Exercicios/Mobilidade/Rota%C3%A7%C3%A3o%20da%20coluna%20tor%C3%A1cica%20de%20joelhos.gif","catalog-api","3439281","5c587460159ef30fc3b709ad1fcd3156fbef02872882c9f0e8a50373b07c8d04"
"GDT-0825","Rotação de Pé e Tornozelo","rotacao-de-pe-e-tornozelo","Mobilidade","gifs/mobilidade/rotacao-de-pe-e-tornozelo.gif","https://www.gifdotreino.com/Exercicios/Mobilidade/Rota%C3%A7%C3%A3o%20de%20P%C3%A9%20e%20Tornozelo.gif","catalog-api","2259179","e091807cead80417b1696491214ec19a69ba9ac2e4b6245123c73c24a84ada18"
"GDT-0822","Rotação do corpo superior deitado","rotacao-do-corpo-superior-deitado","Mobilidade","gifs/mobilidade/rotacao-do-corpo-superior-deitado.gif","https://www.gifdotreino.com/Exercicios/Mobilidade/Rota%C3%A7%C3%A3o%20do%20corpo%20superior%20deitado.gif","catalog-api","2391015","de01da6793fd300a7559b9e4913169c1f0fe5748b7860df355a9eb34436f844d"
"GDT-0823","Rotação em Pé","rotacao-em-pe","Mobilidade","gifs/mobilidade/rotacao-em-pe.gif","https://www.gifdotreino.com/Exercicios/Mobilidade/Rota%C3%A7%C3%A3o%20em%20P%C3%A9.gif","catalog-api","2173623","ab15b6f3666c7e6539bf69149adf465e03ee000d992b04365cf6bcec847a51a7"
"GDT-0824","Rotação espinhal deitado","rotacao-espinhal-deitado","Mobilidade","gifs/mobilidade/rotacao-espinhal-deitado.gif","https://www.gifdotreino.com/Exercicios/Mobilidade/Rota%C3%A7%C3%A3o%20espinhal%20deitado.gif","catalog-api","3094735","41251e55363722f5654de12d59150c907c3c38c141794052f954857c488ca6a8"
"GDT-0832","Rotação externa com cabo a 90 graus","rotacao-externa-com-cabo-a-90-graus","Mobilidade","gifs/mobilidade/rotacao-externa-com-cabo-a-90-graus.gif","https://www.gifdotreino.com/Exercicios/Mobilidade/Rota%C3%A7%C3%A3o%20externa%20com%20cabo%20a%2090%20graus.gif","catalog-api","2295180","15855a1cebcbb681bca160861ea78aa0523f7dd2dfadaaa927536634139421d6"
"GDT-0833","Rotação externa com cabo em posição de joelhos","rotacao-externa-com-cabo-em-posicao-de-joelhos","Mobilidade","gifs/mobilidade/rotacao-externa-com-cabo-em-posicao-de-joelhos.gif","https://www.gifdotreino.com/Exercicios/Mobilidade/Rota%C3%A7%C3%A3o%20externa%20com%20cabo%20em%20posi%C3%A7%C3%A3o%20de%20joelhos.gif","catalog-api","2898810","27dd1f5925b01740a80abeca358a48e2d9fd0a7db754763ec26064d29c51456e"
"GDT-0827","Rotação externa de halteres apoiada no banco","rotacao-externa-de-halteres-apoiada-no-banco","Mobilidade","gifs/mobilidade/rotacao-externa-de-halteres-apoiada-no-banco.gif","https://www.gifdotreino.com/Exercicios/Mobilidade/Rota%C3%A7%C3%A3o%20externa%20de%20halteres%20apoiada%20no%20banco.gif","catalog-api","2416551","0abf4e4d5ec7fe53a429fbc3b521388e95375fbdcf9b9e91314c4de829b66be2"
"GDT-0816","Rotação Externa de Ombro com Cabo","rotacao-externa-de-ombro-com-cabo","Mobilidade","gifs/mobilidade/rotacao-externa-de-ombro-com-cabo.gif","https://www.gifdotreino.com/Exercicios/Mobilidade/Rota%C3%A7%C3%A3o%20Externa%20de%20Ombro%20com%20Cabo.gif","catalog-api","3174268","06eda1526efe21bc32d11bc9728df27f94cfddbeb3c9b2d3fbc5ddd37bd20d55"
"GDT-0828","Rotação externa de ombro com faixa elástica","rotacao-externa-de-ombro-com-faixa-elastica","Mobilidade","gifs/mobilidade/rotacao-externa-de-ombro-com-faixa-elastica.gif","https://www.gifdotreino.com/Exercicios/Mobilidade/Rota%C3%A7%C3%A3o%20externa%20de%20ombro%20com%20faixa%20el%C3%A1stica.gif","catalog-api","2036639","3297f3baef2d8d56286a183637e721e3f246c932f75f411b9b5bdec2518ed7ce"
"GDT-0815","Rotação Externa De Quadril Com Faixa Elástica","rotacao-externa-de-quadril-com-faixa-elastica","Mobilidade","gifs/mobilidade/rotacao-externa-de-quadril-com-faixa-elastica.gif","https://www.gifdotreino.com/Exercicios/Mobilidade/Rota%C3%A7%C3%A3o%20Externa%20De%20Quadril%20Com%20Faixa%20El%C3%A1stica.gif","catalog-api","2096468","cfb4aac41857af6d375395f75a734b06b0a37279024f9b4792a2d98ac0aa6afe"
"GDT-0819","Rotação Externa de Quadril Sentado com Faixa Elástica","rotacao-externa-de-quadril-sentado-com-faixa-elastica","Mobilidade","gifs/mobilidade/rotacao-externa-de-quadril-sentado-com-faixa-elastica.gif","https://www.gifdotreino.com/Exercicios/Mobilidade/Rota%C3%A7%C3%A3o%20Externa%20de%20Quadril%20Sentado%20com%20Faixa%20El%C3%A1stica.gif","catalog-api","2858128","5d09367cf536eba28d9dcf8a0c317cccc9c708160d482511d0e00f10c6f9ff78"
"GDT-0829","Rotação externa do ombro","rotacao-externa-do-ombro","Mobilidade","gifs/mobilidade/rotacao-externa-do-ombro.gif","https://www.gifdotreino.com/Exercicios/Mobilidade/Rota%C3%A7%C3%A3o%20externa%20do%20ombro.gif","catalog-api","1812334","78ee7d62de74597b9ab7e2e5adc7cd9ca1f19e08728fc18eb3463cc1990f7b2d"
"GDT-0830","Rotação externa do ombro deitado com haltere","rotacao-externa-do-ombro-deitado-com-haltere","Mobilidade","gifs/mobilidade/rotacao-externa-do-ombro-deitado-com-haltere.gif","https://www.gifdotreino.com/Exercicios/Mobilidade/Rota%C3%A7%C3%A3o%20externa%20do%20ombro%20deitado%20com%20haltere.gif","catalog-api","2290462","8db96235f6744c3b4d9d5f97fa04639a5aeb9a79bede07555093daaa8ee1e032"
"GDT-0821","Rotação Externa do Pé com Faixa Elástica","rotacao-externa-do-pe-com-faixa-elastica","Mobilidade","gifs/mobilidade/rotacao-externa-do-pe-com-faixa-elastica.gif","https://www.gifdotreino.com/Exercicios/Mobilidade/Rota%C3%A7%C3%A3o%20Externa%20do%20P%C3%A9%20com%20Faixa%20El%C3%A1stica.gif","catalog-api","2296027","b023474b945739c9d1b8090cd175c19ffd70c796a44e97c7cce15b68d9477392"
"GDT-0831","Rotação interna de cabo a 90 graus","rotacao-interna-de-cabo-a-90-graus","Mobilidade","gifs/mobilidade/rotacao-interna-de-cabo-a-90-graus.gif","https://www.gifdotreino.com/Exercicios/Mobilidade/Rota%C3%A7%C3%A3o%20interna%20de%20cabo%20a%2090%20graus.gif","catalog-api","3512029","f6d4c78da5a11842ebdeedf6edfdc9ca87c0ad847dd6653c598a084fb8e9b392"
"GDT-0834","Rotação interna de ombro com cabo","rotacao-interna-de-ombro-com-cabo","Mobilidade","gifs/mobilidade/rotacao-interna-de-ombro-com-cabo.gif","https://www.gifdotreino.com/Exercicios/Mobilidade/Rota%C3%A7%C3%A3o%20interna%20de%20ombro%20com%20cabo.gif","catalog-api","1905317","a31bd9178027300532d9448b650803f788e75dad5993f710976e95e1170bcac1"
"GDT-0835","Rotação interna do ombro","rotacao-interna-do-ombro","Mobilidade","gifs/mobilidade/rotacao-interna-do-ombro.gif","https://www.gifdotreino.com/Exercicios/Mobilidade/Rota%C3%A7%C3%A3o%20interna%20do%20ombro.gif","catalog-api","1927498","c2ad5ca7fa5d7b159abf012ea1b763dd02dcc5c2d6764738b3c233c94d4fe618"
"GDT-0836","Rotação interna do ombro sentada com cabo","rotacao-interna-do-ombro-sentada-com-cabo","Mobilidade","gifs/mobilidade/rotacao-interna-do-ombro-sentada-com-cabo.gif","https://www.gifdotreino.com/Exercicios/Mobilidade/Rota%C3%A7%C3%A3o%20interna%20do%20ombro%20sentada%20com%20cabo.gif","catalog-api","2133234","ade39c804bd0d9a0cf4b8c38e505d576bfcb5096c2e67558cf4de2ac6495441c"
"GDT-0820","Rotação Interna do Quadril Sentado com Faixa Elástica","rotacao-interna-do-quadril-sentado-com-faixa-elastica","Mobilidade","gifs/mobilidade/rotacao-interna-do-quadril-sentado-com-faixa-elastica.gif","https://www.gifdotreino.com/Exercicios/Mobilidade/Rota%C3%A7%C3%A3o%20Interna%20do%20Quadril%20Sentado%20com%20Faixa%20El%C3%A1stica.gif","catalog-api","3012213","e1d76a90a62c0b132181d310bc6a591fe92e95d2fdcfdd6f7a3126cb6a4e929f"
"GDT-0837","Rotação para trás de joelhos","rotacao-para-tras-de-joelhos","Mobilidade","gifs/mobilidade/rotacao-para-tras-de-joelhos.gif","https://www.gifdotreino.com/Exercicios/Mobilidade/Rota%C3%A7%C3%A3o%20para%20tr%C3%A1s%20de%20joelhos.gif","catalog-api","2478638","d820d4c7a289e1f1b097602d6582fe3c6cabaa232fd8025b32c00acf4adf3b4f"
"GDT-0839","Salto com halteres dividido","salto-com-halteres-dividido","Funcional e HIT","gifs/funcional-e-hit/salto-com-halteres-dividido.gif","https://www.gifdotreino.com/Exercicios/Funcional%20e%20HIT/Salto%20com%20halteres%20dividido.gif","catalog-api","3083339","eb83c7908e72b20a2832f5cb64c7df5ac9967ea349e86e504021869cfffc4b9a"
"GDT-0838","Salto com Joelhos Flexionados","salto-com-joelhos-flexionados","Funcional e HIT","gifs/funcional-e-hit/salto-com-joelhos-flexionados.gif","https://www.gifdotreino.com/Exercicios/Funcional%20e%20HIT/Salto%20com%20Joelhos%20Flexionados.gif","catalog-api","2841796","22695a0973033165dfbe2ae1a4a3525a35d623396f36ccec47b8902da103da3d"
"GDT-0840","Salto em Agachamento com Joelhos Flexionados","salto-em-agachamento-com-joelhos-flexionados","Funcional e HIT","gifs/funcional-e-hit/salto-em-agachamento-com-joelhos-flexionados.gif","https://www.gifdotreino.com/Exercicios/Funcional%20e%20HIT/Salto%20em%20Agachamento%20com%20Joelhos%20Flexionados.gif","catalog-api","3951061","a4902c6783e703d37906e850fc12f1bc97718ab584adcf250140ff3419b8de31"
"GDT-0841","Salto em Caixa com uma Perna","salto-em-caixa-com-uma-perna","Calistenia","gifs/calistenia/salto-em-caixa-com-uma-perna.gif","https://www.gifdotreino.com/Exercicios/Calistenia/Salto%20em%20Caixa%20com%20uma%20Perna.gif","catalog-api","2395456","ed1928deafdeb400589c25a90c387d56a55d892bd1fae9a464b29aa107119ed9"
"GDT-0842","Salto em Distância","salto-em-distancia","Calistenia","gifs/calistenia/salto-em-distancia.gif","https://www.gifdotreino.com/Exercicios/Calistenia/Salto%20em%20Dist%C3%A2ncia.gif","catalog-api","2084506","e3450b0bc57367a725894a488e28d40e7ffdd9e7c2f4680615026f47de4f780e"
"GDT-0843","Salto em Uma Perna para a Frente","salto-em-uma-perna-para-a-frente","Funcional e HIT","gifs/funcional-e-hit/salto-em-uma-perna-para-a-frente.gif","https://www.gifdotreino.com/Exercicios/Funcional%20e%20HIT/Salto%20em%20Uma%20Perna%20para%20a%20Frente.gif","catalog-api","1948173","b719429ca7eef77fd59fcd5aa6981695e944c96825ca7d7a28ebb47a753bc350"
"GDT-0847","Salto na Caixa","salto-na-caixa","Crossfit","gifs/crossfit/salto-na-caixa.gif","https://www.gifdotreino.com/Exercicios/Crossfit/Salto%20na%20Caixa.gif","catalog-api","2518227","8f88cec2096f74c4ec4cb0b4d75a35bbf75563426e0d822c98d8b3cdc8e4e6ec"
"GDT-0848","Salto na Caixa para Agachamento Pistola","salto-na-caixa-para-agachamento-pistola","Calistenia","gifs/calistenia/salto-na-caixa-para-agachamento-pistola.gif","https://www.gifdotreino.com/Exercicios/Calistenia/Salto%20na%20Caixa%20para%20Agachamento%20Pistola.gif","catalog-api","3680359","4c96d34438150cca7194bf0ec31550ca728481fb0b9b206fa754cff2cc753480"
"GDT-0844","Salto para Caixa 2 para 1","salto-para-caixa-2-para-1","Calistenia","gifs/calistenia/salto-para-caixa-2-para-1.gif","https://www.gifdotreino.com/Exercicios/Calistenia/Salto%20para%20Caixa%202%20para%201.gif","catalog-api","3559486","b1f2c8beab660a04dfa76b5207ce270badbe116ec7f9a61d288519c957aa30bb"
"GDT-0845","Salto para Trás","salto-para-tras","Funcional e HIT","gifs/funcional-e-hit/salto-para-tras.gif","https://www.gifdotreino.com/Exercicios/Funcional%20e%20HIT/Salto%20para%20Tr%C3%A1s.gif","catalog-api","3326800","a62c3447813ba7c3b0fb9e0df922a9bcde2158c0a205154c5684a1c298948f26"
"GDT-0850","Saltos com Joelhos Altos","saltos-com-joelhos-altos","Funcional e HIT","gifs/funcional-e-hit/saltos-com-joelhos-altos.gif","https://www.gifdotreino.com/Exercicios/Funcional%20e%20HIT/Saltos%20com%20Joelhos%20Altos.gif","catalog-api","2544697","dbe4b814820ed93cbf2edf3848bc126538106abdd37fe58cb826c34cd349db90"
"GDT-0852","Saltos de afastamento","saltos-de-afastamento","Funcional e HIT","gifs/funcional-e-hit/saltos-de-afastamento.gif","https://www.gifdotreino.com/Exercicios/Funcional%20e%20HIT/Saltos%20de%20afastamento.gif","catalog-api","2331649","2a8d176a026434c3b5c8ddcaf0495237e8bcb4fab76a95b5ff0c40a5f09de940"
"GDT-0854","Saltos em tesoura","saltos-em-tesoura","Funcional e HIT","gifs/funcional-e-hit/saltos-em-tesoura.gif","https://www.gifdotreino.com/Exercicios/Funcional%20e%20HIT/Saltos%20em%20tesoura.gif","catalog-api","2318913","f133f97fc367c7b6743298a7b65049499531fd45bf64fdcb497d685d0d885768"
"GDT-0846","Saltos Pliométricos em Zigue-Zague","saltos-pliometricos-em-zigue-zague","Funcional e HIT","gifs/funcional-e-hit/saltos-pliometricos-em-zigue-zague.gif","https://www.gifdotreino.com/Exercicios/Funcional%20e%20HIT/Saltos%20Pliom%C3%A9tricos%20em%20Zigue-Zague.gif","catalog-api","4552374","b0b7a875ad6652b6ff7595b788c1769cd630a027b42cc9c73bc0f13b92fb9320"
"GDT-0849","Saltos Potentes","saltos-potentes","Funcional e HIT","gifs/funcional-e-hit/saltos-potentes.gif","https://www.gifdotreino.com/Exercicios/Funcional%20e%20HIT/Saltos%20Potentes.gif","catalog-api","2617112","3f0a415a4e9828e08871a1a6fd88692df6fcf922b01e41c0516d86e22109cf1c"
"GDT-0853","Serrote","serrote","Costas","gifs/costas/serrote.gif","https://www.gifdotreino.com/Exercicios/Costas/Serrote.gif","catalog-api","3526883","58314ba311a2e898727c668002e13bdd910414d300cc47d64b20b991737eeb7e"
"GDT-0857","Snap Jumps","snap-jumps","Funcional e HIT","gifs/funcional-e-hit/snap-jumps.gif","https://www.gifdotreino.com/Exercicios/Funcional%20e%20HIT/Snap%20Jumps.gif","catalog-api","815798","eddad0e20b02c66f70f506afa6b6b0dc66bfd3a6f3b310949cd37787cffb97a1"
"GDT-0855","Soco direto de direita","soco-direto-de-direita","Funcional e HIT","gifs/funcional-e-hit/soco-direto-de-direita.gif","https://www.gifdotreino.com/Exercicios/Funcional%20e%20HIT/Soco%20direto%20de%20direita.gif","catalog-api","2917325","f09679bc4e2443430734210c6347416d1ee8db5c66f5dda09ab16601f04a049c"
"GDT-0856","Socos","socos","Funcional e HIT","gifs/funcional-e-hit/socos.gif","https://www.gifdotreino.com/Exercicios/Funcional%20e%20HIT/Socos.gif","catalog-api","2144583","c33c8c8ffd956d844aec76da14aed626159a5923a7f8ed0d9a965b917701bb99"
"GDT-0858","Step com elástico","step-com-elastico","Funcional e HIT","gifs/funcional-e-hit/step-com-elastico.gif","https://www.gifdotreino.com/Exercicios/Funcional%20e%20HIT/Step%20com%20el%C3%A1stico.gif","catalog-api","2136777","dad9926e938ca05b56cfe5a7a6bbc56214ff33883739604602f137ab0eb6eaaa"
"GDT-0963","Stiff com barra","stiff-com-barra","Pernas","gifs/pernas/peso-muerto-piernas-rigidas-con-barra.gif","https://www.gifdotreino.com/Exercicios/Pernas/Stiff%20com%20barra.gif","catalog-api-duplicate","3085329","26d25c8752a2ad53085cb6079b663873e7f2533aab1414b970a692efdf9b2fd0"
"GDT-0864","Stiff com Elástico de Resistência","stiff-com-elastico-de-resistencia","Funcional e HIT","gifs/funcional-e-hit/stiff-com-elastico-de-resistencia.gif","https://www.gifdotreino.com/Exercicios/Funcional%20e%20HIT/Stiff%20com%20El%C3%A1stico%20de%20Resist%C3%AAncia.gif","catalog-api","2082878","71966d49b0618b868e2d563e52f723fe8a435c6fbecb028e40199c0b173ce415"
"GDT-0859","Stiff com Halter","stiff-com-halter","Pernas","gifs/pernas/stiff-com-halter.gif","https://www.gifdotreino.com/Exercicios/Pernas/Stiff%20com%20Halter.gif","catalog-api","2518354","23be229cfca69e28183164074e5ca56a04dba6935224ed77af4ee861973d9268"
"GDT-0861","Stiff Unilateral com Barra","stiff-unilateral-com-barra","Pernas","gifs/pernas/stiff-unilateral-com-barra.gif","https://www.gifdotreino.com/Exercicios/Pernas/Stiff%20Unilateral%20com%20Barra.gif","catalog-api","3176684","f124799a1fe9e73309d2937ed0e337abfd8d64b81321780e9fa1a2d3c537da09"
"GDT-0860","Stiff Unilateral com Halteres","stiff-unilateral-com-halteres","Pernas","gifs/pernas/stiff-unilateral-com-halteres.gif","https://www.gifdotreino.com/Exercicios/Pernas/Stiff%20Unilateral%20com%20Halteres.gif","catalog-api","3024130","6d2d9d1fd866fb79b58e95fa6644f7abf8e427825b34d0e7e0cf819f3050c098"
"GDT-0868","Subida na Corda sem Pernas","subida-na-corda-sem-pernas","Crossfit","gifs/crossfit/subida-na-corda-sem-pernas.gif","https://www.gifdotreino.com/Exercicios/Crossfit/Subida%20na%20Corda%20sem%20Pernas.gif","catalog-api","1398131","2377a101316be2c60196e84edaa4f79b3bc079286f2d4e9ffce7c327e077138e"
"GDT-0863","Subida no Step com Elevação de Joelhos","subida-no-step-com-elevacao-de-joelhos","Funcional e HIT","gifs/funcional-e-hit/subida-no-step-com-elevacao-de-joelhos.gif","https://www.gifdotreino.com/Exercicios/Funcional%20e%20HIT/Subida%20no%20Step%20com%20Eleva%C3%A7%C3%A3o%20de%20Joelhos.gif","catalog-api","1888983","a4976dd3ab9e1abfa387addf81fefe9b568a9e256195f5b6395312ce268b591c"
"GDT-0862","Superman","superman","Eretor Lombar","gifs/eretor-lombar/superman.gif","https://www.gifdotreino.com/Exercicios/Eretor%20Lombar/Superman.gif","catalog-api","1394866","39a93c08768b79440bf6ce8e5588c1580f5b84101e5595727382b9349c6520c1"
"GDT-0865","Supino Alternado com Halteres","supino-alternado-com-halteres","Peitoral","gifs/peitoral/supino-alternado-com-halteres.gif","https://www.gifdotreino.com/Exercicios/Peitoral/Supino%20Alternado%20com%20Halteres.gif","catalog-api","3105569","75e4ffe8a71a2af7e210ba2df6e9519888c83d6945885580e161e02e6cdb3f31"
"GDT-0878","Supino com Alavanca","supino-com-alavanca","Peitoral","gifs/peitoral/supino-com-alavanca.gif","https://www.gifdotreino.com/Exercicios/Peitoral/Supino%20com%20Alavanca.gif","catalog-api","3276208","0cff3ce253e95e71058361bcaad03ec1228df100b3a90b62701c2e7facd08019"
"GDT-0881","Supino com banco inclinado no Smith","supino-com-banco-inclinado-no-smith","Peitoral","gifs/peitoral/supino-com-banco-inclinado-no-smith.gif","https://www.gifdotreino.com/Exercicios/Peitoral/Supino%20com%20banco%20inclinado%20no%20Smith.gif","catalog-api","3596486","0dbb5844a11e32d008a19964c41d0535ec21840f1cd79cbd486661149dbea3d4"
"GDT-0882","Supino com barra declinado","supino-com-barra-declinado","Peitoral","gifs/peitoral/supino-com-barra-declinado.gif","https://www.gifdotreino.com/Exercicios/Peitoral/Supino%20com%20barra%20declinado.gif","catalog-api","3613471","4e98050e1d4ebbb5e9885e2684a3f517132e9d7610ff36ca736f0962285baa50"
"GDT-0885","Supino com barra no chão","supino-com-barra-no-chao","Peitoral","gifs/peitoral/supino-com-barra-no-chao.gif","https://www.gifdotreino.com/Exercicios/Peitoral/Supino%20com%20barra%20no%20ch%C3%A3o.gif","catalog-api","2422867","32a612daf6e84195a1582c9f94eca27cd42225f3d94a14124ec47a2066c9f60b"
"GDT-0886","Supino com cabo sentado","supino-com-cabo-sentado","Peitoral","gifs/peitoral/supino-com-cabo-sentado.gif","https://www.gifdotreino.com/Exercicios/Peitoral/Supino%20com%20cabo%20sentado.gif","catalog-api","3543692","73c7fb42f7dc66d7b8f15a1e91fb2ce604d83b40e5bb6894cdf59586c502d6a9"
"GDT-0887","Supino com haltere pegada fechada","supino-com-haltere-pegada-fechada","Peitoral","gifs/peitoral/supino-com-haltere-pegada-fechada.gif","https://www.gifdotreino.com/Exercicios/Peitoral/Supino%20com%20haltere%20pegada%20fechada.gif","catalog-api","3880184","0919187fe393faff3cd02693519396f6ea83e6e3050442938657113be6c8d1f5"
"GDT-0884","Supino com Halteres","supino-com-halteres","Peitoral","gifs/peitoral/supino-com-halteres.gif","https://www.gifdotreino.com/Exercicios/Peitoral/Supino%20com%20Halteres.gif","catalog-api","3476083","055f4e4d752e240e0dfde69d72fdfe56dad38eaa5eb6598ef2b72e9d91d089f4"
"GDT-0889","Supino com halteres com pegada fechada","supino-com-halteres-com-pegada-fechada","Peitoral","gifs/peitoral/supino-com-halteres-com-pegada-fechada.gif","https://www.gifdotreino.com/Exercicios/Peitoral/Supino%20com%20halteres%20com%20pegada%20fechada.gif","catalog-api","2731630","a55ad93c238564a6bbd3b84180eff26c6581a8e8591e6774c94d0ca04ff49699"
"GDT-0879","Supino com Halteres Pegada Invertida","supino-com-halteres-pegada-invertida","Peitoral","gifs/peitoral/supino-com-halteres-pegada-invertida.gif","https://www.gifdotreino.com/Exercicios/Peitoral/Supino%20com%20Halteres%20Pegada%20Invertida.gif","catalog-api","3248369","ccfccc863fffd878518785f4fb6957917346b1d838fb1c626359ea6669335a2e"
"GDT-0888","Supino com kettlebell de um braço","supino-com-kettlebell-de-um-braco","Peitoral","gifs/peitoral/supino-com-kettlebell-de-um-braco.gif","https://www.gifdotreino.com/Exercicios/Peitoral/Supino%20com%20kettlebell%20de%20um%20bra%C3%A7o.gif","catalog-api","2718820","194973c7f0647c40c02f3ee11fbdcf7f28463180199ec976f0347683203da44c"
"GDT-0890","Supino com kettlebell no chão","supino-com-kettlebell-no-chao","Peitoral","gifs/peitoral/supino-com-kettlebell-no-chao.gif","https://www.gifdotreino.com/Exercicios/Peitoral/Supino%20com%20kettlebell%20no%20ch%C3%A3o.gif","catalog-api","3231096","7bd0cc8c896a7a720daea57b5a52a230ab57fe7ebf081ff86713f9fa3fb41b9d"
"GDT-0895","Supino com pegada aberta","supino-com-pegada-aberta","Peitoral","gifs/peitoral/supino-com-pegada-aberta.gif","https://www.gifdotreino.com/Exercicios/Peitoral/Supino%20com%20pegada%20aberta.gif","catalog-api","3310120","0ed962a6b8c4bef587a9625952e5c3f539779c51802e583bf0825ade359b7077"
"GDT-0891","Supino com pegada fechada","supino-com-pegada-fechada","Peitoral","gifs/peitoral/supino-com-pegada-fechada.gif","https://www.gifdotreino.com/Exercicios/Peitoral/Supino%20com%20pegada%20fechada.gif","catalog-api","3115355","a3730af19a1ef689cd0ab67f60f7b138fc96704f07e7e61a344e05f3a28d8eee"
"GDT-0880","Supino com Pegada Fechada Sentado com Cabo","supino-com-pegada-fechada-sentado-com-cabo","Peitoral","gifs/peitoral/supino-com-pegada-fechada-sentado-com-cabo.gif","https://www.gifdotreino.com/Exercicios/Peitoral/Supino%20com%20Pegada%20Fechada%20Sentado%20com%20Cabo.gif","catalog-api","3434251","e9b93df97c635ca41b83acda5d6eb0fd945a8a2bb96b414c2bd70dbca5a38d76"
"GDT-0897","Supino declinada com alavanca","supino-declinada-com-alavanca","Peitoral","gifs/peitoral/supino-declinada-com-alavanca.gif","https://www.gifdotreino.com/Exercicios/Peitoral/Supino%20declinada%20com%20alavanca.gif","catalog-api","5123897","af6f3b1c3776947ca7c923aa07a3f264ba12728c160592155aa8122e930ae6b2"
"GDT-0892","Supino declinada na máquina","supino-declinada-na-maquina","Peitoral","gifs/peitoral/supino-declinada-na-maquina.gif","https://www.gifdotreino.com/Exercicios/Peitoral/Supino%20declinada%20na%20m%C3%A1quina.gif","catalog-api","4465235","3c76c0b2daec84593316428091d48725c1a5686c6c9bde53b65acbcde4055784"
"GDT-0912","Supino Declinado com Halteres","supino-declinado-com-halteres","Peitoral","gifs/peitoral/supino-declinado-com-halteres.gif","https://www.gifdotreino.com/Exercicios/Peitoral/Supino%20Declinado%20com%20Halteres.gif","catalog-api","2751486","d9e0294f2e925468ffa55d2e39cf02ec8140ff35590c2912caa387711a70eb19"
"GDT-0893","Supino declinado na máquina Smith","supino-declinado-na-maquina-smith","Peitoral","gifs/peitoral/supino-declinado-na-maquina-smith.gif","https://www.gifdotreino.com/Exercicios/Peitoral/Supino%20declinado%20na%20m%C3%A1quina%20Smith.gif","catalog-api","2450940","7946fbb5033fa76a74463a809c50456d76ee285c20702cb2f81ea06818407ab5"
"GDT-0894","Supino declinado pegada martelo","supino-declinado-pegada-martelo","Peitoral","gifs/peitoral/supino-declinado-pegada-martelo.gif","https://www.gifdotreino.com/Exercicios/Peitoral/Supino%20declinado%20pegada%20martelo.gif","catalog-api","2728062","cc7040a9257a4d6b2ccb61ca052096e8c3da93ea322c41dc53a31254ead42a0d"
"GDT-0870","Supino Declinado Unilateral Pegada Martelo com Haltere","supino-declinado-unilateral-pegada-martelo-com-haltere","Peitoral","gifs/peitoral/supino-declinado-unilateral-pegada-martelo-com-haltere.gif","https://www.gifdotreino.com/Exercicios/Peitoral/Supino%20Declinado%20Unilateral%20Pegada%20Martelo%20com%20Haltere.gif","catalog-api","2504852","e88d0351be03f8db0b8f76fbf636c44613db7b289f310e71f697585043378a18"
"GDT-0896","Supino em Pé com Faixa Elástica","supino-em-pe-com-faixa-elastica","Funcional e HIT","gifs/funcional-e-hit/supino-em-pe-com-faixa-elastica.gif","https://www.gifdotreino.com/Exercicios/Funcional%20e%20HIT/Supino%20em%20P%C3%A9%20com%20Faixa%20El%C3%A1stica.gif","catalog-api","1859156","37047e359852a79a035d8fb10d14db022eb2256d4349e1537aae8dae828ef017"
"GDT-0866","Supino Fechado","supino-fechado","Tríceps","gifs/triceps/supino-fechado.gif","https://www.gifdotreino.com/Exercicios/Tr%C3%ADceps/Supino%20Fechado.gif","catalog-api","5914512","996582bbdf91f998033b3250e152c7131b1d653e5a50978330ccc9622c5dd328"
"GDT-0898","Supino inclinado com barra","supino-inclinado-com-barra","Peitoral","gifs/peitoral/supino-inclinado-com-barra.gif","https://www.gifdotreino.com/Exercicios/Peitoral/Supino%20inclinado%20com%20barra.gif","catalog-api","3130897","1ed62f6c35015caf81dd3f79bb90bfeb6a8d4046b4a10ca6751cd28d63f28944"
"GDT-0899","Supino inclinado com cabo","supino-inclinado-com-cabo","Peitoral","gifs/peitoral/supino-inclinado-com-cabo.gif","https://www.gifdotreino.com/Exercicios/Peitoral/Supino%20inclinado%20com%20cabo.gif","catalog-api","2683175","7160d293d02ca409a227360ad3c6b26d4357bce772002202605c58bff39d851e"
"GDT-0867","Supino Inclinado com Halteres","supino-inclinado-com-halteres","Peitoral","gifs/peitoral/supino-inclinado-com-halteres.gif","https://www.gifdotreino.com/Exercicios/Peitoral/Supino%20Inclinado%20com%20Halteres.gif","catalog-api","2467570","775b3922d02c6a0046dfd99462679e0166b4b66a9c907bc528124ef78ff8dd7a"
"GDT-0900","Supino inclinado com halteres e pegada fechada","supino-inclinado-com-halteres-e-pegada-fechada","Peitoral","gifs/peitoral/supino-inclinado-com-halteres-e-pegada-fechada.gif","https://www.gifdotreino.com/Exercicios/Peitoral/Supino%20inclinado%20com%20halteres%20e%20pegada%20fechada.gif","catalog-api","2426739","7a057d0fb0a5bf3f1e875fbef83a4ba52078cfe9a1c20c574649c52de61a0ea0"
"GDT-0869","Supino Inclinado com Halteres e Pegada Invertida","supino-inclinado-com-halteres-e-pegada-invertida","Peitoral","gifs/peitoral/supino-inclinado-com-halteres-e-pegada-invertida.gif","https://www.gifdotreino.com/Exercicios/Peitoral/Supino%20Inclinado%20com%20Halteres%20e%20Pegada%20Invertida.gif","catalog-api","2622742","7d17a1483f73cf46e4e490a92c598fefc273681dabb3a914bc79dece8af4856b"
"GDT-0871","Supino Inclinado com Halteres em Martelo","supino-inclinado-com-halteres-em-martelo","Peitoral","gifs/peitoral/supino-inclinado-com-halteres-em-martelo.gif","https://www.gifdotreino.com/Exercicios/Peitoral/Supino%20Inclinado%20com%20Halteres%20em%20Martelo.gif","catalog-api","2430636","95ad3ed8eeeb43396b1c73fbdef044e69caf4476995c36ea0fecc341a743e0d3"
"GDT-0909","Supino inclinado com pegada fechada","supino-inclinado-com-pegada-fechada","Peitoral","gifs/peitoral/supino-inclinado-com-pegada-fechada.gif","https://www.gifdotreino.com/Exercicios/Peitoral/Supino%20inclinado%20com%20pegada%20fechada.gif","catalog-api","3316987","64ce69f68c8038161e918542cdb78dfc4dddd23e15b6bcf255975216cb2ca50f"
"GDT-0873","Supino Inclinado na Alavanca","supino-inclinado-na-alavanca","Peitoral","gifs/peitoral/supino-inclinado-na-alavanca.gif","https://www.gifdotreino.com/Exercicios/Peitoral/Supino%20Inclinado%20na%20Alavanca.gif","catalog-api","4263938","18aa0f4f546062c414fd4489c3a0c90a362a5624cc017379cbec7ff2c7d90b64"
"GDT-0902","Supino inclinado na máquina","supino-inclinado-na-maquina","Peitoral","gifs/peitoral/supino-inclinado-na-maquina.gif","https://www.gifdotreino.com/Exercicios/Peitoral/Supino%20inclinado%20na%20m%C3%A1quina.gif","catalog-api","4059485","a3342a43875a5444e415dbb1a13a64721b08ccd5bd45936c6a96dbc7b24ac55b"
"GDT-0872","Supino Inclinado na Máquina com Pegada Martelo","supino-inclinado-na-maquina-com-pegada-martelo","Peitoral","gifs/peitoral/supino-inclinado-na-maquina-com-pegada-martelo.gif","https://www.gifdotreino.com/Exercicios/Peitoral/Supino%20Inclinado%20na%20M%C3%A1quina%20com%20Pegada%20Martelo.gif","catalog-api","3864604","eade2ae6f25558dca6a2908c26dbcef79d3d8cb11fae404f0c7032e700325aad"
"GDT-0901","Supino invertido com pegada aberta","supino-invertido-com-pegada-aberta","Peitoral","gifs/peitoral/supino-invertido-com-pegada-aberta.gif","https://www.gifdotreino.com/Exercicios/Peitoral/Supino%20invertido%20com%20pegada%20aberta.gif","catalog-api","3178036","333f14043f7309e7fac0df183adcf191bf8eb964dae7900672a43809dfbcb131"
"GDT-0874","Supino Invertido com Pegada Fechada","supino-invertido-com-pegada-fechada","Tríceps","gifs/triceps/supino-invertido-com-pegada-fechada.gif","https://www.gifdotreino.com/Exercicios/Tr%C3%ADceps/Supino%20Invertido%20com%20Pegada%20Fechada.gif","catalog-api","3683821","9a148e337b3cb764300f0ec0bddda33af01ac30ca94404ba71bdf153dc8d84f6"
"GDT-0903","Supino na máquina","supino-na-maquina","Peitoral","gifs/peitoral/supino-na-maquina.gif","https://www.gifdotreino.com/Exercicios/Peitoral/Supino%20na%20m%C3%A1quina.gif","catalog-api","3876665","4aa983e5e4fd55440ba78e18ce809979e4e060c30bb56b04989aa3eb60b9563a"
"GDT-0907","Supino na Máquina para Miolo do Peitoral","supino-na-maquina-para-miolo-do-peitoral","Peitoral","gifs/peitoral/supino-na-maquina-para-miolo-do-peitoral.gif","https://www.gifdotreino.com/Exercicios/Peitoral/Supino%20na%20M%C3%A1quina%20para%20Miolo%20do%20Peitoral.gif","catalog-api","4540333","a9b051423f31ae291ce09b8fb304251b72bc18a2df1653302aa70aa164777829"
"GDT-0904","Supino na máquina Smith","supino-na-maquina-smith","Peitoral","gifs/peitoral/supino-na-maquina-smith.gif","https://www.gifdotreino.com/Exercicios/Peitoral/Supino%20na%20m%C3%A1quina%20Smith.gif","catalog-api","3451145","11f2d657cb82ad58dae1ea32c491d4293b9f76fcb6edac1d2ab5f949c482d3ea"
"GDT-0905","Supino no banco inclinado 30 graus com pegada invertida","supino-no-banco-inclinado-30-graus-com-pegada-invertida","Peitoral","gifs/peitoral/supino-no-banco-inclinado-30-graus-com-pegada-invertida.gif","https://www.gifdotreino.com/Exercicios/Peitoral/Supino%20no%20banco%20inclinado%2030%20graus%20com%20pegada%20invertida.gif","catalog-api","3393768","bddce8fcfa2946e592b4b61f9c49444ff436953ac5a9db18426f24e19f5a1558"
"GDT-0906","Supino no smith com o triângulo","supino-no-smith-com-o-triangulo","Peitoral","gifs/peitoral/supino-no-smith-com-o-triangulo.gif","https://www.gifdotreino.com/Exercicios/Peitoral/Supino%20no%20smith%20com%20o%20tri%C3%A2ngulo.gif","catalog-api","3134153","7d8568ea7b4750c575dc5e1850bd50f1f9b4185b0871996cd2a41e304826a5d6"
"GDT-0908","Supino pegada martelo","supino-pegada-martelo","Peitoral","gifs/peitoral/supino-pegada-martelo.gif","https://www.gifdotreino.com/Exercicios/Peitoral/Supino%20pegada%20martelo.gif","catalog-api","4045339","15ace4e5617a3aaf79443ca83aa7e5cc3c18e56f7e1f32557c316bec8c8096f5"
"GDT-0875","Supino Reto","supino-reto","Peitoral","gifs/peitoral/supino-reto.gif","https://www.gifdotreino.com/Exercicios/Peitoral/Supino%20Reto.gif","catalog-api","3784001","43eb1f012bf256176d4985c42327ef9b320539a75004fb761ff634a34ebace00"
"GDT-0916","Supino reto em pé no cross over","supino-reto-em-pe-no-cross-over","Peitoral","gifs/peitoral/supino-reto-em-pe-no-cross-over.gif","https://www.gifdotreino.com/Exercicios/Peitoral/Supino%20reto%20em%20p%C3%A9%20no%20cross%20over.gif","catalog-api","1939166","4049533d6dc280106dc935edd76d1015544fa774d1b32c4406ecc5856feb680d"
"GDT-0876","Supino Reto na Máquina","supino-reto-na-maquina","Peitoral","gifs/peitoral/supino-reto-na-maquina.gif","https://www.gifdotreino.com/Exercicios/Peitoral/Supino%20Reto%20na%20M%C3%A1quina.gif","catalog-api","4021131","c37f31706f2d0960c6869df0ad3f65f9f5669557727faac66674620f38a15914"
"GDT-0911","Supino unilateral com Alavanca","supino-unilateral-com-alavanca","Peitoral","gifs/peitoral/supino-unilateral-com-alavanca.gif","https://www.gifdotreino.com/Exercicios/Peitoral/Supino%20unilateral%20com%20Alavanca.gif","catalog-api","3403724","e7e4dff684aaa4823e7909653f711a2d9447a95beb9d5901298a277744861554"
"GDT-0877","Supino Unilateral com Halteres com Pegada Reversa","supino-unilateral-com-halteres-com-pegada-reversa","Peitoral","gifs/peitoral/supino-unilateral-com-halteres-com-pegada-reversa.gif","https://www.gifdotreino.com/Exercicios/Peitoral/Supino%20Unilateral%20com%20Halteres%20com%20Pegada%20Reversa.gif","catalog-api","2674826","19fcfc5e00f2211dff842eea8d5ddeabadb83ba59c081fe43e56dc61876948fd"
"GDT-0883","Supino Unilateral no Cabo","supino-unilateral-no-cabo","Peitoral","gifs/peitoral/supino-unilateral-no-cabo.gif","https://www.gifdotreino.com/Exercicios/Peitoral/Supino%20Unilateral%20no%20Cabo.gif","catalog-api","3404482","515dab58739ca4100ba66c389c65b1bb1d197a5252b265ed1d003fbc6e4962f6"
"GDT-0910","Suspensão Passiva","suspensao-passiva","Calistenia","gifs/calistenia/suspensao-passiva.gif","https://www.gifdotreino.com/Exercicios/Calistenia/Suspens%C3%A3o%20Passiva.gif","catalog-api","89094","3ed2f1a43d2cd3b0eef8a1fc170dfa22aca9259e4d5131e013f2bda32749b76b"
"GDT-0913","Swimming","swimming","Funcional e HIT","gifs/funcional-e-hit/swimming.gif","https://www.gifdotreino.com/Exercicios/Funcional%20e%20HIT/Swimming.gif","catalog-api","1582912","3e4bea913d6ac9f0f0619204781ca1222ac45a4c2a7acc1aa55a97a699ecdf3a"
"GDT-0914","Swing 360","swing-360","Calistenia","gifs/calistenia/swing-360.gif","https://www.gifdotreino.com/Exercicios/Calistenia/Swing%20360.gif","catalog-api","1539327","26482b261ba7fc06232e6de40586ca8bfacd0dbf4ef4f158f5933bcd1cc2d57f"
"GDT-0919","Swing de kettlebell","swing-de-kettlebell","Crossfit","gifs/crossfit/swing-de-kettlebell.gif","https://www.gifdotreino.com/Exercicios/Crossfit/Swing%20de%20kettlebell.gif","catalog-api","2866691","984bc8025e6bad3d1f5fc7afc74db5ca33d3e9c142f2266eb19649a40e37aec6"
"GDT-0915","Swing de kettlebell de um braço","swing-de-kettlebell-de-um-braco","Crossfit","gifs/crossfit/swing-de-kettlebell-de-um-braco.gif","https://www.gifdotreino.com/Exercicios/Crossfit/Swing%20de%20kettlebell%20de%20um%20bra%C3%A7o.gif","catalog-api","2085815","940c9bbec068c2294d92fba3137a2c12bf5b1c57c7de74d5500c68ee99c73416"
"GDT-0917","Tesoura de Braços","tesoura-de-bracos","Funcional e HIT","gifs/funcional-e-hit/tesoura-de-bracos.gif","https://www.gifdotreino.com/Exercicios/Funcional%20e%20HIT/Tesoura%20de%20Bra%C3%A7os.gif","catalog-api","2061917","52091a992cd4dc1eeef5077be1d618ab886dda0de3b50456ab8190ab3074db6f"
"GDT-0918","Toque Lateral dos Dedos dos Pés em Pé","toque-lateral-dos-dedos-dos-pes-em-pe","Mobilidade","gifs/mobilidade/toque-lateral-dos-dedos-dos-pes-em-pe.gif","https://www.gifdotreino.com/Exercicios/Mobilidade/Toque%20Lateral%20dos%20Dedos%20dos%20P%C3%A9s%20em%20P%C3%A9.gif","catalog-api","1659626","d510d24562d808c711660d61d1f597284b678aab6036e9138bec7d8d9e38773a"
"GDT-0924","Toque nos Dedos dos Pés em Pé","toque-nos-dedos-dos-pes-em-pe","Mobilidade","gifs/mobilidade/toque-nos-dedos-dos-pes-em-pe.gif","https://www.gifdotreino.com/Exercicios/Mobilidade/Toque%20nos%20Dedos%20dos%20P%C3%A9s%20em%20P%C3%A9.gif","catalog-api","2080451","085e7c71e9ac5110ca0291622364963e35708230c67ec168f136596345c2a6ee"
"GDT-0920","Toque nos Dedos dos Pés Sentado","toque-nos-dedos-dos-pes-sentado","Mobilidade","gifs/mobilidade/toque-nos-dedos-dos-pes-sentado.gif","https://www.gifdotreino.com/Exercicios/Mobilidade/Toque%20nos%20Dedos%20dos%20P%C3%A9s%20Sentado.gif","catalog-api","3748892","837bfe23a75d52f39994b33beaee603f71c55006f1a4868f12a9745fae89c6e3"
"GDT-0925","Toques de Dedos em Pé","toques-de-dedos-em-pe","Mobilidade","gifs/mobilidade/toques-de-dedos-em-pe.gif","https://www.gifdotreino.com/Exercicios/Mobilidade/Toques%20de%20Dedos%20em%20P%C3%A9.gif","catalog-api","1805655","9ae9349684f8abc21b9d12cff4ee5d48c70a32abed3aaeb7e1bf2acd8551d9ef"
"GDT-0929","Torção Oblíqua Sentada","torcao-obliqua-sentada","Mobilidade","gifs/mobilidade/torcao-obliqua-sentada.gif","https://www.gifdotreino.com/Exercicios/Mobilidade/Tor%C3%A7%C3%A3o%20Obl%C3%ADqua%20Sentada.gif","catalog-api","2875591","c8ca6a53fcd1972a9e48ddda69415aa0345cfb747b0f9b0470c6db97f7040d56"
"GDT-0921","Torções do Cotovelo para o Joelho","torcoes-do-cotovelo-para-o-joelho","Funcional e HIT","gifs/funcional-e-hit/torcoes-do-cotovelo-para-o-joelho.gif","https://www.gifdotreino.com/Exercicios/Funcional%20e%20HIT/Tor%C3%A7%C3%B5es%20do%20Cotovelo%20para%20o%20Joelho.gif","catalog-api","2569837","406717a98963c46b8d6a638d738d49fe1a78f3ec3a949eeb468ebc68a908b6b9"
"GDT-0922","Tração lateral com elástico","tracao-lateral-com-elastico","Funcional e HIT","gifs/funcional-e-hit/tracao-lateral-com-elastico.gif","https://www.gifdotreino.com/Exercicios/Funcional%20e%20HIT/Tra%C3%A7%C3%A3o%20lateral%20com%20el%C3%A1stico.gif","catalog-api","2213333","9c95b064412b21450325c5f84871461b15615adbc1eb8e5644cd0f86b790a4a3"
"GDT-0923","Tríceps Coice com Cabo","triceps-coice-com-cabo","Tríceps","gifs/triceps/triceps-coice-com-cabo.gif","https://www.gifdotreino.com/Exercicios/Tr%C3%ADceps/Tr%C3%ADceps%20Coice%20com%20Cabo.gif","catalog-api","4249191","2b1ea85088e754390351317bea6771c1ce392d9b0b9d57eef1313c43029c9150"
"GDT-0926","Tríceps Coice com Halteres","triceps-coice-com-halteres","Tríceps","gifs/triceps/triceps-coice-com-halteres.gif","https://www.gifdotreino.com/Exercicios/Tr%C3%ADceps/Tr%C3%ADceps%20Coice%20com%20Halteres.gif","catalog-api","3213620","9263ca1596143a4c279a2eca246bc2a82c3b7c0d0b61c8a0131468bff0a8ca2d"
"GDT-0927","Tríceps Francês Alternada com Halteres no Banco Inclinado","triceps-frances-alternada-com-halteres-no-banco-inclinado","Tríceps","gifs/triceps/triceps-frances-alternada-com-halteres-no-banco-inclinado.gif","https://www.gifdotreino.com/Exercicios/Tr%C3%ADceps/Tr%C3%ADceps%20Franc%C3%AAs%20Alternada%20com%20Halteres%20no%20Banco%20Inclinado.gif","catalog-api","3016891","5941a6d4bfb7f0f48b9a83431a1b00ddc9bf8d9c8f88baac8bd0f1cf95916cf3"
"GDT-0940","Tríceps francês com barra W acima da cabeça sentado","triceps-frances-com-barra-w-acima-da-cabeca-sentado","Tríceps","gifs/triceps/triceps-frances-com-barra-w-acima-da-cabeca-sentado.gif","https://www.gifdotreino.com/Exercicios/Tr%C3%ADceps/Tr%C3%ADceps%20franc%C3%AAs%20com%20barra%20W%20acima%20da%20cabe%C3%A7a%20sentado.gif","catalog-api","2692704","606f7bfc93c4ec8ad591d21e7dc8a039f6b5aafc2268d9885a9ad81e7d18b976"
"GDT-0945","Tríceps Francês com Faixa Elástica Acima da Cabeça","triceps-frances-com-faixa-elastica-acima-da-cabeca","Funcional e HIT","gifs/funcional-e-hit/triceps-frances-com-faixa-elastica-acima-da-cabeca.gif","https://www.gifdotreino.com/Exercicios/Funcional%20e%20HIT/Tr%C3%ADceps%20Franc%C3%AAs%20com%20Faixa%20El%C3%A1stica%20Acima%20da%20Cabe%C3%A7a.gif","catalog-api","2171893","501696ada650009c61eb18236185d3c1f9880f04a86899de2330bc9dde72a5b2"
"GDT-0928","Tríceps Francês com Halter Bilateral","triceps-frances-com-halter-bilateral","Tríceps","gifs/triceps/triceps-frances-com-halter-bilateral.gif","https://www.gifdotreino.com/Exercicios/Tr%C3%ADceps/Tr%C3%ADceps%20Franc%C3%AAs%20com%20Halter%20Bilateral.gif","catalog-api","2188539","f0c951425f9fe376b54ad085df12d328b977a6c1a856c1845b4db322c1c8b187"
"GDT-0932","Tríceps Francês com Halteres","triceps-frances-com-halteres","Tríceps","gifs/triceps/triceps-frances-com-halteres.gif","https://www.gifdotreino.com/Exercicios/Tr%C3%ADceps/Tr%C3%ADceps%20Franc%C3%AAs%20com%20Halteres.gif","catalog-api","1619644","f657d65d40acf4a76bf35e21b265cdfe0248d020d02ab519885b5d548bd05fd1"
"GDT-0930","Tríceps Francês em Pé com Gymstick","triceps-frances-em-pe-com-gymstick","Funcional e HIT","gifs/funcional-e-hit/triceps-frances-em-pe-com-gymstick.gif","https://www.gifdotreino.com/Exercicios/Funcional%20e%20HIT/Tr%C3%ADceps%20Franc%C3%AAs%20em%20P%C3%A9%20com%20Gymstick.gif","catalog-api","1802149","e1ec80e2c7dc23a293db243dc811cc4d5c36c14864c4885aaec56ec776f39b3f"
"GDT-0944","Tríceps francês na polia com corda","triceps-frances-na-polia-com-corda","Tríceps","gifs/triceps/triceps-frances-na-polia-com-corda.gif","https://www.gifdotreino.com/Exercicios/Tr%C3%ADceps/Tr%C3%ADceps%20franc%C3%AAs%20na%20polia%20com%20corda.gif","catalog-api","2937206","4adf600fcaa42a9caafc22d5b44fc04648facda4d2a39e05e94a16feb540f39f"
"GDT-0936","Tríceps francês no banco inclinado com halter","triceps-frances-no-banco-inclinado-com-halter","Tríceps","gifs/triceps/triceps-frances-no-banco-inclinado-com-halter.gif","https://www.gifdotreino.com/Exercicios/Tr%C3%ADceps/Tr%C3%ADceps%20franc%C3%AAs%20no%20banco%20inclinado%20com%20halter.gif","catalog-api","2473599","790156a5741b9f6f303a6e43319202086ffb49cd8c2dcea9df01c0ce653be1a2"
"GDT-0937","Tríceps francês unilateral no cabo","triceps-frances-unilateral-no-cabo","Tríceps","gifs/triceps/triceps-frances-unilateral-no-cabo.gif","https://www.gifdotreino.com/Exercicios/Tr%C3%ADceps/Tr%C3%ADceps%20franc%C3%AAs%20unilateral%20no%20cabo.gif","catalog-api","1787597","ec2df8120dbf5a919a3768832f07657fe8b4d33e2f49cbe6525a6114815816ae"
"GDT-0938","Tríceps no Banco","triceps-no-banco","Tríceps","gifs/triceps/triceps-no-banco.gif","https://www.gifdotreino.com/Exercicios/Tr%C3%ADceps/Tr%C3%ADceps%20no%20Banco.gif","catalog-api","3063489","1c966b1f875e42d238e64e10fa759121acf400ef809f8f95c2a4b5f98b696884"
"GDT-0939","Tríceps no Banco(1)","triceps-no-banco-1","Tríceps","gifs/triceps/triceps-no-banco-1.gif","https://www.gifdotreino.com/Exercicios/Tr%C3%ADceps/Tr%C3%ADceps%20no%20Banco(1).gif","catalog-api","3018416","5ef6f345caddba4f510e53f6e29b998e3345cc284b2baf979766f20e4e376d8e"
"GDT-0941","Tríceps pulley barra","triceps-pulley-barra","Tríceps","gifs/triceps/triceps-pulley-barra.gif","https://www.gifdotreino.com/Exercicios/Tr%C3%ADceps/Tr%C3%ADceps%20pulley%20barra.gif","catalog-api","2890929","be6d30770329a7aa2c982e4db57d965b1797a6e701df8983590357d68ec8d6a4"
"GDT-0934","Tríceps Pulley barra V","triceps-pulley-barra-v","Tríceps","gifs/triceps/triceps-pulley-barra-v.gif","https://www.gifdotreino.com/Exercicios/Tr%C3%ADceps/Tr%C3%ADceps%20Pulley%20barra%20V.gif","catalog-api","2734291","509efa23108a0ce7d38ffce478f649b4a61a0f803ba1a51c8b7822b482009a28"
"GDT-0942","Tríceps pulley corda","triceps-pulley-corda","Tríceps","gifs/triceps/triceps-pulley-corda.gif","https://www.gifdotreino.com/Exercicios/Tr%C3%ADceps/Tr%C3%ADceps%20pulley%20corda.gif","catalog-api","3518172","741e9c236e4241224ae22d51040d989f39e18eaae6afed6ae013fc90f69b5684"
"GDT-0943","Tríceps pulley pegada invertida","triceps-pulley-pegada-invertida","Tríceps","gifs/triceps/triceps-pulley-pegada-invertida.gif","https://www.gifdotreino.com/Exercicios/Tr%C3%ADceps/Tr%C3%ADceps%20pulley%20pegada%20invertida.gif","catalog-api","3538328","3ef27b10074fb16f00c4fab890442d19b58aa57063a419ce49b96d19760827e3"
"GDT-0931","Tríceps Testa com Banco Declinado com Halteres","triceps-testa-com-banco-declinado-com-halteres","Tríceps","gifs/triceps/triceps-testa-com-banco-declinado-com-halteres.gif","https://www.gifdotreino.com/Exercicios/Tr%C3%ADceps/Tr%C3%ADceps%20Testa%20com%20Banco%20Declinado%20com%20Halteres.gif","catalog-api","3089228","c41d7156d0c5f4c817ff4663d380d3549334caca904e2704abb6da4c40825ba9"
"GDT-0946","Tríceps testa com barra","triceps-testa-com-barra","Tríceps","gifs/triceps/triceps-testa-com-barra.gif","https://www.gifdotreino.com/Exercicios/Tr%C3%ADceps/Tr%C3%ADceps%20testa%20com%20barra.gif","catalog-api","2876008","8294106828561d693aae4feb3d7e6a29aa1f8306c1de3868ed8d19b9b873889b"
"GDT-0933","Tríceps Testa com Barra Pegada Invertida","triceps-testa-com-barra-pegada-invertida","Tríceps","gifs/triceps/triceps-testa-com-barra-pegada-invertida.gif","https://www.gifdotreino.com/Exercicios/Tr%C3%ADceps/Tr%C3%ADceps%20Testa%20com%20Barra%20Pegada%20Invertida.gif","catalog-api","3214047","f798d27ea689a3033cfd1c27f19efc339872be2825858a9a0e9b0c3a8dc64b1e"
"GDT-0935","Tríceps Testa com Faixa Elástica","triceps-testa-com-faixa-elastica","Funcional e HIT","gifs/funcional-e-hit/triceps-testa-com-faixa-elastica.gif","https://www.gifdotreino.com/Exercicios/Funcional%20e%20HIT/Tr%C3%ADceps%20Testa%20com%20Faixa%20El%C3%A1stica.gif","catalog-api","2838800","4fdcea6b4931187c1c89a650d75be3dcdf8eb5c27f25dd2b22ac68113871485c"
"GDT-0947","Tríceps testa pegada neutra com halteres","triceps-testa-pegada-neutra-com-halteres","Tríceps","gifs/triceps/triceps-testa-pegada-neutra-com-halteres.gif","https://www.gifdotreino.com/Exercicios/Tr%C3%ADceps/Tr%C3%ADceps%20testa%20pegada%20neutra%20com%20halteres.gif","catalog-api","3336742","c5f844307dcceccd3f5bc25e708aea6ef6ac8031d82d0c44087a9841fbd09555"
"GDT-0949","V-Up com Bola de Estabilidade","v-up-com-bola-de-estabilidade","Funcional e HIT","gifs/funcional-e-hit/v-up-com-bola-de-estabilidade.gif","https://www.gifdotreino.com/Exercicios/Funcional%20e%20HIT/V-Up%20com%20Bola%20de%20Estabilidade.gif","catalog-api","2848133","d458a05303904c3f4aaabdfd36bba2cc10e2d29ff86d93d559940bfb280c81c4"
"GDT-0951","Virar Pneu","virar-pneu","Crossfit","gifs/crossfit/virar-pneu.gif","https://www.gifdotreino.com/Exercicios/Crossfit/Virar%20Pneu.gif","catalog-api","2513002","ec8dec9ad84893449fa7ae6ba216527070ad558073a520309e6daf4bd93c633c"
"GDT-0948","Voador com Halteres para Cima","voador-com-halteres-para-cima","Peitoral","gifs/peitoral/voador-com-halteres-para-cima.gif","https://www.gifdotreino.com/Exercicios/Peitoral/Voador%20com%20Halteres%20para%20Cima.gif","catalog-api","2269221","a1d194216f42dcf205e0ed8678de070f59720dd67fad3f984e7087615cd05092"
"GDT-0950","Voador de Deltoides Posterior com Cabo","voador-de-deltoides-posterior-com-cabo","Trapézio","gifs/trapezio/voador-de-deltoides-posterior-com-cabo.gif","https://www.gifdotreino.com/Exercicios/Trap%C3%A9zio/Voador%20de%20Deltoides%20Posterior%20com%20Cabo.gif","catalog-api","2196993","4198323c2e207f1d7f168fafdaadc10ea708da053b89d8c98b8de54c3a786a3a"
"GDT-0956","Voador invertido","voador-invertido","Ombros","gifs/ombros/voador-invertido.gif","https://www.gifdotreino.com/Exercicios/Ombros/Voador%20invertido.gif","catalog-api","4030665","6180d3c375573f569076781ba8176e88a516935a79e8d8a922af9df90b9288ae"
"GDT-0961","Voador na Máquina","voador-na-maquina","Peitoral","gifs/peitoral/voador-na-maquina.gif","https://www.gifdotreino.com/Exercicios/Peitoral/Voador%20na%20M%C3%A1quina.gif","catalog-api","3896437","1c4e21ab8c79e568cb5f3c5510e69d4bcdb1d2871d9ed4d7773d8807ed1aba4f"
"GDT-0952","Voador na Máquina para Deltoides Posteriores","voador-na-maquina-para-deltoides-posteriores","Trapézio","gifs/trapezio/voador-na-maquina-para-deltoides-posteriores.gif","https://www.gifdotreino.com/Exercicios/Trap%C3%A9zio/Voador%20na%20M%C3%A1quina%20para%20Deltoides%20Posteriores.gif","catalog-api","4161701","10311315e63844571902a9d8771c924bc812f4e5bb38627df58ff9749110935d"
"GDT-0960","Voador no pec deck","voador-no-pec-deck","Peitoral","gifs/peitoral/voador-no-pec-deck.gif","https://www.gifdotreino.com/Exercicios/Peitoral/Voador%20no%20pec%20deck.gif","catalog-api","3535692","f47943afa952b70139e8923fb9de976dd8058762065082848cb766d40027015f"
"GDT-0953","Voador para deltoides posterior com cabo","voador-para-deltoides-posterior-com-cabo","Ombros","gifs/ombros/voador-para-deltoides-posterior-com-cabo.gif","https://www.gifdotreino.com/Exercicios/Ombros/Voador%20para%20deltoides%20posterior%20com%20cabo.gif","catalog-api","2162667","ed94a169a539164d53dc630112c3b3d1dd71648a3026b2162763de8cd5b346cc"
"GDT-0954","Voador unilateral no Solo com Barra","voador-unilateral-no-solo-com-barra","Peitoral","gifs/peitoral/voador-unilateral-no-solo-com-barra.gif","https://www.gifdotreino.com/Exercicios/Peitoral/Voador%20unilateral%20no%20Solo%20com%20Barra.gif","catalog-api","1816844","1704d0edf09f858f12490ad7a2c77e84e9933c07dd4f95a4c463a37e847e0bd1"
"GDT-0955","Wall Sit","wall-sit","Funcional e HIT","gifs/funcional-e-hit/wall-sit.gif","https://www.gifdotreino.com/Exercicios/Funcional%20e%20HIT/Wall%20Sit.gif","catalog-api","84345","10a09fa7466577f5fbaac35659348e97b884d35b5d733c9eff700461e98f2c32"
"GDT-0957","Wall Sit com Inclinação de Tronco","wall-sit-com-inclinacao-de-tronco","Funcional e HIT","gifs/funcional-e-hit/wall-sit-com-inclinacao-de-tronco.gif","https://www.gifdotreino.com/Exercicios/Funcional%20e%20HIT/Wall%20Sit%20com%20Inclina%C3%A7%C3%A3o%20de%20Tronco.gif","catalog-api","3398015","1a35a3fe2f3b857ae0464ad22cd4958ba5ed49a185719a7d157ae4fcc99af38a"